week,sku,region,customer,qty_t
2024-10-07,EPX-200,NAM,Apex Coatings,61.0
2024-10-14,EPX-200,NAM,Apex Coatings,32.5
2024-10-21,EPX-200,NAM,Apex Coatings,23.7
2024-10-28,EPX-200,NAM,Apex Coatings,34.6
2024-11-04,EPX-200,NAM,Apex Coatings,35.0
2024-11-11,EPX-200,NAM,Apex Coatings,36.9
2024-11-18,EPX-200,NAM,Apex Coatings,31.1
2024-11-25,EPX-200,NAM,Apex Coatings,44.9
2024-12-02,EPX-200,NAM,Apex Coatings,44.3
2024-12-09,EPX-200,NAM,Apex Coatings,29.1
2024-12-16,EPX-200,NAM,Apex Coatings,47.6
2024-12-23,EPX-200,NAM,Apex Coatings,65.1
2024-12-30,EPX-200,NAM,Apex Coatings,43.0
2025-01-06,EPX-200,NAM,Apex Coatings,39.5
2025-01-13,EPX-200,NAM,Apex Coatings,42.0
2025-01-20,EPX-200,NAM,Apex Coatings,50.0
2025-01-27,EPX-200,NAM,Apex Coatings,30.5
2025-02-03,EPX-200,NAM,Apex Coatings,46.9
2025-02-10,EPX-200,NAM,Apex Coatings,40.9
2025-02-17,EPX-200,NAM,Apex Coatings,67.2
2025-02-24,EPX-200,NAM,Apex Coatings,42.5
2025-03-03,EPX-200,NAM,Apex Coatings,64.0
2025-03-10,EPX-200,NAM,Apex Coatings,34.5
2025-03-17,EPX-200,NAM,Apex Coatings,49.3
2025-03-24,EPX-200,NAM,Apex Coatings,45.7
2025-03-31,EPX-200,NAM,Apex Coatings,35.3
2025-04-07,EPX-200,NAM,Apex Coatings,43.7
2025-04-14,EPX-200,NAM,Apex Coatings,53.4
2025-04-21,EPX-200,NAM,Apex Coatings,37.2
2025-04-28,EPX-200,NAM,Apex Coatings,27.3
2025-05-05,EPX-200,NAM,Apex Coatings,38.8
2025-05-12,EPX-200,NAM,Apex Coatings,31.4
2025-05-19,EPX-200,NAM,Apex Coatings,34.9
2025-05-26,EPX-200,NAM,Apex Coatings,37.2
2025-06-02,EPX-200,NAM,Apex Coatings,25.3
2025-06-09,EPX-200,NAM,Apex Coatings,25.1
2025-06-16,EPX-200,NAM,Apex Coatings,38.5
2025-06-23,EPX-200,NAM,Apex Coatings,30.5
2025-06-30,EPX-200,NAM,Apex Coatings,19.4
2025-07-07,EPX-200,NAM,Apex Coatings,39.9
2025-07-14,EPX-200,NAM,Apex Coatings,34.8
2025-07-21,EPX-200,NAM,Apex Coatings,27.3
2025-07-28,EPX-200,NAM,Apex Coatings,23.9
2025-08-04,EPX-200,NAM,Apex Coatings,38.5
2025-08-11,EPX-200,NAM,Apex Coatings,34.9
2025-08-18,EPX-200,NAM,Apex Coatings,54.0
2025-08-25,EPX-200,NAM,Apex Coatings,35.2
2025-09-01,EPX-200,NAM,Apex Coatings,35.4
2025-09-08,EPX-200,NAM,Apex Coatings,31.6
2025-09-15,EPX-200,NAM,Apex Coatings,40.3
2025-09-22,EPX-200,NAM,Apex Coatings,39.2
2025-09-29,EPX-200,NAM,Apex Coatings,46.2
2025-10-06,EPX-200,NAM,Apex Coatings,32.0
2025-10-13,EPX-200,NAM,Apex Coatings,33.3
2025-10-20,EPX-200,NAM,Apex Coatings,34.0
2025-10-27,EPX-200,NAM,Apex Coatings,45.0
2025-11-03,EPX-200,NAM,Apex Coatings,53.5
2025-11-10,EPX-200,NAM,Apex Coatings,35.4
2025-11-17,EPX-200,NAM,Apex Coatings,36.0
2025-11-24,EPX-200,NAM,Apex Coatings,43.0
2025-12-01,EPX-200,NAM,Apex Coatings,39.6
2025-12-08,EPX-200,NAM,Apex Coatings,51.9
2025-12-15,EPX-200,NAM,Apex Coatings,26.5
2025-12-22,EPX-200,NAM,Apex Coatings,35.9
2025-12-29,EPX-200,NAM,Apex Coatings,36.6
2026-01-05,EPX-200,NAM,Apex Coatings,26.5
2026-01-12,EPX-200,NAM,Apex Coatings,36.2
2026-01-19,EPX-200,NAM,Apex Coatings,37.3
2026-01-26,EPX-200,NAM,Apex Coatings,44.3
2026-02-02,EPX-200,NAM,Apex Coatings,59.0
2026-02-09,EPX-200,NAM,Apex Coatings,43.6
2026-02-16,EPX-200,NAM,Apex Coatings,37.2
2026-02-23,EPX-200,NAM,Apex Coatings,45.7
2026-03-02,EPX-200,NAM,Apex Coatings,56.8
2026-03-09,EPX-200,NAM,Apex Coatings,35.6
2026-03-16,EPX-200,NAM,Apex Coatings,35.4
2026-03-23,EPX-200,NAM,Apex Coatings,48.6
2026-03-30,EPX-200,NAM,Apex Coatings,40.3
2026-04-06,EPX-200,NAM,Apex Coatings,48.6
2026-04-13,EPX-200,NAM,Apex Coatings,41.1
2026-04-20,EPX-200,NAM,Apex Coatings,47.4
2026-04-27,EPX-200,NAM,Apex Coatings,31.9
2026-05-04,EPX-200,NAM,Apex Coatings,39.1
2026-05-11,EPX-200,NAM,Apex Coatings,36.8
2026-05-18,EPX-200,NAM,Apex Coatings,28.5
2026-05-25,EPX-200,NAM,Apex Coatings,25.7
2026-06-01,EPX-200,NAM,Apex Coatings,41.1
2026-06-08,EPX-200,NAM,Apex Coatings,31.5
2026-06-15,EPX-200,NAM,Apex Coatings,26.7
2026-06-22,EPX-200,NAM,Apex Coatings,32.0
2026-06-29,EPX-200,NAM,Apex Coatings,41.1
2026-07-06,EPX-200,NAM,Apex Coatings,19.2
2026-07-13,EPX-200,NAM,Apex Coatings,22.6
2026-07-20,EPX-200,NAM,Apex Coatings,25.6
2026-07-27,EPX-200,NAM,Apex Coatings,42.8
2026-08-03,EPX-200,NAM,Apex Coatings,32.7
2026-08-10,EPX-200,NAM,Apex Coatings,36.1
2026-08-17,EPX-200,NAM,Apex Coatings,23.2
2026-08-24,EPX-200,NAM,Apex Coatings,23.0
2026-08-31,EPX-200,NAM,Apex Coatings,31.9
2026-09-07,EPX-200,NAM,Apex Coatings,29.1
2026-09-14,EPX-200,NAM,Apex Coatings,33.0
2026-09-21,EPX-200,NAM,Apex Coatings,28.2
2026-09-28,EPX-200,NAM,Apex Coatings,31.6
2024-10-07,EPX-200,NAM,Midwest Plastics,73.3
2024-10-14,EPX-200,NAM,Midwest Plastics,85.7
2024-10-21,EPX-200,NAM,Midwest Plastics,88.1
2024-10-28,EPX-200,NAM,Midwest Plastics,52.8
2024-11-04,EPX-200,NAM,Midwest Plastics,46.2
2024-11-11,EPX-200,NAM,Midwest Plastics,97.5
2024-11-18,EPX-200,NAM,Midwest Plastics,104.8
2024-11-25,EPX-200,NAM,Midwest Plastics,64.2
2024-12-02,EPX-200,NAM,Midwest Plastics,53.3
2024-12-09,EPX-200,NAM,Midwest Plastics,83.9
2024-12-16,EPX-200,NAM,Midwest Plastics,102.0
2024-12-23,EPX-200,NAM,Midwest Plastics,125.3
2024-12-30,EPX-200,NAM,Midwest Plastics,94.3
2025-01-06,EPX-200,NAM,Midwest Plastics,79.7
2025-01-13,EPX-200,NAM,Midwest Plastics,72.5
2025-01-20,EPX-200,NAM,Midwest Plastics,89.1
2025-01-27,EPX-200,NAM,Midwest Plastics,85.0
2025-02-03,EPX-200,NAM,Midwest Plastics,73.6
2025-02-10,EPX-200,NAM,Midwest Plastics,142.4
2025-02-17,EPX-200,NAM,Midwest Plastics,134.9
2025-02-24,EPX-200,NAM,Midwest Plastics,115.3
2025-03-03,EPX-200,NAM,Midwest Plastics,73.7
2025-03-10,EPX-200,NAM,Midwest Plastics,108.1
2025-03-17,EPX-200,NAM,Midwest Plastics,101.5
2025-03-24,EPX-200,NAM,Midwest Plastics,95.6
2025-03-31,EPX-200,NAM,Midwest Plastics,114.3
2025-04-07,EPX-200,NAM,Midwest Plastics,98.3
2025-04-14,EPX-200,NAM,Midwest Plastics,97.9
2025-04-21,EPX-200,NAM,Midwest Plastics,93.5
2025-04-28,EPX-200,NAM,Midwest Plastics,86.7
2025-05-05,EPX-200,NAM,Midwest Plastics,53.5
2025-05-12,EPX-200,NAM,Midwest Plastics,79.3
2025-05-19,EPX-200,NAM,Midwest Plastics,67.7
2025-05-26,EPX-200,NAM,Midwest Plastics,58.1
2025-06-02,EPX-200,NAM,Midwest Plastics,108.5
2025-06-09,EPX-200,NAM,Midwest Plastics,106.8
2025-06-16,EPX-200,NAM,Midwest Plastics,94.9
2025-06-23,EPX-200,NAM,Midwest Plastics,73.7
2025-06-30,EPX-200,NAM,Midwest Plastics,93.4
2025-07-07,EPX-200,NAM,Midwest Plastics,68.5
2025-07-14,EPX-200,NAM,Midwest Plastics,69.7
2025-07-21,EPX-200,NAM,Midwest Plastics,51.0
2025-07-28,EPX-200,NAM,Midwest Plastics,70.9
2025-08-04,EPX-200,NAM,Midwest Plastics,66.1
2025-08-11,EPX-200,NAM,Midwest Plastics,49.3
2025-08-18,EPX-200,NAM,Midwest Plastics,64.3
2025-08-25,EPX-200,NAM,Midwest Plastics,64.2
2025-09-01,EPX-200,NAM,Midwest Plastics,98.1
2025-09-08,EPX-200,NAM,Midwest Plastics,81.2
2025-09-15,EPX-200,NAM,Midwest Plastics,68.7
2025-09-22,EPX-200,NAM,Midwest Plastics,73.4
2025-09-29,EPX-200,NAM,Midwest Plastics,72.1
2025-10-06,EPX-200,NAM,Midwest Plastics,69.8
2025-10-13,EPX-200,NAM,Midwest Plastics,58.7
2025-10-20,EPX-200,NAM,Midwest Plastics,74.3
2025-10-27,EPX-200,NAM,Midwest Plastics,65.3
2025-11-03,EPX-200,NAM,Midwest Plastics,59.4
2025-11-10,EPX-200,NAM,Midwest Plastics,89.0
2025-11-17,EPX-200,NAM,Midwest Plastics,87.7
2025-11-24,EPX-200,NAM,Midwest Plastics,55.2
2025-12-01,EPX-200,NAM,Midwest Plastics,82.7
2025-12-08,EPX-200,NAM,Midwest Plastics,106.7
2025-12-15,EPX-200,NAM,Midwest Plastics,111.6
2025-12-22,EPX-200,NAM,Midwest Plastics,109.8
2025-12-29,EPX-200,NAM,Midwest Plastics,89.1
2026-01-05,EPX-200,NAM,Midwest Plastics,74.6
2026-01-12,EPX-200,NAM,Midwest Plastics,71.8
2026-01-19,EPX-200,NAM,Midwest Plastics,100.0
2026-01-26,EPX-200,NAM,Midwest Plastics,102.3
2026-02-02,EPX-200,NAM,Midwest Plastics,124.8
2026-02-09,EPX-200,NAM,Midwest Plastics,119.3
2026-02-16,EPX-200,NAM,Midwest Plastics,92.2
2026-02-23,EPX-200,NAM,Midwest Plastics,71.6
2026-03-02,EPX-200,NAM,Midwest Plastics,85.6
2026-03-09,EPX-200,NAM,Midwest Plastics,94.1
2026-03-16,EPX-200,NAM,Midwest Plastics,84.1
2026-03-23,EPX-200,NAM,Midwest Plastics,76.9
2026-03-30,EPX-200,NAM,Midwest Plastics,91.1
2026-04-06,EPX-200,NAM,Midwest Plastics,76.7
2026-04-13,EPX-200,NAM,Midwest Plastics,73.0
2026-04-20,EPX-200,NAM,Midwest Plastics,88.5
2026-04-27,EPX-200,NAM,Midwest Plastics,74.5
2026-05-04,EPX-200,NAM,Midwest Plastics,84.1
2026-05-11,EPX-200,NAM,Midwest Plastics,83.2
2026-05-18,EPX-200,NAM,Midwest Plastics,59.1
2026-05-25,EPX-200,NAM,Midwest Plastics,66.4
2026-06-01,EPX-200,NAM,Midwest Plastics,98.5
2026-06-08,EPX-200,NAM,Midwest Plastics,53.6
2026-06-15,EPX-200,NAM,Midwest Plastics,42.7
2026-06-22,EPX-200,NAM,Midwest Plastics,44.1
2026-06-29,EPX-200,NAM,Midwest Plastics,65.6
2026-07-06,EPX-200,NAM,Midwest Plastics,64.9
2026-07-13,EPX-200,NAM,Midwest Plastics,62.2
2026-07-20,EPX-200,NAM,Midwest Plastics,83.2
2026-07-27,EPX-200,NAM,Midwest Plastics,35.1
2026-08-03,EPX-200,NAM,Midwest Plastics,68.1
2026-08-10,EPX-200,NAM,Midwest Plastics,87.4
2026-08-17,EPX-200,NAM,Midwest Plastics,47.4
2026-08-24,EPX-200,NAM,Midwest Plastics,54.9
2026-08-31,EPX-200,NAM,Midwest Plastics,49.9
2026-09-07,EPX-200,NAM,Midwest Plastics,48.1
2026-09-14,EPX-200,NAM,Midwest Plastics,55.4
2026-09-21,EPX-200,NAM,Midwest Plastics,81.8
2026-09-28,EPX-200,NAM,Midwest Plastics,90.6
2024-10-07,EPX-200,NAM,Gulf Packaging,1.1
2024-10-14,EPX-200,NAM,Gulf Packaging,1.8
2024-10-21,EPX-200,NAM,Gulf Packaging,1.2
2024-10-28,EPX-200,NAM,Gulf Packaging,1.8
2024-11-04,EPX-200,NAM,Gulf Packaging,1.2
2024-11-11,EPX-200,NAM,Gulf Packaging,1.3
2024-11-18,EPX-200,NAM,Gulf Packaging,1.4
2024-11-25,EPX-200,NAM,Gulf Packaging,2.6
2024-12-02,EPX-200,NAM,Gulf Packaging,1.6
2024-12-09,EPX-200,NAM,Gulf Packaging,1.1
2024-12-16,EPX-200,NAM,Gulf Packaging,1.6
2024-12-23,EPX-200,NAM,Gulf Packaging,1.2
2024-12-30,EPX-200,NAM,Gulf Packaging,1.2
2025-01-06,EPX-200,NAM,Gulf Packaging,1.7
2025-01-13,EPX-200,NAM,Gulf Packaging,1.4
2025-01-20,EPX-200,NAM,Gulf Packaging,1.5
2025-01-27,EPX-200,NAM,Gulf Packaging,1.5
2025-02-03,EPX-200,NAM,Gulf Packaging,1.6
2025-02-10,EPX-200,NAM,Gulf Packaging,1.6
2025-02-17,EPX-200,NAM,Gulf Packaging,1.0
2025-02-24,EPX-200,NAM,Gulf Packaging,1.7
2025-03-03,EPX-200,NAM,Gulf Packaging,1.2
2025-03-10,EPX-200,NAM,Gulf Packaging,1.0
2025-03-17,EPX-200,NAM,Gulf Packaging,1.4
2025-03-24,EPX-200,NAM,Gulf Packaging,1.4
2025-03-31,EPX-200,NAM,Gulf Packaging,1.2
2025-04-07,EPX-200,NAM,Gulf Packaging,1.6
2025-04-14,EPX-200,NAM,Gulf Packaging,1.0
2025-04-21,EPX-200,NAM,Gulf Packaging,1.2
2025-04-28,EPX-200,NAM,Gulf Packaging,1.1
2025-05-05,EPX-200,NAM,Gulf Packaging,1.3
2025-05-12,EPX-200,NAM,Gulf Packaging,1.3
2025-05-19,EPX-200,NAM,Gulf Packaging,1.0
2025-05-26,EPX-200,NAM,Gulf Packaging,1.4
2025-06-02,EPX-200,NAM,Gulf Packaging,1.2
2025-06-09,EPX-200,NAM,Gulf Packaging,0.8
2025-06-16,EPX-200,NAM,Gulf Packaging,0.7
2025-06-23,EPX-200,NAM,Gulf Packaging,1.1
2025-06-30,EPX-200,NAM,Gulf Packaging,1.1
2025-07-07,EPX-200,NAM,Gulf Packaging,1.1
2025-07-14,EPX-200,NAM,Gulf Packaging,1.1
2025-07-21,EPX-200,NAM,Gulf Packaging,1.1
2025-07-28,EPX-200,NAM,Gulf Packaging,1.3
2025-08-04,EPX-200,NAM,Gulf Packaging,0.8
2025-08-11,EPX-200,NAM,Gulf Packaging,0.8
2025-08-18,EPX-200,NAM,Gulf Packaging,0.8
2025-08-25,EPX-200,NAM,Gulf Packaging,1.1
2025-09-01,EPX-200,NAM,Gulf Packaging,1.4
2025-09-08,EPX-200,NAM,Gulf Packaging,1.0
2025-09-15,EPX-200,NAM,Gulf Packaging,0.6
2025-09-22,EPX-200,NAM,Gulf Packaging,0.8
2025-09-29,EPX-200,NAM,Gulf Packaging,1.0
2025-10-06,EPX-200,NAM,Gulf Packaging,1.0
2025-10-13,EPX-200,NAM,Gulf Packaging,1.1
2025-10-20,EPX-200,NAM,Gulf Packaging,1.2
2025-10-27,EPX-200,NAM,Gulf Packaging,1.2
2025-11-03,EPX-200,NAM,Gulf Packaging,1.6
2025-11-10,EPX-200,NAM,Gulf Packaging,1.1
2025-11-17,EPX-200,NAM,Gulf Packaging,1.1
2025-11-24,EPX-200,NAM,Gulf Packaging,1.5
2025-12-01,EPX-200,NAM,Gulf Packaging,1.0
2025-12-08,EPX-200,NAM,Gulf Packaging,1.5
2025-12-15,EPX-200,NAM,Gulf Packaging,1.5
2025-12-22,EPX-200,NAM,Gulf Packaging,1.4
2025-12-29,EPX-200,NAM,Gulf Packaging,2.0
2026-01-05,EPX-200,NAM,Gulf Packaging,1.3
2026-01-12,EPX-200,NAM,Gulf Packaging,2.3
2026-01-19,EPX-200,NAM,Gulf Packaging,1.4
2026-01-26,EPX-200,NAM,Gulf Packaging,1.1
2026-02-02,EPX-200,NAM,Gulf Packaging,1.5
2026-02-09,EPX-200,NAM,Gulf Packaging,1.2
2026-02-16,EPX-200,NAM,Gulf Packaging,1.3
2026-02-23,EPX-200,NAM,Gulf Packaging,1.6
2026-03-02,EPX-200,NAM,Gulf Packaging,1.7
2026-03-09,EPX-200,NAM,Gulf Packaging,1.3
2026-03-16,EPX-200,NAM,Gulf Packaging,1.8
2026-03-23,EPX-200,NAM,Gulf Packaging,1.8
2026-03-30,EPX-200,NAM,Gulf Packaging,1.9
2026-04-06,EPX-200,NAM,Gulf Packaging,1.5
2026-04-13,EPX-200,NAM,Gulf Packaging,1.8
2026-04-20,EPX-200,NAM,Gulf Packaging,0.9
2026-04-27,EPX-200,NAM,Gulf Packaging,1.2
2026-05-04,EPX-200,NAM,Gulf Packaging,1.1
2026-05-11,EPX-200,NAM,Gulf Packaging,1.3
2026-05-18,EPX-200,NAM,Gulf Packaging,1.1
2026-05-25,EPX-200,NAM,Gulf Packaging,1.1
2026-06-01,EPX-200,NAM,Gulf Packaging,1.7
2026-06-08,EPX-200,NAM,Gulf Packaging,1.1
2026-06-15,EPX-200,NAM,Gulf Packaging,1.2
2026-06-22,EPX-200,NAM,Gulf Packaging,1.0
2026-06-29,EPX-200,NAM,Gulf Packaging,1.1
2026-07-06,EPX-200,NAM,Gulf Packaging,1.0
2026-07-13,EPX-200,NAM,Gulf Packaging,1.1
2026-07-20,EPX-200,NAM,Gulf Packaging,1.3
2026-07-27,EPX-200,NAM,Gulf Packaging,1.5
2026-08-03,EPX-200,NAM,Gulf Packaging,1.1
2026-08-10,EPX-200,NAM,Gulf Packaging,1.1
2026-08-17,EPX-200,NAM,Gulf Packaging,0.8
2026-08-24,EPX-200,NAM,Gulf Packaging,0.9
2026-08-31,EPX-200,NAM,Gulf Packaging,1.2
2026-09-07,EPX-200,NAM,Gulf Packaging,1.1
2026-09-14,EPX-200,NAM,Gulf Packaging,1.0
2026-09-21,EPX-200,NAM,Gulf Packaging,1.2
2026-09-28,EPX-200,NAM,Gulf Packaging,1.1
2024-10-07,EPX-200,EU,Rhein Composites,30.1
2024-10-14,EPX-200,EU,Rhein Composites,49.5
2024-10-21,EPX-200,EU,Rhein Composites,50.9
2024-10-28,EPX-200,EU,Rhein Composites,36.3
2024-11-04,EPX-200,EU,Rhein Composites,41.0
2024-11-11,EPX-200,EU,Rhein Composites,65.3
2024-11-18,EPX-200,EU,Rhein Composites,44.1
2024-11-25,EPX-200,EU,Rhein Composites,83.3
2024-12-02,EPX-200,EU,Rhein Composites,50.6
2024-12-09,EPX-200,EU,Rhein Composites,56.8
2024-12-16,EPX-200,EU,Rhein Composites,75.7
2024-12-23,EPX-200,EU,Rhein Composites,54.9
2024-12-30,EPX-200,EU,Rhein Composites,42.6
2025-01-06,EPX-200,EU,Rhein Composites,52.5
2025-01-13,EPX-200,EU,Rhein Composites,53.6
2025-01-20,EPX-200,EU,Rhein Composites,40.3
2025-01-27,EPX-200,EU,Rhein Composites,51.8
2025-02-03,EPX-200,EU,Rhein Composites,47.9
2025-02-10,EPX-200,EU,Rhein Composites,68.9
2025-02-17,EPX-200,EU,Rhein Composites,55.8
2025-02-24,EPX-200,EU,Rhein Composites,52.2
2025-03-03,EPX-200,EU,Rhein Composites,54.0
2025-03-10,EPX-200,EU,Rhein Composites,58.8
2025-03-17,EPX-200,EU,Rhein Composites,64.5
2025-03-24,EPX-200,EU,Rhein Composites,44.9
2025-03-31,EPX-200,EU,Rhein Composites,44.7
2025-04-07,EPX-200,EU,Rhein Composites,69.4
2025-04-14,EPX-200,EU,Rhein Composites,48.6
2025-04-21,EPX-200,EU,Rhein Composites,37.7
2025-04-28,EPX-200,EU,Rhein Composites,55.5
2025-05-05,EPX-200,EU,Rhein Composites,53.5
2025-05-12,EPX-200,EU,Rhein Composites,34.1
2025-05-19,EPX-200,EU,Rhein Composites,48.9
2025-05-26,EPX-200,EU,Rhein Composites,52.4
2025-06-02,EPX-200,EU,Rhein Composites,46.7
2025-06-09,EPX-200,EU,Rhein Composites,48.6
2025-06-16,EPX-200,EU,Rhein Composites,30.7
2025-06-23,EPX-200,EU,Rhein Composites,45.5
2025-06-30,EPX-200,EU,Rhein Composites,40.4
2025-07-07,EPX-200,EU,Rhein Composites,38.4
2025-07-14,EPX-200,EU,Rhein Composites,50.6
2025-07-21,EPX-200,EU,Rhein Composites,55.6
2025-07-28,EPX-200,EU,Rhein Composites,59.1
2025-08-04,EPX-200,EU,Rhein Composites,52.4
2025-08-11,EPX-200,EU,Rhein Composites,38.0
2025-08-18,EPX-200,EU,Rhein Composites,41.7
2025-08-25,EPX-200,EU,Rhein Composites,45.9
2025-09-01,EPX-200,EU,Rhein Composites,40.7
2025-09-08,EPX-200,EU,Rhein Composites,41.2
2025-09-15,EPX-200,EU,Rhein Composites,48.6
2025-09-22,EPX-200,EU,Rhein Composites,40.1
2025-09-29,EPX-200,EU,Rhein Composites,34.3
2025-10-06,EPX-200,EU,Rhein Composites,37.3
2025-10-13,EPX-200,EU,Rhein Composites,47.9
2025-10-20,EPX-200,EU,Rhein Composites,43.7
2025-10-27,EPX-200,EU,Rhein Composites,48.1
2025-11-03,EPX-200,EU,Rhein Composites,53.7
2025-11-10,EPX-200,EU,Rhein Composites,43.2
2025-11-17,EPX-200,EU,Rhein Composites,55.8
2025-11-24,EPX-200,EU,Rhein Composites,51.6
2025-12-01,EPX-200,EU,Rhein Composites,36.5
2025-12-08,EPX-200,EU,Rhein Composites,69.3
2025-12-15,EPX-200,EU,Rhein Composites,45.5
2025-12-22,EPX-200,EU,Rhein Composites,36.2
2025-12-29,EPX-200,EU,Rhein Composites,41.6
2026-01-05,EPX-200,EU,Rhein Composites,42.8
2026-01-12,EPX-200,EU,Rhein Composites,55.3
2026-01-19,EPX-200,EU,Rhein Composites,51.6
2026-01-26,EPX-200,EU,Rhein Composites,51.2
2026-02-02,EPX-200,EU,Rhein Composites,62.8
2026-02-09,EPX-200,EU,Rhein Composites,59.5
2026-02-16,EPX-200,EU,Rhein Composites,58.9
2026-02-23,EPX-200,EU,Rhein Composites,59.0
2026-03-02,EPX-200,EU,Rhein Composites,60.2
2026-03-09,EPX-200,EU,Rhein Composites,33.0
2026-03-16,EPX-200,EU,Rhein Composites,49.0
2026-03-23,EPX-200,EU,Rhein Composites,32.5
2026-03-30,EPX-200,EU,Rhein Composites,52.2
2026-04-06,EPX-200,EU,Rhein Composites,51.3
2026-04-13,EPX-200,EU,Rhein Composites,64.8
2026-04-20,EPX-200,EU,Rhein Composites,65.7
2026-04-27,EPX-200,EU,Rhein Composites,51.6
2026-05-04,EPX-200,EU,Rhein Composites,44.0
2026-05-11,EPX-200,EU,Rhein Composites,53.8
2026-05-18,EPX-200,EU,Rhein Composites,43.2
2026-05-25,EPX-200,EU,Rhein Composites,47.4
2026-06-01,EPX-200,EU,Rhein Composites,56.8
2026-06-08,EPX-200,EU,Rhein Composites,38.8
2026-06-15,EPX-200,EU,Rhein Composites,52.6
2026-06-22,EPX-200,EU,Rhein Composites,51.2
2026-06-29,EPX-200,EU,Rhein Composites,35.1
2026-07-06,EPX-200,EU,Rhein Composites,52.6
2026-07-13,EPX-200,EU,Rhein Composites,49.8
2026-07-20,EPX-200,EU,Rhein Composites,42.6
2026-07-27,EPX-200,EU,Rhein Composites,34.4
2026-08-03,EPX-200,EU,Rhein Composites,33.8
2026-08-10,EPX-200,EU,Rhein Composites,36.1
2026-08-17,EPX-200,EU,Rhein Composites,45.1
2026-08-24,EPX-200,EU,Rhein Composites,31.9
2026-08-31,EPX-200,EU,Rhein Composites,43.1
2026-09-07,EPX-200,EU,Rhein Composites,30.2
2026-09-14,EPX-200,EU,Rhein Composites,37.7
2026-09-21,EPX-200,EU,Rhein Composites,40.8
2026-09-28,EPX-200,EU,Rhein Composites,65.7
2024-10-07,EPX-200,EU,Nordic Paints,24.8
2024-10-14,EPX-200,EU,Nordic Paints,47.5
2024-10-21,EPX-200,EU,Nordic Paints,36.3
2024-10-28,EPX-200,EU,Nordic Paints,39.3
2024-11-04,EPX-200,EU,Nordic Paints,37.6
2024-11-11,EPX-200,EU,Nordic Paints,40.8
2024-11-18,EPX-200,EU,Nordic Paints,36.3
2024-11-25,EPX-200,EU,Nordic Paints,53.6
2024-12-02,EPX-200,EU,Nordic Paints,35.1
2024-12-09,EPX-200,EU,Nordic Paints,51.0
2024-12-16,EPX-200,EU,Nordic Paints,35.3
2024-12-23,EPX-200,EU,Nordic Paints,40.3
2024-12-30,EPX-200,EU,Nordic Paints,32.1
2025-01-06,EPX-200,EU,Nordic Paints,45.5
2025-01-13,EPX-200,EU,Nordic Paints,56.8
2025-01-20,EPX-200,EU,Nordic Paints,41.0
2025-01-27,EPX-200,EU,Nordic Paints,40.2
2025-02-03,EPX-200,EU,Nordic Paints,33.8
2025-02-10,EPX-200,EU,Nordic Paints,41.0
2025-02-17,EPX-200,EU,Nordic Paints,29.9
2025-02-24,EPX-200,EU,Nordic Paints,34.8
2025-03-03,EPX-200,EU,Nordic Paints,44.5
2025-03-10,EPX-200,EU,Nordic Paints,57.3
2025-03-17,EPX-200,EU,Nordic Paints,79.9
2025-03-24,EPX-200,EU,Nordic Paints,37.6
2025-03-31,EPX-200,EU,Nordic Paints,59.1
2025-04-07,EPX-200,EU,Nordic Paints,43.9
2025-04-14,EPX-200,EU,Nordic Paints,39.4
2025-04-21,EPX-200,EU,Nordic Paints,43.4
2025-04-28,EPX-200,EU,Nordic Paints,39.0
2025-05-05,EPX-200,EU,Nordic Paints,37.9
2025-05-12,EPX-200,EU,Nordic Paints,33.4
2025-05-19,EPX-200,EU,Nordic Paints,26.2
2025-05-26,EPX-200,EU,Nordic Paints,24.3
2025-06-02,EPX-200,EU,Nordic Paints,38.0
2025-06-09,EPX-200,EU,Nordic Paints,30.5
2025-06-16,EPX-200,EU,Nordic Paints,28.1
2025-06-23,EPX-200,EU,Nordic Paints,32.5
2025-06-30,EPX-200,EU,Nordic Paints,39.4
2025-07-07,EPX-200,EU,Nordic Paints,34.1
2025-07-14,EPX-200,EU,Nordic Paints,27.7
2025-07-21,EPX-200,EU,Nordic Paints,40.2
2025-07-28,EPX-200,EU,Nordic Paints,43.1
2025-08-04,EPX-200,EU,Nordic Paints,33.5
2025-08-11,EPX-200,EU,Nordic Paints,36.9
2025-08-18,EPX-200,EU,Nordic Paints,38.8
2025-08-25,EPX-200,EU,Nordic Paints,38.1
2025-09-01,EPX-200,EU,Nordic Paints,34.7
2025-09-08,EPX-200,EU,Nordic Paints,35.0
2025-09-15,EPX-200,EU,Nordic Paints,34.8
2025-09-22,EPX-200,EU,Nordic Paints,24.4
2025-09-29,EPX-200,EU,Nordic Paints,36.0
2025-10-06,EPX-200,EU,Nordic Paints,23.2
2025-10-13,EPX-200,EU,Nordic Paints,26.8
2025-10-20,EPX-200,EU,Nordic Paints,44.6
2025-10-27,EPX-200,EU,Nordic Paints,41.1
2025-11-03,EPX-200,EU,Nordic Paints,49.2
2025-11-10,EPX-200,EU,Nordic Paints,33.9
2025-11-17,EPX-200,EU,Nordic Paints,28.1
2025-11-24,EPX-200,EU,Nordic Paints,34.5
2025-12-01,EPX-200,EU,Nordic Paints,37.6
2025-12-08,EPX-200,EU,Nordic Paints,39.3
2025-12-15,EPX-200,EU,Nordic Paints,49.9
2025-12-22,EPX-200,EU,Nordic Paints,36.9
2025-12-29,EPX-200,EU,Nordic Paints,43.3
2026-01-05,EPX-200,EU,Nordic Paints,33.0
2026-01-12,EPX-200,EU,Nordic Paints,46.2
2026-01-19,EPX-200,EU,Nordic Paints,42.0
2026-01-26,EPX-200,EU,Nordic Paints,35.8
2026-02-02,EPX-200,EU,Nordic Paints,39.9
2026-02-09,EPX-200,EU,Nordic Paints,40.6
2026-02-16,EPX-200,EU,Nordic Paints,39.6
2026-02-23,EPX-200,EU,Nordic Paints,61.0
2026-03-02,EPX-200,EU,Nordic Paints,39.4
2026-03-09,EPX-200,EU,Nordic Paints,38.1
2026-03-16,EPX-200,EU,Nordic Paints,25.6
2026-03-23,EPX-200,EU,Nordic Paints,33.0
2026-03-30,EPX-200,EU,Nordic Paints,37.4
2026-04-06,EPX-200,EU,Nordic Paints,33.8
2026-04-13,EPX-200,EU,Nordic Paints,53.5
2026-04-20,EPX-200,EU,Nordic Paints,37.4
2026-04-27,EPX-200,EU,Nordic Paints,50.2
2026-05-04,EPX-200,EU,Nordic Paints,38.1
2026-05-11,EPX-200,EU,Nordic Paints,37.3
2026-05-18,EPX-200,EU,Nordic Paints,36.4
2026-05-25,EPX-200,EU,Nordic Paints,36.4
2026-06-01,EPX-200,EU,Nordic Paints,51.1
2026-06-08,EPX-200,EU,Nordic Paints,20.2
2026-06-15,EPX-200,EU,Nordic Paints,21.7
2026-06-22,EPX-200,EU,Nordic Paints,30.0
2026-06-29,EPX-200,EU,Nordic Paints,33.3
2026-07-06,EPX-200,EU,Nordic Paints,37.8
2026-07-13,EPX-200,EU,Nordic Paints,36.3
2026-07-20,EPX-200,EU,Nordic Paints,29.3
2026-07-27,EPX-200,EU,Nordic Paints,39.0
2026-08-03,EPX-200,EU,Nordic Paints,39.2
2026-08-10,EPX-200,EU,Nordic Paints,32.4
2026-08-17,EPX-200,EU,Nordic Paints,37.9
2026-08-24,EPX-200,EU,Nordic Paints,32.0
2026-08-31,EPX-200,EU,Nordic Paints,26.5
2026-09-07,EPX-200,EU,Nordic Paints,35.5
2026-09-14,EPX-200,EU,Nordic Paints,30.9
2026-09-21,EPX-200,EU,Nordic Paints,30.5
2026-09-28,EPX-200,EU,Nordic Paints,40.6
2024-10-07,EPX-200,EU,Iberia Polymers,13.3
2024-10-14,EPX-200,EU,Iberia Polymers,17.1
2024-10-21,EPX-200,EU,Iberia Polymers,18.4
2024-10-28,EPX-200,EU,Iberia Polymers,22.5
2024-11-04,EPX-200,EU,Iberia Polymers,23.6
2024-11-11,EPX-200,EU,Iberia Polymers,18.0
2024-11-18,EPX-200,EU,Iberia Polymers,20.6
2024-11-25,EPX-200,EU,Iberia Polymers,21.9
2024-12-02,EPX-200,EU,Iberia Polymers,45.3
2024-12-09,EPX-200,EU,Iberia Polymers,40.1
2024-12-16,EPX-200,EU,Iberia Polymers,25.2
2024-12-23,EPX-200,EU,Iberia Polymers,25.6
2024-12-30,EPX-200,EU,Iberia Polymers,21.5
2025-01-06,EPX-200,EU,Iberia Polymers,18.4
2025-01-13,EPX-200,EU,Iberia Polymers,27.4
2025-01-20,EPX-200,EU,Iberia Polymers,22.8
2025-01-27,EPX-200,EU,Iberia Polymers,28.0
2025-02-03,EPX-200,EU,Iberia Polymers,20.7
2025-02-10,EPX-200,EU,Iberia Polymers,24.8
2025-02-17,EPX-200,EU,Iberia Polymers,29.8
2025-02-24,EPX-200,EU,Iberia Polymers,31.3
2025-03-03,EPX-200,EU,Iberia Polymers,31.5
2025-03-10,EPX-200,EU,Iberia Polymers,21.8
2025-03-17,EPX-200,EU,Iberia Polymers,35.3
2025-03-24,EPX-200,EU,Iberia Polymers,24.4
2025-03-31,EPX-200,EU,Iberia Polymers,33.7
2025-04-07,EPX-200,EU,Iberia Polymers,28.2
2025-04-14,EPX-200,EU,Iberia Polymers,20.5
2025-04-21,EPX-200,EU,Iberia Polymers,25.0
2025-04-28,EPX-200,EU,Iberia Polymers,28.4
2025-05-05,EPX-200,EU,Iberia Polymers,28.8
2025-05-12,EPX-200,EU,Iberia Polymers,24.1
2025-05-19,EPX-200,EU,Iberia Polymers,33.9
2025-05-26,EPX-200,EU,Iberia Polymers,29.0
2025-06-02,EPX-200,EU,Iberia Polymers,21.1
2025-06-09,EPX-200,EU,Iberia Polymers,26.0
2025-06-16,EPX-200,EU,Iberia Polymers,33.3
2025-06-23,EPX-200,EU,Iberia Polymers,33.9
2025-06-30,EPX-200,EU,Iberia Polymers,17.2
2025-07-07,EPX-200,EU,Iberia Polymers,18.1
2025-07-14,EPX-200,EU,Iberia Polymers,30.1
2025-07-21,EPX-200,EU,Iberia Polymers,16.5
2025-07-28,EPX-200,EU,Iberia Polymers,15.5
2025-08-04,EPX-200,EU,Iberia Polymers,18.3
2025-08-11,EPX-200,EU,Iberia Polymers,22.2
2025-08-18,EPX-200,EU,Iberia Polymers,19.6
2025-08-25,EPX-200,EU,Iberia Polymers,17.5
2025-09-01,EPX-200,EU,Iberia Polymers,17.8
2025-09-08,EPX-200,EU,Iberia Polymers,17.8
2025-09-15,EPX-200,EU,Iberia Polymers,17.4
2025-09-22,EPX-200,EU,Iberia Polymers,34.9
2025-09-29,EPX-200,EU,Iberia Polymers,22.4
2025-10-06,EPX-200,EU,Iberia Polymers,25.8
2025-10-13,EPX-200,EU,Iberia Polymers,19.5
2025-10-20,EPX-200,EU,Iberia Polymers,21.8
2025-10-27,EPX-200,EU,Iberia Polymers,19.9
2025-11-03,EPX-200,EU,Iberia Polymers,13.5
2025-11-10,EPX-200,EU,Iberia Polymers,18.0
2025-11-17,EPX-200,EU,Iberia Polymers,16.5
2025-11-24,EPX-200,EU,Iberia Polymers,15.1
2025-12-01,EPX-200,EU,Iberia Polymers,19.2
2025-12-08,EPX-200,EU,Iberia Polymers,35.1
2025-12-15,EPX-200,EU,Iberia Polymers,26.2
2025-12-22,EPX-200,EU,Iberia Polymers,36.0
2025-12-29,EPX-200,EU,Iberia Polymers,29.8
2026-01-05,EPX-200,EU,Iberia Polymers,33.1
2026-01-12,EPX-200,EU,Iberia Polymers,23.3
2026-01-19,EPX-200,EU,Iberia Polymers,32.0
2026-01-26,EPX-200,EU,Iberia Polymers,33.7
2026-02-02,EPX-200,EU,Iberia Polymers,25.1
2026-02-09,EPX-200,EU,Iberia Polymers,32.5
2026-02-16,EPX-200,EU,Iberia Polymers,32.4
2026-02-23,EPX-200,EU,Iberia Polymers,24.9
2026-03-02,EPX-200,EU,Iberia Polymers,21.4
2026-03-09,EPX-200,EU,Iberia Polymers,21.0
2026-03-16,EPX-200,EU,Iberia Polymers,28.2
2026-03-23,EPX-200,EU,Iberia Polymers,29.4
2026-03-30,EPX-200,EU,Iberia Polymers,22.6
2026-04-06,EPX-200,EU,Iberia Polymers,26.9
2026-04-13,EPX-200,EU,Iberia Polymers,30.4
2026-04-20,EPX-200,EU,Iberia Polymers,30.2
2026-04-27,EPX-200,EU,Iberia Polymers,36.2
2026-05-04,EPX-200,EU,Iberia Polymers,33.9
2026-05-11,EPX-200,EU,Iberia Polymers,20.2
2026-05-18,EPX-200,EU,Iberia Polymers,36.6
2026-05-25,EPX-200,EU,Iberia Polymers,22.0
2026-06-01,EPX-200,EU,Iberia Polymers,30.0
2026-06-08,EPX-200,EU,Iberia Polymers,23.2
2026-06-15,EPX-200,EU,Iberia Polymers,21.0
2026-06-22,EPX-200,EU,Iberia Polymers,15.4
2026-06-29,EPX-200,EU,Iberia Polymers,21.7
2026-07-06,EPX-200,EU,Iberia Polymers,15.7
2026-07-13,EPX-200,EU,Iberia Polymers,27.5
2026-07-20,EPX-200,EU,Iberia Polymers,30.2
2026-07-27,EPX-200,EU,Iberia Polymers,17.8
2026-08-03,EPX-200,EU,Iberia Polymers,22.7
2026-08-10,EPX-200,EU,Iberia Polymers,18.0
2026-08-17,EPX-200,EU,Iberia Polymers,18.1
2026-08-24,EPX-200,EU,Iberia Polymers,24.3
2026-08-31,EPX-200,EU,Iberia Polymers,20.2
2026-09-07,EPX-200,EU,Iberia Polymers,30.3
2026-09-14,EPX-200,EU,Iberia Polymers,18.4
2026-09-21,EPX-200,EU,Iberia Polymers,25.8
2026-09-28,EPX-200,EU,Iberia Polymers,20.4
2024-10-07,EPX-200,APAC,Pacific Coatings,66.2
2024-10-14,EPX-200,APAC,Pacific Coatings,80.2
2024-10-21,EPX-200,APAC,Pacific Coatings,77.2
2024-10-28,EPX-200,APAC,Pacific Coatings,50.7
2024-11-04,EPX-200,APAC,Pacific Coatings,58.2
2024-11-11,EPX-200,APAC,Pacific Coatings,46.4
2024-11-18,EPX-200,APAC,Pacific Coatings,51.4
2024-11-25,EPX-200,APAC,Pacific Coatings,43.8
2024-12-02,EPX-200,APAC,Pacific Coatings,69.4
2024-12-09,EPX-200,APAC,Pacific Coatings,51.3
2024-12-16,EPX-200,APAC,Pacific Coatings,44.9
2024-12-23,EPX-200,APAC,Pacific Coatings,60.3
2024-12-30,EPX-200,APAC,Pacific Coatings,28.8
2025-01-06,EPX-200,APAC,Pacific Coatings,29.2
2025-01-13,EPX-200,APAC,Pacific Coatings,52.9
2025-01-20,EPX-200,APAC,Pacific Coatings,44.5
2025-01-27,EPX-200,APAC,Pacific Coatings,46.2
2025-02-03,EPX-200,APAC,Pacific Coatings,32.5
2025-02-10,EPX-200,APAC,Pacific Coatings,42.5
2025-02-17,EPX-200,APAC,Pacific Coatings,66.5
2025-02-24,EPX-200,APAC,Pacific Coatings,51.7
2025-03-03,EPX-200,APAC,Pacific Coatings,46.7
2025-03-10,EPX-200,APAC,Pacific Coatings,42.2
2025-03-17,EPX-200,APAC,Pacific Coatings,42.7
2025-03-24,EPX-200,APAC,Pacific Coatings,29.5
2025-03-31,EPX-200,APAC,Pacific Coatings,49.8
2025-04-07,EPX-200,APAC,Pacific Coatings,57.1
2025-04-14,EPX-200,APAC,Pacific Coatings,34.4
2025-04-21,EPX-200,APAC,Pacific Coatings,43.8
2025-04-28,EPX-200,APAC,Pacific Coatings,39.5
2025-05-05,EPX-200,APAC,Pacific Coatings,42.0
2025-05-12,EPX-200,APAC,Pacific Coatings,52.1
2025-05-19,EPX-200,APAC,Pacific Coatings,33.1
2025-05-26,EPX-200,APAC,Pacific Coatings,60.3
2025-06-02,EPX-200,APAC,Pacific Coatings,63.1
2025-06-09,EPX-200,APAC,Pacific Coatings,50.7
2025-06-16,EPX-200,APAC,Pacific Coatings,31.6
2025-06-23,EPX-200,APAC,Pacific Coatings,43.3
2025-06-30,EPX-200,APAC,Pacific Coatings,70.2
2025-07-07,EPX-200,APAC,Pacific Coatings,30.4
2025-07-14,EPX-200,APAC,Pacific Coatings,51.2
2025-07-21,EPX-200,APAC,Pacific Coatings,42.3
2025-07-28,EPX-200,APAC,Pacific Coatings,67.6
2025-08-04,EPX-200,APAC,Pacific Coatings,51.4
2025-08-11,EPX-200,APAC,Pacific Coatings,63.9
2025-08-18,EPX-200,APAC,Pacific Coatings,65.8
2025-08-25,EPX-200,APAC,Pacific Coatings,87.2
2025-09-01,EPX-200,APAC,Pacific Coatings,56.8
2025-09-08,EPX-200,APAC,Pacific Coatings,63.1
2025-09-15,EPX-200,APAC,Pacific Coatings,41.5
2025-09-22,EPX-200,APAC,Pacific Coatings,74.6
2025-09-29,EPX-200,APAC,Pacific Coatings,48.2
2025-10-06,EPX-200,APAC,Pacific Coatings,49.3
2025-10-13,EPX-200,APAC,Pacific Coatings,54.6
2025-10-20,EPX-200,APAC,Pacific Coatings,37.4
2025-10-27,EPX-200,APAC,Pacific Coatings,54.2
2025-11-03,EPX-200,APAC,Pacific Coatings,62.1
2025-11-10,EPX-200,APAC,Pacific Coatings,52.7
2025-11-17,EPX-200,APAC,Pacific Coatings,33.7
2025-11-24,EPX-200,APAC,Pacific Coatings,46.0
2025-12-01,EPX-200,APAC,Pacific Coatings,55.2
2025-12-08,EPX-200,APAC,Pacific Coatings,30.4
2025-12-15,EPX-200,APAC,Pacific Coatings,35.7
2025-12-22,EPX-200,APAC,Pacific Coatings,53.7
2025-12-29,EPX-200,APAC,Pacific Coatings,46.2
2026-01-05,EPX-200,APAC,Pacific Coatings,46.4
2026-01-12,EPX-200,APAC,Pacific Coatings,63.2
2026-01-19,EPX-200,APAC,Pacific Coatings,46.0
2026-01-26,EPX-200,APAC,Pacific Coatings,49.0
2026-02-02,EPX-200,APAC,Pacific Coatings,78.1
2026-02-09,EPX-200,APAC,Pacific Coatings,41.1
2026-02-16,EPX-200,APAC,Pacific Coatings,35.9
2026-02-23,EPX-200,APAC,Pacific Coatings,46.4
2026-03-02,EPX-200,APAC,Pacific Coatings,47.6
2026-03-09,EPX-200,APAC,Pacific Coatings,39.0
2026-03-16,EPX-200,APAC,Pacific Coatings,35.5
2026-03-23,EPX-200,APAC,Pacific Coatings,73.5
2026-03-30,EPX-200,APAC,Pacific Coatings,49.0
2026-04-06,EPX-200,APAC,Pacific Coatings,39.8
2026-04-13,EPX-200,APAC,Pacific Coatings,57.4
2026-04-20,EPX-200,APAC,Pacific Coatings,46.6
2026-04-27,EPX-200,APAC,Pacific Coatings,46.1
2026-05-04,EPX-200,APAC,Pacific Coatings,56.7
2026-05-11,EPX-200,APAC,Pacific Coatings,38.3
2026-05-18,EPX-200,APAC,Pacific Coatings,56.2
2026-05-25,EPX-200,APAC,Pacific Coatings,80.5
2026-06-01,EPX-200,APAC,Pacific Coatings,59.7
2026-06-08,EPX-200,APAC,Pacific Coatings,51.6
2026-06-15,EPX-200,APAC,Pacific Coatings,49.2
2026-06-22,EPX-200,APAC,Pacific Coatings,51.1
2026-06-29,EPX-200,APAC,Pacific Coatings,53.6
2026-07-06,EPX-200,APAC,Pacific Coatings,53.1
2026-07-13,EPX-200,APAC,Pacific Coatings,70.9
2026-07-20,EPX-200,APAC,Pacific Coatings,38.9
2026-07-27,EPX-200,APAC,Pacific Coatings,69.6
2026-08-03,EPX-200,APAC,Pacific Coatings,54.5
2026-08-10,EPX-200,APAC,Pacific Coatings,62.8
2026-08-17,EPX-200,APAC,Pacific Coatings,46.9
2026-08-24,EPX-200,APAC,Pacific Coatings,122.9
2026-08-31,EPX-200,APAC,Pacific Coatings,136.0
2026-09-07,EPX-200,APAC,Pacific Coatings,140.3
2026-09-14,EPX-200,APAC,Pacific Coatings,89.4
2026-09-21,EPX-200,APAC,Pacific Coatings,165.8
2026-09-28,EPX-200,APAC,Pacific Coatings,165.2
2024-10-07,EPX-200,APAC,Shenzhen Electronic Materials,35.3
2024-10-14,EPX-200,APAC,Shenzhen Electronic Materials,49.1
2024-10-21,EPX-200,APAC,Shenzhen Electronic Materials,52.5
2024-10-28,EPX-200,APAC,Shenzhen Electronic Materials,53.7
2024-11-04,EPX-200,APAC,Shenzhen Electronic Materials,48.1
2024-11-11,EPX-200,APAC,Shenzhen Electronic Materials,49.0
2024-11-18,EPX-200,APAC,Shenzhen Electronic Materials,61.0
2024-11-25,EPX-200,APAC,Shenzhen Electronic Materials,56.5
2024-12-02,EPX-200,APAC,Shenzhen Electronic Materials,22.3
2024-12-09,EPX-200,APAC,Shenzhen Electronic Materials,38.1
2024-12-16,EPX-200,APAC,Shenzhen Electronic Materials,39.2
2024-12-23,EPX-200,APAC,Shenzhen Electronic Materials,27.2
2024-12-30,EPX-200,APAC,Shenzhen Electronic Materials,40.9
2025-01-06,EPX-200,APAC,Shenzhen Electronic Materials,51.7
2025-01-13,EPX-200,APAC,Shenzhen Electronic Materials,30.2
2025-01-20,EPX-200,APAC,Shenzhen Electronic Materials,40.8
2025-01-27,EPX-200,APAC,Shenzhen Electronic Materials,30.9
2025-02-03,EPX-200,APAC,Shenzhen Electronic Materials,32.4
2025-02-10,EPX-200,APAC,Shenzhen Electronic Materials,51.1
2025-02-17,EPX-200,APAC,Shenzhen Electronic Materials,32.8
2025-02-24,EPX-200,APAC,Shenzhen Electronic Materials,41.2
2025-03-03,EPX-200,APAC,Shenzhen Electronic Materials,25.7
2025-03-10,EPX-200,APAC,Shenzhen Electronic Materials,60.4
2025-03-17,EPX-200,APAC,Shenzhen Electronic Materials,46.0
2025-03-24,EPX-200,APAC,Shenzhen Electronic Materials,39.1
2025-03-31,EPX-200,APAC,Shenzhen Electronic Materials,46.1
2025-04-07,EPX-200,APAC,Shenzhen Electronic Materials,30.0
2025-04-14,EPX-200,APAC,Shenzhen Electronic Materials,54.5
2025-04-21,EPX-200,APAC,Shenzhen Electronic Materials,40.7
2025-04-28,EPX-200,APAC,Shenzhen Electronic Materials,42.1
2025-05-05,EPX-200,APAC,Shenzhen Electronic Materials,40.2
2025-05-12,EPX-200,APAC,Shenzhen Electronic Materials,39.1
2025-05-19,EPX-200,APAC,Shenzhen Electronic Materials,52.7
2025-05-26,EPX-200,APAC,Shenzhen Electronic Materials,48.1
2025-06-02,EPX-200,APAC,Shenzhen Electronic Materials,53.2
2025-06-09,EPX-200,APAC,Shenzhen Electronic Materials,46.2
2025-06-16,EPX-200,APAC,Shenzhen Electronic Materials,52.7
2025-06-23,EPX-200,APAC,Shenzhen Electronic Materials,42.5
2025-06-30,EPX-200,APAC,Shenzhen Electronic Materials,75.5
2025-07-07,EPX-200,APAC,Shenzhen Electronic Materials,34.2
2025-07-14,EPX-200,APAC,Shenzhen Electronic Materials,63.0
2025-07-21,EPX-200,APAC,Shenzhen Electronic Materials,64.0
2025-07-28,EPX-200,APAC,Shenzhen Electronic Materials,40.6
2025-08-04,EPX-200,APAC,Shenzhen Electronic Materials,84.0
2025-08-11,EPX-200,APAC,Shenzhen Electronic Materials,62.8
2025-08-18,EPX-200,APAC,Shenzhen Electronic Materials,62.1
2025-08-25,EPX-200,APAC,Shenzhen Electronic Materials,50.6
2025-09-01,EPX-200,APAC,Shenzhen Electronic Materials,48.9
2025-09-08,EPX-200,APAC,Shenzhen Electronic Materials,47.9
2025-09-15,EPX-200,APAC,Shenzhen Electronic Materials,54.1
2025-09-22,EPX-200,APAC,Shenzhen Electronic Materials,67.5
2025-09-29,EPX-200,APAC,Shenzhen Electronic Materials,51.2
2025-10-06,EPX-200,APAC,Shenzhen Electronic Materials,39.4
2025-10-13,EPX-200,APAC,Shenzhen Electronic Materials,56.8
2025-10-20,EPX-200,APAC,Shenzhen Electronic Materials,55.8
2025-10-27,EPX-200,APAC,Shenzhen Electronic Materials,51.3
2025-11-03,EPX-200,APAC,Shenzhen Electronic Materials,51.0
2025-11-10,EPX-200,APAC,Shenzhen Electronic Materials,40.2
2025-11-17,EPX-200,APAC,Shenzhen Electronic Materials,33.6
2025-11-24,EPX-200,APAC,Shenzhen Electronic Materials,33.7
2025-12-01,EPX-200,APAC,Shenzhen Electronic Materials,28.3
2025-12-08,EPX-200,APAC,Shenzhen Electronic Materials,41.7
2025-12-15,EPX-200,APAC,Shenzhen Electronic Materials,38.3
2025-12-22,EPX-200,APAC,Shenzhen Electronic Materials,34.7
2025-12-29,EPX-200,APAC,Shenzhen Electronic Materials,19.6
2026-01-05,EPX-200,APAC,Shenzhen Electronic Materials,27.8
2026-01-12,EPX-200,APAC,Shenzhen Electronic Materials,46.4
2026-01-19,EPX-200,APAC,Shenzhen Electronic Materials,31.0
2026-01-26,EPX-200,APAC,Shenzhen Electronic Materials,39.6
2026-02-02,EPX-200,APAC,Shenzhen Electronic Materials,27.3
2026-02-09,EPX-200,APAC,Shenzhen Electronic Materials,51.1
2026-02-16,EPX-200,APAC,Shenzhen Electronic Materials,35.7
2026-02-23,EPX-200,APAC,Shenzhen Electronic Materials,38.9
2026-03-02,EPX-200,APAC,Shenzhen Electronic Materials,62.2
2026-03-09,EPX-200,APAC,Shenzhen Electronic Materials,52.8
2026-03-16,EPX-200,APAC,Shenzhen Electronic Materials,36.0
2026-03-23,EPX-200,APAC,Shenzhen Electronic Materials,33.5
2026-03-30,EPX-200,APAC,Shenzhen Electronic Materials,36.7
2026-04-06,EPX-200,APAC,Shenzhen Electronic Materials,45.1
2026-04-13,EPX-200,APAC,Shenzhen Electronic Materials,39.6
2026-04-20,EPX-200,APAC,Shenzhen Electronic Materials,37.8
2026-04-27,EPX-200,APAC,Shenzhen Electronic Materials,58.1
2026-05-04,EPX-200,APAC,Shenzhen Electronic Materials,42.2
2026-05-11,EPX-200,APAC,Shenzhen Electronic Materials,72.9
2026-05-18,EPX-200,APAC,Shenzhen Electronic Materials,45.8
2026-05-25,EPX-200,APAC,Shenzhen Electronic Materials,67.6
2026-06-01,EPX-200,APAC,Shenzhen Electronic Materials,50.4
2026-06-08,EPX-200,APAC,Shenzhen Electronic Materials,59.8
2026-06-15,EPX-200,APAC,Shenzhen Electronic Materials,40.5
2026-06-22,EPX-200,APAC,Shenzhen Electronic Materials,40.0
2026-06-29,EPX-200,APAC,Shenzhen Electronic Materials,54.1
2026-07-06,EPX-200,APAC,Shenzhen Electronic Materials,61.9
2026-07-13,EPX-200,APAC,Shenzhen Electronic Materials,50.5
2026-07-20,EPX-200,APAC,Shenzhen Electronic Materials,37.0
2026-07-27,EPX-200,APAC,Shenzhen Electronic Materials,36.8
2026-08-03,EPX-200,APAC,Shenzhen Electronic Materials,37.4
2026-08-10,EPX-200,APAC,Shenzhen Electronic Materials,33.8
2026-08-17,EPX-200,APAC,Shenzhen Electronic Materials,53.2
2026-08-24,EPX-200,APAC,Shenzhen Electronic Materials,67.6
2026-08-31,EPX-200,APAC,Shenzhen Electronic Materials,53.6
2026-09-07,EPX-200,APAC,Shenzhen Electronic Materials,32.8
2026-09-14,EPX-200,APAC,Shenzhen Electronic Materials,52.2
2026-09-21,EPX-200,APAC,Shenzhen Electronic Materials,53.8
2026-09-28,EPX-200,APAC,Shenzhen Electronic Materials,89.9
2024-10-07,EPX-200,APAC,Jurong Construction Chem,39.3
2024-10-14,EPX-200,APAC,Jurong Construction Chem,48.8
2024-10-21,EPX-200,APAC,Jurong Construction Chem,76.0
2024-10-28,EPX-200,APAC,Jurong Construction Chem,56.5
2024-11-04,EPX-200,APAC,Jurong Construction Chem,56.5
2024-11-11,EPX-200,APAC,Jurong Construction Chem,50.8
2024-11-18,EPX-200,APAC,Jurong Construction Chem,51.1
2024-11-25,EPX-200,APAC,Jurong Construction Chem,55.2
2024-12-02,EPX-200,APAC,Jurong Construction Chem,37.9
2024-12-09,EPX-200,APAC,Jurong Construction Chem,53.4
2024-12-16,EPX-200,APAC,Jurong Construction Chem,32.4
2024-12-23,EPX-200,APAC,Jurong Construction Chem,46.4
2024-12-30,EPX-200,APAC,Jurong Construction Chem,44.9
2025-01-06,EPX-200,APAC,Jurong Construction Chem,36.9
2025-01-13,EPX-200,APAC,Jurong Construction Chem,41.1
2025-01-20,EPX-200,APAC,Jurong Construction Chem,35.6
2025-01-27,EPX-200,APAC,Jurong Construction Chem,32.1
2025-02-03,EPX-200,APAC,Jurong Construction Chem,37.4
2025-02-10,EPX-200,APAC,Jurong Construction Chem,31.2
2025-02-17,EPX-200,APAC,Jurong Construction Chem,42.7
2025-02-24,EPX-200,APAC,Jurong Construction Chem,31.2
2025-03-03,EPX-200,APAC,Jurong Construction Chem,48.9
2025-03-10,EPX-200,APAC,Jurong Construction Chem,33.3
2025-03-17,EPX-200,APAC,Jurong Construction Chem,38.3
2025-03-24,EPX-200,APAC,Jurong Construction Chem,38.2
2025-03-31,EPX-200,APAC,Jurong Construction Chem,58.6
2025-04-07,EPX-200,APAC,Jurong Construction Chem,47.5
2025-04-14,EPX-200,APAC,Jurong Construction Chem,43.2
2025-04-21,EPX-200,APAC,Jurong Construction Chem,52.6
2025-04-28,EPX-200,APAC,Jurong Construction Chem,29.9
2025-05-05,EPX-200,APAC,Jurong Construction Chem,47.8
2025-05-12,EPX-200,APAC,Jurong Construction Chem,74.4
2025-05-19,EPX-200,APAC,Jurong Construction Chem,50.2
2025-05-26,EPX-200,APAC,Jurong Construction Chem,49.7
2025-06-02,EPX-200,APAC,Jurong Construction Chem,56.1
2025-06-09,EPX-200,APAC,Jurong Construction Chem,60.7
2025-06-16,EPX-200,APAC,Jurong Construction Chem,32.7
2025-06-23,EPX-200,APAC,Jurong Construction Chem,34.7
2025-06-30,EPX-200,APAC,Jurong Construction Chem,52.2
2025-07-07,EPX-200,APAC,Jurong Construction Chem,44.5
2025-07-14,EPX-200,APAC,Jurong Construction Chem,68.7
2025-07-21,EPX-200,APAC,Jurong Construction Chem,47.6
2025-07-28,EPX-200,APAC,Jurong Construction Chem,34.5
2025-08-04,EPX-200,APAC,Jurong Construction Chem,41.9
2025-08-11,EPX-200,APAC,Jurong Construction Chem,29.7
2025-08-18,EPX-200,APAC,Jurong Construction Chem,51.4
2025-08-25,EPX-200,APAC,Jurong Construction Chem,52.0
2025-09-01,EPX-200,APAC,Jurong Construction Chem,50.4
2025-09-08,EPX-200,APAC,Jurong Construction Chem,68.5
2025-09-15,EPX-200,APAC,Jurong Construction Chem,69.7
2025-09-22,EPX-200,APAC,Jurong Construction Chem,51.5
2025-09-29,EPX-200,APAC,Jurong Construction Chem,33.1
2025-10-06,EPX-200,APAC,Jurong Construction Chem,59.5
2025-10-13,EPX-200,APAC,Jurong Construction Chem,57.7
2025-10-20,EPX-200,APAC,Jurong Construction Chem,52.6
2025-10-27,EPX-200,APAC,Jurong Construction Chem,59.5
2025-11-03,EPX-200,APAC,Jurong Construction Chem,36.1
2025-11-10,EPX-200,APAC,Jurong Construction Chem,71.5
2025-11-17,EPX-200,APAC,Jurong Construction Chem,36.0
2025-11-24,EPX-200,APAC,Jurong Construction Chem,51.8
2025-12-01,EPX-200,APAC,Jurong Construction Chem,30.1
2025-12-08,EPX-200,APAC,Jurong Construction Chem,34.8
2025-12-15,EPX-200,APAC,Jurong Construction Chem,58.7
2025-12-22,EPX-200,APAC,Jurong Construction Chem,38.9
2025-12-29,EPX-200,APAC,Jurong Construction Chem,48.7
2026-01-05,EPX-200,APAC,Jurong Construction Chem,41.5
2026-01-12,EPX-200,APAC,Jurong Construction Chem,38.2
2026-01-19,EPX-200,APAC,Jurong Construction Chem,52.1
2026-01-26,EPX-200,APAC,Jurong Construction Chem,37.5
2026-02-02,EPX-200,APAC,Jurong Construction Chem,27.1
2026-02-09,EPX-200,APAC,Jurong Construction Chem,33.6
2026-02-16,EPX-200,APAC,Jurong Construction Chem,44.9
2026-02-23,EPX-200,APAC,Jurong Construction Chem,42.9
2026-03-02,EPX-200,APAC,Jurong Construction Chem,28.5
2026-03-09,EPX-200,APAC,Jurong Construction Chem,34.8
2026-03-16,EPX-200,APAC,Jurong Construction Chem,36.5
2026-03-23,EPX-200,APAC,Jurong Construction Chem,37.9
2026-03-30,EPX-200,APAC,Jurong Construction Chem,31.4
2026-04-06,EPX-200,APAC,Jurong Construction Chem,37.9
2026-04-13,EPX-200,APAC,Jurong Construction Chem,37.2
2026-04-20,EPX-200,APAC,Jurong Construction Chem,52.6
2026-04-27,EPX-200,APAC,Jurong Construction Chem,54.2
2026-05-04,EPX-200,APAC,Jurong Construction Chem,45.1
2026-05-11,EPX-200,APAC,Jurong Construction Chem,43.5
2026-05-18,EPX-200,APAC,Jurong Construction Chem,49.9
2026-05-25,EPX-200,APAC,Jurong Construction Chem,41.1
2026-06-01,EPX-200,APAC,Jurong Construction Chem,39.0
2026-06-08,EPX-200,APAC,Jurong Construction Chem,42.4
2026-06-15,EPX-200,APAC,Jurong Construction Chem,44.5
2026-06-22,EPX-200,APAC,Jurong Construction Chem,40.3
2026-06-29,EPX-200,APAC,Jurong Construction Chem,54.7
2026-07-06,EPX-200,APAC,Jurong Construction Chem,63.0
2026-07-13,EPX-200,APAC,Jurong Construction Chem,38.0
2026-07-20,EPX-200,APAC,Jurong Construction Chem,53.3
2026-07-27,EPX-200,APAC,Jurong Construction Chem,51.0
2026-08-03,EPX-200,APAC,Jurong Construction Chem,59.4
2026-08-10,EPX-200,APAC,Jurong Construction Chem,53.7
2026-08-17,EPX-200,APAC,Jurong Construction Chem,40.7
2026-08-24,EPX-200,APAC,Jurong Construction Chem,43.1
2026-08-31,EPX-200,APAC,Jurong Construction Chem,58.4
2026-09-07,EPX-200,APAC,Jurong Construction Chem,72.9
2026-09-14,EPX-200,APAC,Jurong Construction Chem,36.0
2026-09-21,EPX-200,APAC,Jurong Construction Chem,64.8
2026-09-28,EPX-200,APAC,Jurong Construction Chem,79.4
2024-10-07,EPX-200,LATAM,Andes Plastics,33.2
2024-10-14,EPX-200,LATAM,Andes Plastics,36.7
2024-10-21,EPX-200,LATAM,Andes Plastics,29.4
2024-10-28,EPX-200,LATAM,Andes Plastics,28.7
2024-11-04,EPX-200,LATAM,Andes Plastics,37.3
2024-11-11,EPX-200,LATAM,Andes Plastics,32.7
2024-11-18,EPX-200,LATAM,Andes Plastics,40.6
2024-11-25,EPX-200,LATAM,Andes Plastics,40.4
2024-12-02,EPX-200,LATAM,Andes Plastics,38.0
2024-12-09,EPX-200,LATAM,Andes Plastics,37.1
2024-12-16,EPX-200,LATAM,Andes Plastics,48.0
2024-12-23,EPX-200,LATAM,Andes Plastics,26.6
2024-12-30,EPX-200,LATAM,Andes Plastics,32.5
2025-01-06,EPX-200,LATAM,Andes Plastics,42.4
2025-01-13,EPX-200,LATAM,Andes Plastics,43.5
2025-01-20,EPX-200,LATAM,Andes Plastics,24.4
2025-01-27,EPX-200,LATAM,Andes Plastics,31.2
2025-02-03,EPX-200,LATAM,Andes Plastics,43.8
2025-02-10,EPX-200,LATAM,Andes Plastics,36.2
2025-02-17,EPX-200,LATAM,Andes Plastics,33.4
2025-02-24,EPX-200,LATAM,Andes Plastics,30.5
2025-03-03,EPX-200,LATAM,Andes Plastics,30.2
2025-03-10,EPX-200,LATAM,Andes Plastics,35.7
2025-03-17,EPX-200,LATAM,Andes Plastics,31.8
2025-03-24,EPX-200,LATAM,Andes Plastics,33.3
2025-03-31,EPX-200,LATAM,Andes Plastics,34.8
2025-04-07,EPX-200,LATAM,Andes Plastics,29.5
2025-04-14,EPX-200,LATAM,Andes Plastics,39.0
2025-04-21,EPX-200,LATAM,Andes Plastics,67.4
2025-04-28,EPX-200,LATAM,Andes Plastics,25.1
2025-05-05,EPX-200,LATAM,Andes Plastics,40.9
2025-05-12,EPX-200,LATAM,Andes Plastics,31.9
2025-05-19,EPX-200,LATAM,Andes Plastics,44.0
2025-05-26,EPX-200,LATAM,Andes Plastics,40.0
2025-06-02,EPX-200,LATAM,Andes Plastics,48.0
2025-06-09,EPX-200,LATAM,Andes Plastics,55.0
2025-06-16,EPX-200,LATAM,Andes Plastics,43.7
2025-06-23,EPX-200,LATAM,Andes Plastics,54.1
2025-06-30,EPX-200,LATAM,Andes Plastics,25.8
2025-07-07,EPX-200,LATAM,Andes Plastics,60.8
2025-07-14,EPX-200,LATAM,Andes Plastics,48.0
2025-07-21,EPX-200,LATAM,Andes Plastics,56.8
2025-07-28,EPX-200,LATAM,Andes Plastics,34.9
2025-08-04,EPX-200,LATAM,Andes Plastics,37.7
2025-08-11,EPX-200,LATAM,Andes Plastics,47.6
2025-08-18,EPX-200,LATAM,Andes Plastics,46.6
2025-08-25,EPX-200,LATAM,Andes Plastics,49.6
2025-09-01,EPX-200,LATAM,Andes Plastics,59.2
2025-09-08,EPX-200,LATAM,Andes Plastics,31.6
2025-09-15,EPX-200,LATAM,Andes Plastics,56.3
2025-09-22,EPX-200,LATAM,Andes Plastics,45.0
2025-09-29,EPX-200,LATAM,Andes Plastics,42.4
2025-10-06,EPX-200,LATAM,Andes Plastics,31.8
2025-10-13,EPX-200,LATAM,Andes Plastics,48.8
2025-10-20,EPX-200,LATAM,Andes Plastics,24.8
2025-10-27,EPX-200,LATAM,Andes Plastics,47.8
2025-11-03,EPX-200,LATAM,Andes Plastics,29.9
2025-11-10,EPX-200,LATAM,Andes Plastics,40.7
2025-11-17,EPX-200,LATAM,Andes Plastics,37.9
2025-11-24,EPX-200,LATAM,Andes Plastics,49.3
2025-12-01,EPX-200,LATAM,Andes Plastics,36.4
2025-12-08,EPX-200,LATAM,Andes Plastics,31.8
2025-12-15,EPX-200,LATAM,Andes Plastics,33.1
2025-12-22,EPX-200,LATAM,Andes Plastics,48.5
2025-12-29,EPX-200,LATAM,Andes Plastics,40.9
2026-01-05,EPX-200,LATAM,Andes Plastics,33.2
2026-01-12,EPX-200,LATAM,Andes Plastics,34.8
2026-01-19,EPX-200,LATAM,Andes Plastics,25.7
2026-01-26,EPX-200,LATAM,Andes Plastics,38.1
2026-02-02,EPX-200,LATAM,Andes Plastics,24.2
2026-02-09,EPX-200,LATAM,Andes Plastics,41.6
2026-02-16,EPX-200,LATAM,Andes Plastics,36.5
2026-02-23,EPX-200,LATAM,Andes Plastics,61.0
2026-03-02,EPX-200,LATAM,Andes Plastics,28.0
2026-03-09,EPX-200,LATAM,Andes Plastics,34.6
2026-03-16,EPX-200,LATAM,Andes Plastics,52.3
2026-03-23,EPX-200,LATAM,Andes Plastics,46.0
2026-03-30,EPX-200,LATAM,Andes Plastics,31.1
2026-04-06,EPX-200,LATAM,Andes Plastics,39.0
2026-04-13,EPX-200,LATAM,Andes Plastics,38.1
2026-04-20,EPX-200,LATAM,Andes Plastics,40.6
2026-04-27,EPX-200,LATAM,Andes Plastics,32.4
2026-05-04,EPX-200,LATAM,Andes Plastics,37.9
2026-05-11,EPX-200,LATAM,Andes Plastics,27.7
2026-05-18,EPX-200,LATAM,Andes Plastics,41.7
2026-05-25,EPX-200,LATAM,Andes Plastics,46.1
2026-06-01,EPX-200,LATAM,Andes Plastics,40.5
2026-06-08,EPX-200,LATAM,Andes Plastics,30.7
2026-06-15,EPX-200,LATAM,Andes Plastics,55.7
2026-06-22,EPX-200,LATAM,Andes Plastics,49.6
2026-06-29,EPX-200,LATAM,Andes Plastics,39.2
2026-07-06,EPX-200,LATAM,Andes Plastics,43.8
2026-07-13,EPX-200,LATAM,Andes Plastics,34.0
2026-07-20,EPX-200,LATAM,Andes Plastics,38.4
2026-07-27,EPX-200,LATAM,Andes Plastics,42.8
2026-08-03,EPX-200,LATAM,Andes Plastics,63.8
2026-08-10,EPX-200,LATAM,Andes Plastics,42.1
2026-08-17,EPX-200,LATAM,Andes Plastics,55.8
2026-08-24,EPX-200,LATAM,Andes Plastics,43.4
2026-08-31,EPX-200,LATAM,Andes Plastics,50.1
2026-09-07,EPX-200,LATAM,Andes Plastics,44.7
2026-09-14,EPX-200,LATAM,Andes Plastics,54.3
2026-09-21,EPX-200,LATAM,Andes Plastics,38.2
2026-09-28,EPX-200,LATAM,Andes Plastics,29.7
2024-10-07,EPX-200,LATAM,Brasil Tintas,15.6
2024-10-14,EPX-200,LATAM,Brasil Tintas,18.5
2024-10-21,EPX-200,LATAM,Brasil Tintas,15.6
2024-10-28,EPX-200,LATAM,Brasil Tintas,22.0
2024-11-04,EPX-200,LATAM,Brasil Tintas,18.0
2024-11-11,EPX-200,LATAM,Brasil Tintas,33.2
2024-11-18,EPX-200,LATAM,Brasil Tintas,13.1
2024-11-25,EPX-200,LATAM,Brasil Tintas,19.6
2024-12-02,EPX-200,LATAM,Brasil Tintas,14.2
2024-12-09,EPX-200,LATAM,Brasil Tintas,16.2
2024-12-16,EPX-200,LATAM,Brasil Tintas,18.0
2024-12-23,EPX-200,LATAM,Brasil Tintas,10.4
2024-12-30,EPX-200,LATAM,Brasil Tintas,17.8
2025-01-06,EPX-200,LATAM,Brasil Tintas,25.8
2025-01-13,EPX-200,LATAM,Brasil Tintas,15.3
2025-01-20,EPX-200,LATAM,Brasil Tintas,18.1
2025-01-27,EPX-200,LATAM,Brasil Tintas,21.5
2025-02-03,EPX-200,LATAM,Brasil Tintas,16.1
2025-02-10,EPX-200,LATAM,Brasil Tintas,14.6
2025-02-17,EPX-200,LATAM,Brasil Tintas,9.9
2025-02-24,EPX-200,LATAM,Brasil Tintas,18.9
2025-03-03,EPX-200,LATAM,Brasil Tintas,16.4
2025-03-10,EPX-200,LATAM,Brasil Tintas,13.8
2025-03-17,EPX-200,LATAM,Brasil Tintas,17.7
2025-03-24,EPX-200,LATAM,Brasil Tintas,15.2
2025-03-31,EPX-200,LATAM,Brasil Tintas,15.6
2025-04-07,EPX-200,LATAM,Brasil Tintas,20.1
2025-04-14,EPX-200,LATAM,Brasil Tintas,13.3
2025-04-21,EPX-200,LATAM,Brasil Tintas,22.9
2025-04-28,EPX-200,LATAM,Brasil Tintas,14.0
2025-05-05,EPX-200,LATAM,Brasil Tintas,16.9
2025-05-12,EPX-200,LATAM,Brasil Tintas,29.6
2025-05-19,EPX-200,LATAM,Brasil Tintas,25.5
2025-05-26,EPX-200,LATAM,Brasil Tintas,20.8
2025-06-02,EPX-200,LATAM,Brasil Tintas,17.0
2025-06-09,EPX-200,LATAM,Brasil Tintas,19.4
2025-06-16,EPX-200,LATAM,Brasil Tintas,21.9
2025-06-23,EPX-200,LATAM,Brasil Tintas,21.8
2025-06-30,EPX-200,LATAM,Brasil Tintas,21.7
2025-07-07,EPX-200,LATAM,Brasil Tintas,21.9
2025-07-14,EPX-200,LATAM,Brasil Tintas,21.7
2025-07-21,EPX-200,LATAM,Brasil Tintas,16.8
2025-07-28,EPX-200,LATAM,Brasil Tintas,20.9
2025-08-04,EPX-200,LATAM,Brasil Tintas,28.4
2025-08-11,EPX-200,LATAM,Brasil Tintas,17.5
2025-08-18,EPX-200,LATAM,Brasil Tintas,23.0
2025-08-25,EPX-200,LATAM,Brasil Tintas,20.0
2025-09-01,EPX-200,LATAM,Brasil Tintas,24.5
2025-09-08,EPX-200,LATAM,Brasil Tintas,21.9
2025-09-15,EPX-200,LATAM,Brasil Tintas,32.3
2025-09-22,EPX-200,LATAM,Brasil Tintas,25.8
2025-09-29,EPX-200,LATAM,Brasil Tintas,17.1
2025-10-06,EPX-200,LATAM,Brasil Tintas,26.2
2025-10-13,EPX-200,LATAM,Brasil Tintas,18.9
2025-10-20,EPX-200,LATAM,Brasil Tintas,19.1
2025-10-27,EPX-200,LATAM,Brasil Tintas,22.8
2025-11-03,EPX-200,LATAM,Brasil Tintas,19.1
2025-11-10,EPX-200,LATAM,Brasil Tintas,25.1
2025-11-17,EPX-200,LATAM,Brasil Tintas,16.9
2025-11-24,EPX-200,LATAM,Brasil Tintas,17.1
2025-12-01,EPX-200,LATAM,Brasil Tintas,16.8
2025-12-08,EPX-200,LATAM,Brasil Tintas,16.8
2025-12-15,EPX-200,LATAM,Brasil Tintas,24.2
2025-12-22,EPX-200,LATAM,Brasil Tintas,21.6
2025-12-29,EPX-200,LATAM,Brasil Tintas,27.2
2026-01-05,EPX-200,LATAM,Brasil Tintas,30.6
2026-01-12,EPX-200,LATAM,Brasil Tintas,15.0
2026-01-19,EPX-200,LATAM,Brasil Tintas,18.9
2026-01-26,EPX-200,LATAM,Brasil Tintas,13.9
2026-02-02,EPX-200,LATAM,Brasil Tintas,15.4
2026-02-09,EPX-200,LATAM,Brasil Tintas,15.7
2026-02-16,EPX-200,LATAM,Brasil Tintas,14.4
2026-02-23,EPX-200,LATAM,Brasil Tintas,14.7
2026-03-02,EPX-200,LATAM,Brasil Tintas,17.8
2026-03-09,EPX-200,LATAM,Brasil Tintas,13.9
2026-03-16,EPX-200,LATAM,Brasil Tintas,21.7
2026-03-23,EPX-200,LATAM,Brasil Tintas,14.9
2026-03-30,EPX-200,LATAM,Brasil Tintas,34.5
2026-04-06,EPX-200,LATAM,Brasil Tintas,17.2
2026-04-13,EPX-200,LATAM,Brasil Tintas,19.8
2026-04-20,EPX-200,LATAM,Brasil Tintas,14.7
2026-04-27,EPX-200,LATAM,Brasil Tintas,28.3
2026-05-04,EPX-200,LATAM,Brasil Tintas,25.4
2026-05-11,EPX-200,LATAM,Brasil Tintas,21.6
2026-05-18,EPX-200,LATAM,Brasil Tintas,15.4
2026-05-25,EPX-200,LATAM,Brasil Tintas,22.4
2026-06-01,EPX-200,LATAM,Brasil Tintas,17.1
2026-06-08,EPX-200,LATAM,Brasil Tintas,31.0
2026-06-15,EPX-200,LATAM,Brasil Tintas,27.5
2026-06-22,EPX-200,LATAM,Brasil Tintas,24.0
2026-06-29,EPX-200,LATAM,Brasil Tintas,13.8
2026-07-06,EPX-200,LATAM,Brasil Tintas,19.3
2026-07-13,EPX-200,LATAM,Brasil Tintas,28.2
2026-07-20,EPX-200,LATAM,Brasil Tintas,32.3
2026-07-27,EPX-200,LATAM,Brasil Tintas,31.6
2026-08-03,EPX-200,LATAM,Brasil Tintas,17.6
2026-08-10,EPX-200,LATAM,Brasil Tintas,26.6
2026-08-17,EPX-200,LATAM,Brasil Tintas,31.1
2026-08-24,EPX-200,LATAM,Brasil Tintas,17.4
2026-08-31,EPX-200,LATAM,Brasil Tintas,24.3
2026-09-07,EPX-200,LATAM,Brasil Tintas,25.2
2026-09-14,EPX-200,LATAM,Brasil Tintas,21.5
2026-09-21,EPX-200,LATAM,Brasil Tintas,14.7
2026-09-28,EPX-200,LATAM,Brasil Tintas,20.0
2024-10-07,EPX-200,LATAM,Mexico Industrial,0.8
2024-10-14,EPX-200,LATAM,Mexico Industrial,0.8
2024-10-21,EPX-200,LATAM,Mexico Industrial,0.7
2024-10-28,EPX-200,LATAM,Mexico Industrial,0.8
2024-11-04,EPX-200,LATAM,Mexico Industrial,0.8
2024-11-11,EPX-200,LATAM,Mexico Industrial,0.9
2024-11-18,EPX-200,LATAM,Mexico Industrial,0.7
2024-11-25,EPX-200,LATAM,Mexico Industrial,0.7
2024-12-02,EPX-200,LATAM,Mexico Industrial,0.8
2024-12-09,EPX-200,LATAM,Mexico Industrial,0.5
2024-12-16,EPX-200,LATAM,Mexico Industrial,0.8
2024-12-23,EPX-200,LATAM,Mexico Industrial,0.7
2024-12-30,EPX-200,LATAM,Mexico Industrial,0.7
2025-01-06,EPX-200,LATAM,Mexico Industrial,0.9
2025-01-13,EPX-200,LATAM,Mexico Industrial,0.5
2025-01-20,EPX-200,LATAM,Mexico Industrial,0.5
2025-01-27,EPX-200,LATAM,Mexico Industrial,0.8
2025-02-03,EPX-200,LATAM,Mexico Industrial,0.7
2025-02-10,EPX-200,LATAM,Mexico Industrial,0.7
2025-02-17,EPX-200,LATAM,Mexico Industrial,0.6
2025-02-24,EPX-200,LATAM,Mexico Industrial,0.8
2025-03-03,EPX-200,LATAM,Mexico Industrial,0.9
2025-03-10,EPX-200,LATAM,Mexico Industrial,0.8
2025-03-17,EPX-200,LATAM,Mexico Industrial,0.7
2025-03-24,EPX-200,LATAM,Mexico Industrial,0.4
2025-03-31,EPX-200,LATAM,Mexico Industrial,0.9
2025-04-07,EPX-200,LATAM,Mexico Industrial,1.0
2025-04-14,EPX-200,LATAM,Mexico Industrial,0.9
2025-04-21,EPX-200,LATAM,Mexico Industrial,0.6
2025-04-28,EPX-200,LATAM,Mexico Industrial,0.9
2025-05-05,EPX-200,LATAM,Mexico Industrial,1.0
2025-05-12,EPX-200,LATAM,Mexico Industrial,1.1
2025-05-19,EPX-200,LATAM,Mexico Industrial,0.7
2025-05-26,EPX-200,LATAM,Mexico Industrial,0.8
2025-06-02,EPX-200,LATAM,Mexico Industrial,1.0
2025-06-09,EPX-200,LATAM,Mexico Industrial,0.9
2025-06-16,EPX-200,LATAM,Mexico Industrial,0.7
2025-06-23,EPX-200,LATAM,Mexico Industrial,1.0
2025-06-30,EPX-200,LATAM,Mexico Industrial,1.0
2025-07-07,EPX-200,LATAM,Mexico Industrial,0.9
2025-07-14,EPX-200,LATAM,Mexico Industrial,1.0
2025-07-21,EPX-200,LATAM,Mexico Industrial,0.9
2025-07-28,EPX-200,LATAM,Mexico Industrial,1.3
2025-08-04,EPX-200,LATAM,Mexico Industrial,0.8
2025-08-11,EPX-200,LATAM,Mexico Industrial,0.9
2025-08-18,EPX-200,LATAM,Mexico Industrial,1.0
2025-08-25,EPX-200,LATAM,Mexico Industrial,1.2
2025-09-01,EPX-200,LATAM,Mexico Industrial,0.7
2025-09-08,EPX-200,LATAM,Mexico Industrial,0.7
2025-09-15,EPX-200,LATAM,Mexico Industrial,0.6
2025-09-22,EPX-200,LATAM,Mexico Industrial,1.0
2025-09-29,EPX-200,LATAM,Mexico Industrial,0.7
2025-10-06,EPX-200,LATAM,Mexico Industrial,0.9
2025-10-13,EPX-200,LATAM,Mexico Industrial,1.1
2025-10-20,EPX-200,LATAM,Mexico Industrial,0.8
2025-10-27,EPX-200,LATAM,Mexico Industrial,0.9
2025-11-03,EPX-200,LATAM,Mexico Industrial,0.8
2025-11-10,EPX-200,LATAM,Mexico Industrial,1.0
2025-11-17,EPX-200,LATAM,Mexico Industrial,0.9
2025-11-24,EPX-200,LATAM,Mexico Industrial,0.7
2025-12-01,EPX-200,LATAM,Mexico Industrial,0.8
2025-12-08,EPX-200,LATAM,Mexico Industrial,1.0
2025-12-15,EPX-200,LATAM,Mexico Industrial,0.9
2025-12-22,EPX-200,LATAM,Mexico Industrial,0.6
2025-12-29,EPX-200,LATAM,Mexico Industrial,0.9
2026-01-05,EPX-200,LATAM,Mexico Industrial,0.6
2026-01-12,EPX-200,LATAM,Mexico Industrial,1.1
2026-01-19,EPX-200,LATAM,Mexico Industrial,1.0
2026-01-26,EPX-200,LATAM,Mexico Industrial,0.8
2026-02-02,EPX-200,LATAM,Mexico Industrial,0.8
2026-02-09,EPX-200,LATAM,Mexico Industrial,0.7
2026-02-16,EPX-200,LATAM,Mexico Industrial,0.9
2026-02-23,EPX-200,LATAM,Mexico Industrial,0.7
2026-03-02,EPX-200,LATAM,Mexico Industrial,0.8
2026-03-09,EPX-200,LATAM,Mexico Industrial,0.9
2026-03-16,EPX-200,LATAM,Mexico Industrial,0.7
2026-03-23,EPX-200,LATAM,Mexico Industrial,0.7
2026-03-30,EPX-200,LATAM,Mexico Industrial,0.6
2026-04-06,EPX-200,LATAM,Mexico Industrial,0.6
2026-04-13,EPX-200,LATAM,Mexico Industrial,0.5
2026-04-20,EPX-200,LATAM,Mexico Industrial,1.0
2026-04-27,EPX-200,LATAM,Mexico Industrial,1.2
2026-05-04,EPX-200,LATAM,Mexico Industrial,1.1
2026-05-11,EPX-200,LATAM,Mexico Industrial,0.6
2026-05-18,EPX-200,LATAM,Mexico Industrial,1.0
2026-05-25,EPX-200,LATAM,Mexico Industrial,1.2
2026-06-01,EPX-200,LATAM,Mexico Industrial,0.8
2026-06-08,EPX-200,LATAM,Mexico Industrial,1.0
2026-06-15,EPX-200,LATAM,Mexico Industrial,0.6
2026-06-22,EPX-200,LATAM,Mexico Industrial,1.0
2026-06-29,EPX-200,LATAM,Mexico Industrial,0.8
2026-07-06,EPX-200,LATAM,Mexico Industrial,1.0
2026-07-13,EPX-200,LATAM,Mexico Industrial,0.7
2026-07-20,EPX-200,LATAM,Mexico Industrial,1.2
2026-07-27,EPX-200,LATAM,Mexico Industrial,1.3
2026-08-03,EPX-200,LATAM,Mexico Industrial,0.9
2026-08-10,EPX-200,LATAM,Mexico Industrial,0.8
2026-08-17,EPX-200,LATAM,Mexico Industrial,0.6
2026-08-24,EPX-200,LATAM,Mexico Industrial,1.0
2026-08-31,EPX-200,LATAM,Mexico Industrial,0.9
2026-09-07,EPX-200,LATAM,Mexico Industrial,0.7
2026-09-14,EPX-200,LATAM,Mexico Industrial,1.1
2026-09-21,EPX-200,LATAM,Mexico Industrial,0.8
2026-09-28,EPX-200,LATAM,Mexico Industrial,0.7
2024-10-07,EPX-310,NAM,Apex Coatings,27.7
2024-10-14,EPX-310,NAM,Apex Coatings,24.7
2024-10-21,EPX-310,NAM,Apex Coatings,30.8
2024-10-28,EPX-310,NAM,Apex Coatings,24.1
2024-11-04,EPX-310,NAM,Apex Coatings,32.3
2024-11-11,EPX-310,NAM,Apex Coatings,33.7
2024-11-18,EPX-310,NAM,Apex Coatings,16.2
2024-11-25,EPX-310,NAM,Apex Coatings,39.9
2024-12-02,EPX-310,NAM,Apex Coatings,15.7
2024-12-09,EPX-310,NAM,Apex Coatings,27.5
2024-12-16,EPX-310,NAM,Apex Coatings,40.0
2024-12-23,EPX-310,NAM,Apex Coatings,30.3
2024-12-30,EPX-310,NAM,Apex Coatings,23.5
2025-01-06,EPX-310,NAM,Apex Coatings,26.2
2025-01-13,EPX-310,NAM,Apex Coatings,42.7
2025-01-20,EPX-310,NAM,Apex Coatings,22.5
2025-01-27,EPX-310,NAM,Apex Coatings,45.1
2025-02-03,EPX-310,NAM,Apex Coatings,35.3
2025-02-10,EPX-310,NAM,Apex Coatings,27.1
2025-02-17,EPX-310,NAM,Apex Coatings,31.2
2025-02-24,EPX-310,NAM,Apex Coatings,28.0
2025-03-03,EPX-310,NAM,Apex Coatings,42.6
2025-03-10,EPX-310,NAM,Apex Coatings,41.2
2025-03-17,EPX-310,NAM,Apex Coatings,23.7
2025-03-24,EPX-310,NAM,Apex Coatings,31.1
2025-03-31,EPX-310,NAM,Apex Coatings,28.2
2025-04-07,EPX-310,NAM,Apex Coatings,44.7
2025-04-14,EPX-310,NAM,Apex Coatings,24.4
2025-04-21,EPX-310,NAM,Apex Coatings,45.6
2025-04-28,EPX-310,NAM,Apex Coatings,31.6
2025-05-05,EPX-310,NAM,Apex Coatings,24.3
2025-05-12,EPX-310,NAM,Apex Coatings,26.6
2025-05-19,EPX-310,NAM,Apex Coatings,25.5
2025-05-26,EPX-310,NAM,Apex Coatings,23.2
2025-06-02,EPX-310,NAM,Apex Coatings,30.5
2025-06-09,EPX-310,NAM,Apex Coatings,22.2
2025-06-16,EPX-310,NAM,Apex Coatings,17.4
2025-06-23,EPX-310,NAM,Apex Coatings,25.7
2025-06-30,EPX-310,NAM,Apex Coatings,18.7
2025-07-07,EPX-310,NAM,Apex Coatings,23.2
2025-07-14,EPX-310,NAM,Apex Coatings,21.9
2025-07-21,EPX-310,NAM,Apex Coatings,21.6
2025-07-28,EPX-310,NAM,Apex Coatings,40.7
2025-08-04,EPX-310,NAM,Apex Coatings,26.7
2025-08-11,EPX-310,NAM,Apex Coatings,28.0
2025-08-18,EPX-310,NAM,Apex Coatings,17.8
2025-08-25,EPX-310,NAM,Apex Coatings,22.9
2025-09-01,EPX-310,NAM,Apex Coatings,28.1
2025-09-08,EPX-310,NAM,Apex Coatings,21.7
2025-09-15,EPX-310,NAM,Apex Coatings,34.1
2025-09-22,EPX-310,NAM,Apex Coatings,21.8
2025-09-29,EPX-310,NAM,Apex Coatings,27.4
2025-10-06,EPX-310,NAM,Apex Coatings,26.3
2025-10-13,EPX-310,NAM,Apex Coatings,31.7
2025-10-20,EPX-310,NAM,Apex Coatings,27.4
2025-10-27,EPX-310,NAM,Apex Coatings,29.8
2025-11-03,EPX-310,NAM,Apex Coatings,30.6
2025-11-10,EPX-310,NAM,Apex Coatings,27.9
2025-11-17,EPX-310,NAM,Apex Coatings,37.0
2025-11-24,EPX-310,NAM,Apex Coatings,35.6
2025-12-01,EPX-310,NAM,Apex Coatings,34.5
2025-12-08,EPX-310,NAM,Apex Coatings,32.4
2025-12-15,EPX-310,NAM,Apex Coatings,43.8
2025-12-22,EPX-310,NAM,Apex Coatings,34.6
2025-12-29,EPX-310,NAM,Apex Coatings,34.4
2026-01-05,EPX-310,NAM,Apex Coatings,38.4
2026-01-12,EPX-310,NAM,Apex Coatings,55.4
2026-01-19,EPX-310,NAM,Apex Coatings,28.9
2026-01-26,EPX-310,NAM,Apex Coatings,46.8
2026-02-02,EPX-310,NAM,Apex Coatings,26.0
2026-02-09,EPX-310,NAM,Apex Coatings,41.3
2026-02-16,EPX-310,NAM,Apex Coatings,56.5
2026-02-23,EPX-310,NAM,Apex Coatings,44.2
2026-03-02,EPX-310,NAM,Apex Coatings,40.3
2026-03-09,EPX-310,NAM,Apex Coatings,33.6
2026-03-16,EPX-310,NAM,Apex Coatings,37.5
2026-03-23,EPX-310,NAM,Apex Coatings,35.1
2026-03-30,EPX-310,NAM,Apex Coatings,30.8
2026-04-06,EPX-310,NAM,Apex Coatings,34.2
2026-04-13,EPX-310,NAM,Apex Coatings,37.3
2026-04-20,EPX-310,NAM,Apex Coatings,29.8
2026-04-27,EPX-310,NAM,Apex Coatings,29.2
2026-05-04,EPX-310,NAM,Apex Coatings,25.3
2026-05-11,EPX-310,NAM,Apex Coatings,36.6
2026-05-18,EPX-310,NAM,Apex Coatings,36.8
2026-05-25,EPX-310,NAM,Apex Coatings,33.4
2026-06-01,EPX-310,NAM,Apex Coatings,38.3
2026-06-08,EPX-310,NAM,Apex Coatings,30.4
2026-06-15,EPX-310,NAM,Apex Coatings,32.1
2026-06-22,EPX-310,NAM,Apex Coatings,30.7
2026-06-29,EPX-310,NAM,Apex Coatings,27.7
2026-07-06,EPX-310,NAM,Apex Coatings,24.9
2026-07-13,EPX-310,NAM,Apex Coatings,45.2
2026-07-20,EPX-310,NAM,Apex Coatings,25.1
2026-07-27,EPX-310,NAM,Apex Coatings,23.8
2026-08-03,EPX-310,NAM,Apex Coatings,30.0
2026-08-10,EPX-310,NAM,Apex Coatings,28.7
2026-08-17,EPX-310,NAM,Apex Coatings,19.5
2026-08-24,EPX-310,NAM,Apex Coatings,33.6
2026-08-31,EPX-310,NAM,Apex Coatings,25.3
2026-09-07,EPX-310,NAM,Apex Coatings,20.2
2026-09-14,EPX-310,NAM,Apex Coatings,34.1
2026-09-21,EPX-310,NAM,Apex Coatings,30.3
2026-09-28,EPX-310,NAM,Apex Coatings,20.2
2024-10-07,EPX-310,NAM,Midwest Plastics,15.9
2024-10-14,EPX-310,NAM,Midwest Plastics,12.7
2024-10-21,EPX-310,NAM,Midwest Plastics,11.2
2024-10-28,EPX-310,NAM,Midwest Plastics,16.3
2024-11-04,EPX-310,NAM,Midwest Plastics,12.0
2024-11-11,EPX-310,NAM,Midwest Plastics,11.9
2024-11-18,EPX-310,NAM,Midwest Plastics,10.7
2024-11-25,EPX-310,NAM,Midwest Plastics,14.0
2024-12-02,EPX-310,NAM,Midwest Plastics,13.7
2024-12-09,EPX-310,NAM,Midwest Plastics,12.7
2024-12-16,EPX-310,NAM,Midwest Plastics,10.8
2024-12-23,EPX-310,NAM,Midwest Plastics,13.4
2024-12-30,EPX-310,NAM,Midwest Plastics,12.8
2025-01-06,EPX-310,NAM,Midwest Plastics,10.0
2025-01-13,EPX-310,NAM,Midwest Plastics,9.9
2025-01-20,EPX-310,NAM,Midwest Plastics,15.7
2025-01-27,EPX-310,NAM,Midwest Plastics,8.0
2025-02-03,EPX-310,NAM,Midwest Plastics,15.0
2025-02-10,EPX-310,NAM,Midwest Plastics,12.8
2025-02-17,EPX-310,NAM,Midwest Plastics,19.0
2025-02-24,EPX-310,NAM,Midwest Plastics,12.6
2025-03-03,EPX-310,NAM,Midwest Plastics,16.4
2025-03-10,EPX-310,NAM,Midwest Plastics,12.9
2025-03-17,EPX-310,NAM,Midwest Plastics,14.2
2025-03-24,EPX-310,NAM,Midwest Plastics,16.1
2025-03-31,EPX-310,NAM,Midwest Plastics,12.4
2025-04-07,EPX-310,NAM,Midwest Plastics,16.8
2025-04-14,EPX-310,NAM,Midwest Plastics,10.6
2025-04-21,EPX-310,NAM,Midwest Plastics,13.7
2025-04-28,EPX-310,NAM,Midwest Plastics,15.7
2025-05-05,EPX-310,NAM,Midwest Plastics,14.6
2025-05-12,EPX-310,NAM,Midwest Plastics,18.9
2025-05-19,EPX-310,NAM,Midwest Plastics,10.3
2025-05-26,EPX-310,NAM,Midwest Plastics,9.1
2025-06-02,EPX-310,NAM,Midwest Plastics,9.6
2025-06-09,EPX-310,NAM,Midwest Plastics,13.5
2025-06-16,EPX-310,NAM,Midwest Plastics,12.6
2025-06-23,EPX-310,NAM,Midwest Plastics,11.5
2025-06-30,EPX-310,NAM,Midwest Plastics,8.7
2025-07-07,EPX-310,NAM,Midwest Plastics,13.0
2025-07-14,EPX-310,NAM,Midwest Plastics,8.2
2025-07-21,EPX-310,NAM,Midwest Plastics,13.5
2025-07-28,EPX-310,NAM,Midwest Plastics,19.7
2025-08-04,EPX-310,NAM,Midwest Plastics,11.5
2025-08-11,EPX-310,NAM,Midwest Plastics,12.1
2025-08-18,EPX-310,NAM,Midwest Plastics,9.5
2025-08-25,EPX-310,NAM,Midwest Plastics,7.1
2025-09-01,EPX-310,NAM,Midwest Plastics,9.4
2025-09-08,EPX-310,NAM,Midwest Plastics,8.6
2025-09-15,EPX-310,NAM,Midwest Plastics,8.2
2025-09-22,EPX-310,NAM,Midwest Plastics,16.7
2025-09-29,EPX-310,NAM,Midwest Plastics,12.4
2025-10-06,EPX-310,NAM,Midwest Plastics,13.1
2025-10-13,EPX-310,NAM,Midwest Plastics,11.5
2025-10-20,EPX-310,NAM,Midwest Plastics,12.2
2025-10-27,EPX-310,NAM,Midwest Plastics,15.7
2025-11-03,EPX-310,NAM,Midwest Plastics,12.9
2025-11-10,EPX-310,NAM,Midwest Plastics,14.8
2025-11-17,EPX-310,NAM,Midwest Plastics,12.8
2025-11-24,EPX-310,NAM,Midwest Plastics,12.6
2025-12-01,EPX-310,NAM,Midwest Plastics,10.4
2025-12-08,EPX-310,NAM,Midwest Plastics,9.2
2025-12-15,EPX-310,NAM,Midwest Plastics,13.9
2025-12-22,EPX-310,NAM,Midwest Plastics,14.8
2025-12-29,EPX-310,NAM,Midwest Plastics,11.2
2026-01-05,EPX-310,NAM,Midwest Plastics,15.0
2026-01-12,EPX-310,NAM,Midwest Plastics,15.5
2026-01-19,EPX-310,NAM,Midwest Plastics,9.7
2026-01-26,EPX-310,NAM,Midwest Plastics,13.0
2026-02-02,EPX-310,NAM,Midwest Plastics,17.3
2026-02-09,EPX-310,NAM,Midwest Plastics,17.2
2026-02-16,EPX-310,NAM,Midwest Plastics,12.5
2026-02-23,EPX-310,NAM,Midwest Plastics,16.5
2026-03-02,EPX-310,NAM,Midwest Plastics,19.5
2026-03-09,EPX-310,NAM,Midwest Plastics,18.1
2026-03-16,EPX-310,NAM,Midwest Plastics,14.7
2026-03-23,EPX-310,NAM,Midwest Plastics,13.4
2026-03-30,EPX-310,NAM,Midwest Plastics,12.8
2026-04-06,EPX-310,NAM,Midwest Plastics,16.2
2026-04-13,EPX-310,NAM,Midwest Plastics,15.0
2026-04-20,EPX-310,NAM,Midwest Plastics,16.3
2026-04-27,EPX-310,NAM,Midwest Plastics,14.4
2026-05-04,EPX-310,NAM,Midwest Plastics,16.4
2026-05-11,EPX-310,NAM,Midwest Plastics,13.8
2026-05-18,EPX-310,NAM,Midwest Plastics,15.6
2026-05-25,EPX-310,NAM,Midwest Plastics,15.5
2026-06-01,EPX-310,NAM,Midwest Plastics,10.4
2026-06-08,EPX-310,NAM,Midwest Plastics,8.1
2026-06-15,EPX-310,NAM,Midwest Plastics,16.6
2026-06-22,EPX-310,NAM,Midwest Plastics,12.2
2026-06-29,EPX-310,NAM,Midwest Plastics,7.8
2026-07-06,EPX-310,NAM,Midwest Plastics,9.6
2026-07-13,EPX-310,NAM,Midwest Plastics,13.2
2026-07-20,EPX-310,NAM,Midwest Plastics,10.5
2026-07-27,EPX-310,NAM,Midwest Plastics,9.9
2026-08-03,EPX-310,NAM,Midwest Plastics,14.9
2026-08-10,EPX-310,NAM,Midwest Plastics,8.6
2026-08-17,EPX-310,NAM,Midwest Plastics,9.0
2026-08-24,EPX-310,NAM,Midwest Plastics,11.0
2026-08-31,EPX-310,NAM,Midwest Plastics,11.3
2026-09-07,EPX-310,NAM,Midwest Plastics,11.5
2026-09-14,EPX-310,NAM,Midwest Plastics,12.9
2026-09-21,EPX-310,NAM,Midwest Plastics,11.1
2026-09-28,EPX-310,NAM,Midwest Plastics,12.0
2024-10-07,EPX-310,NAM,Gulf Packaging,2.4
2024-10-14,EPX-310,NAM,Gulf Packaging,2.6
2024-10-21,EPX-310,NAM,Gulf Packaging,2.7
2024-10-28,EPX-310,NAM,Gulf Packaging,2.8
2024-11-04,EPX-310,NAM,Gulf Packaging,3.2
2024-11-11,EPX-310,NAM,Gulf Packaging,3.1
2024-11-18,EPX-310,NAM,Gulf Packaging,2.9
2024-11-25,EPX-310,NAM,Gulf Packaging,2.4
2024-12-02,EPX-310,NAM,Gulf Packaging,2.9
2024-12-09,EPX-310,NAM,Gulf Packaging,2.9
2024-12-16,EPX-310,NAM,Gulf Packaging,3.1
2024-12-23,EPX-310,NAM,Gulf Packaging,4.9
2024-12-30,EPX-310,NAM,Gulf Packaging,2.7
2025-01-06,EPX-310,NAM,Gulf Packaging,3.4
2025-01-13,EPX-310,NAM,Gulf Packaging,4.0
2025-01-20,EPX-310,NAM,Gulf Packaging,3.3
2025-01-27,EPX-310,NAM,Gulf Packaging,5.5
2025-02-03,EPX-310,NAM,Gulf Packaging,3.1
2025-02-10,EPX-310,NAM,Gulf Packaging,3.5
2025-02-17,EPX-310,NAM,Gulf Packaging,2.8
2025-02-24,EPX-310,NAM,Gulf Packaging,3.0
2025-03-03,EPX-310,NAM,Gulf Packaging,3.5
2025-03-10,EPX-310,NAM,Gulf Packaging,3.9
2025-03-17,EPX-310,NAM,Gulf Packaging,3.5
2025-03-24,EPX-310,NAM,Gulf Packaging,4.2
2025-03-31,EPX-310,NAM,Gulf Packaging,3.1
2025-04-07,EPX-310,NAM,Gulf Packaging,2.9
2025-04-14,EPX-310,NAM,Gulf Packaging,5.6
2025-04-21,EPX-310,NAM,Gulf Packaging,3.3
2025-04-28,EPX-310,NAM,Gulf Packaging,2.5
2025-05-05,EPX-310,NAM,Gulf Packaging,2.5
2025-05-12,EPX-310,NAM,Gulf Packaging,2.3
2025-05-19,EPX-310,NAM,Gulf Packaging,3.5
2025-05-26,EPX-310,NAM,Gulf Packaging,2.6
2025-06-02,EPX-310,NAM,Gulf Packaging,2.9
2025-06-09,EPX-310,NAM,Gulf Packaging,2.7
2025-06-16,EPX-310,NAM,Gulf Packaging,3.1
2025-06-23,EPX-310,NAM,Gulf Packaging,2.2
2025-06-30,EPX-310,NAM,Gulf Packaging,2.1
2025-07-07,EPX-310,NAM,Gulf Packaging,2.7
2025-07-14,EPX-310,NAM,Gulf Packaging,2.9
2025-07-21,EPX-310,NAM,Gulf Packaging,2.6
2025-07-28,EPX-310,NAM,Gulf Packaging,2.0
2025-08-04,EPX-310,NAM,Gulf Packaging,2.9
2025-08-11,EPX-310,NAM,Gulf Packaging,2.1
2025-08-18,EPX-310,NAM,Gulf Packaging,2.2
2025-08-25,EPX-310,NAM,Gulf Packaging,2.0
2025-09-01,EPX-310,NAM,Gulf Packaging,3.3
2025-09-08,EPX-310,NAM,Gulf Packaging,2.9
2025-09-15,EPX-310,NAM,Gulf Packaging,3.0
2025-09-22,EPX-310,NAM,Gulf Packaging,3.5
2025-09-29,EPX-310,NAM,Gulf Packaging,5.1
2025-10-06,EPX-310,NAM,Gulf Packaging,1.9
2025-10-13,EPX-310,NAM,Gulf Packaging,2.4
2025-10-20,EPX-310,NAM,Gulf Packaging,2.6
2025-10-27,EPX-310,NAM,Gulf Packaging,2.5
2025-11-03,EPX-310,NAM,Gulf Packaging,2.4
2025-11-10,EPX-310,NAM,Gulf Packaging,2.9
2025-11-17,EPX-310,NAM,Gulf Packaging,2.4
2025-11-24,EPX-310,NAM,Gulf Packaging,3.4
2025-12-01,EPX-310,NAM,Gulf Packaging,3.3
2025-12-08,EPX-310,NAM,Gulf Packaging,3.7
2025-12-15,EPX-310,NAM,Gulf Packaging,3.8
2025-12-22,EPX-310,NAM,Gulf Packaging,3.9
2025-12-29,EPX-310,NAM,Gulf Packaging,3.2
2026-01-05,EPX-310,NAM,Gulf Packaging,5.6
2026-01-12,EPX-310,NAM,Gulf Packaging,3.8
2026-01-19,EPX-310,NAM,Gulf Packaging,2.4
2026-01-26,EPX-310,NAM,Gulf Packaging,3.0
2026-02-02,EPX-310,NAM,Gulf Packaging,2.5
2026-02-09,EPX-310,NAM,Gulf Packaging,3.7
2026-02-16,EPX-310,NAM,Gulf Packaging,3.6
2026-02-23,EPX-310,NAM,Gulf Packaging,3.3
2026-03-02,EPX-310,NAM,Gulf Packaging,5.6
2026-03-09,EPX-310,NAM,Gulf Packaging,4.0
2026-03-16,EPX-310,NAM,Gulf Packaging,4.1
2026-03-23,EPX-310,NAM,Gulf Packaging,2.8
2026-03-30,EPX-310,NAM,Gulf Packaging,2.7
2026-04-06,EPX-310,NAM,Gulf Packaging,3.4
2026-04-13,EPX-310,NAM,Gulf Packaging,3.5
2026-04-20,EPX-310,NAM,Gulf Packaging,2.2
2026-04-27,EPX-310,NAM,Gulf Packaging,3.1
2026-05-04,EPX-310,NAM,Gulf Packaging,3.2
2026-05-11,EPX-310,NAM,Gulf Packaging,3.0
2026-05-18,EPX-310,NAM,Gulf Packaging,2.5
2026-05-25,EPX-310,NAM,Gulf Packaging,2.6
2026-06-01,EPX-310,NAM,Gulf Packaging,2.8
2026-06-08,EPX-310,NAM,Gulf Packaging,2.8
2026-06-15,EPX-310,NAM,Gulf Packaging,3.1
2026-06-22,EPX-310,NAM,Gulf Packaging,3.4
2026-06-29,EPX-310,NAM,Gulf Packaging,2.5
2026-07-06,EPX-310,NAM,Gulf Packaging,2.4
2026-07-13,EPX-310,NAM,Gulf Packaging,2.9
2026-07-20,EPX-310,NAM,Gulf Packaging,3.0
2026-07-27,EPX-310,NAM,Gulf Packaging,2.3
2026-08-03,EPX-310,NAM,Gulf Packaging,3.0
2026-08-10,EPX-310,NAM,Gulf Packaging,3.1
2026-08-17,EPX-310,NAM,Gulf Packaging,3.3
2026-08-24,EPX-310,NAM,Gulf Packaging,3.6
2026-08-31,EPX-310,NAM,Gulf Packaging,2.0
2026-09-07,EPX-310,NAM,Gulf Packaging,2.4
2026-09-14,EPX-310,NAM,Gulf Packaging,2.5
2026-09-21,EPX-310,NAM,Gulf Packaging,2.4
2026-09-28,EPX-310,NAM,Gulf Packaging,2.2
2024-10-07,EPX-310,EU,Rhein Composites,20.6
2024-10-14,EPX-310,EU,Rhein Composites,23.1
2024-10-21,EPX-310,EU,Rhein Composites,33.7
2024-10-28,EPX-310,EU,Rhein Composites,22.6
2024-11-04,EPX-310,EU,Rhein Composites,24.2
2024-11-11,EPX-310,EU,Rhein Composites,17.3
2024-11-18,EPX-310,EU,Rhein Composites,16.9
2024-11-25,EPX-310,EU,Rhein Composites,32.9
2024-12-02,EPX-310,EU,Rhein Composites,18.9
2024-12-09,EPX-310,EU,Rhein Composites,18.8
2024-12-16,EPX-310,EU,Rhein Composites,24.0
2024-12-23,EPX-310,EU,Rhein Composites,23.9
2024-12-30,EPX-310,EU,Rhein Composites,19.9
2025-01-06,EPX-310,EU,Rhein Composites,23.0
2025-01-13,EPX-310,EU,Rhein Composites,32.4
2025-01-20,EPX-310,EU,Rhein Composites,20.9
2025-01-27,EPX-310,EU,Rhein Composites,18.5
2025-02-03,EPX-310,EU,Rhein Composites,31.9
2025-02-10,EPX-310,EU,Rhein Composites,28.8
2025-02-17,EPX-310,EU,Rhein Composites,22.2
2025-02-24,EPX-310,EU,Rhein Composites,18.0
2025-03-03,EPX-310,EU,Rhein Composites,21.6
2025-03-10,EPX-310,EU,Rhein Composites,25.5
2025-03-17,EPX-310,EU,Rhein Composites,33.5
2025-03-24,EPX-310,EU,Rhein Composites,20.5
2025-03-31,EPX-310,EU,Rhein Composites,25.5
2025-04-07,EPX-310,EU,Rhein Composites,29.1
2025-04-14,EPX-310,EU,Rhein Composites,14.6
2025-04-21,EPX-310,EU,Rhein Composites,29.9
2025-04-28,EPX-310,EU,Rhein Composites,18.0
2025-05-05,EPX-310,EU,Rhein Composites,24.1
2025-05-12,EPX-310,EU,Rhein Composites,23.4
2025-05-19,EPX-310,EU,Rhein Composites,27.4
2025-05-26,EPX-310,EU,Rhein Composites,23.4
2025-06-02,EPX-310,EU,Rhein Composites,11.8
2025-06-09,EPX-310,EU,Rhein Composites,16.5
2025-06-16,EPX-310,EU,Rhein Composites,20.1
2025-06-23,EPX-310,EU,Rhein Composites,18.9
2025-06-30,EPX-310,EU,Rhein Composites,22.4
2025-07-07,EPX-310,EU,Rhein Composites,23.7
2025-07-14,EPX-310,EU,Rhein Composites,22.3
2025-07-21,EPX-310,EU,Rhein Composites,17.9
2025-07-28,EPX-310,EU,Rhein Composites,12.4
2025-08-04,EPX-310,EU,Rhein Composites,16.6
2025-08-11,EPX-310,EU,Rhein Composites,20.0
2025-08-18,EPX-310,EU,Rhein Composites,14.2
2025-08-25,EPX-310,EU,Rhein Composites,20.8
2025-09-01,EPX-310,EU,Rhein Composites,22.7
2025-09-08,EPX-310,EU,Rhein Composites,19.3
2025-09-15,EPX-310,EU,Rhein Composites,9.7
2025-09-22,EPX-310,EU,Rhein Composites,14.4
2025-09-29,EPX-310,EU,Rhein Composites,28.6
2025-10-06,EPX-310,EU,Rhein Composites,17.0
2025-10-13,EPX-310,EU,Rhein Composites,12.7
2025-10-20,EPX-310,EU,Rhein Composites,27.0
2025-10-27,EPX-310,EU,Rhein Composites,21.1
2025-11-03,EPX-310,EU,Rhein Composites,27.9
2025-11-10,EPX-310,EU,Rhein Composites,23.5
2025-11-17,EPX-310,EU,Rhein Composites,24.7
2025-11-24,EPX-310,EU,Rhein Composites,24.3
2025-12-01,EPX-310,EU,Rhein Composites,26.4
2025-12-08,EPX-310,EU,Rhein Composites,39.4
2025-12-15,EPX-310,EU,Rhein Composites,29.8
2025-12-22,EPX-310,EU,Rhein Composites,17.4
2025-12-29,EPX-310,EU,Rhein Composites,27.4
2026-01-05,EPX-310,EU,Rhein Composites,32.6
2026-01-12,EPX-310,EU,Rhein Composites,33.8
2026-01-19,EPX-310,EU,Rhein Composites,23.7
2026-01-26,EPX-310,EU,Rhein Composites,33.9
2026-02-02,EPX-310,EU,Rhein Composites,32.0
2026-02-09,EPX-310,EU,Rhein Composites,46.3
2026-02-16,EPX-310,EU,Rhein Composites,22.2
2026-02-23,EPX-310,EU,Rhein Composites,23.0
2026-03-02,EPX-310,EU,Rhein Composites,23.4
2026-03-09,EPX-310,EU,Rhein Composites,22.5
2026-03-16,EPX-310,EU,Rhein Composites,20.8
2026-03-23,EPX-310,EU,Rhein Composites,13.6
2026-03-30,EPX-310,EU,Rhein Composites,22.5
2026-04-06,EPX-310,EU,Rhein Composites,26.6
2026-04-13,EPX-310,EU,Rhein Composites,22.1
2026-04-20,EPX-310,EU,Rhein Composites,37.1
2026-04-27,EPX-310,EU,Rhein Composites,23.7
2026-05-04,EPX-310,EU,Rhein Composites,31.3
2026-05-11,EPX-310,EU,Rhein Composites,24.6
2026-05-18,EPX-310,EU,Rhein Composites,27.9
2026-05-25,EPX-310,EU,Rhein Composites,24.2
2026-06-01,EPX-310,EU,Rhein Composites,29.7
2026-06-08,EPX-310,EU,Rhein Composites,21.4
2026-06-15,EPX-310,EU,Rhein Composites,23.7
2026-06-22,EPX-310,EU,Rhein Composites,23.0
2026-06-29,EPX-310,EU,Rhein Composites,19.6
2026-07-06,EPX-310,EU,Rhein Composites,22.4
2026-07-13,EPX-310,EU,Rhein Composites,33.7
2026-07-20,EPX-310,EU,Rhein Composites,18.9
2026-07-27,EPX-310,EU,Rhein Composites,21.5
2026-08-03,EPX-310,EU,Rhein Composites,26.0
2026-08-10,EPX-310,EU,Rhein Composites,25.2
2026-08-17,EPX-310,EU,Rhein Composites,19.4
2026-08-24,EPX-310,EU,Rhein Composites,11.3
2026-08-31,EPX-310,EU,Rhein Composites,21.2
2026-09-07,EPX-310,EU,Rhein Composites,11.8
2026-09-14,EPX-310,EU,Rhein Composites,26.4
2026-09-21,EPX-310,EU,Rhein Composites,20.1
2026-09-28,EPX-310,EU,Rhein Composites,23.2
2024-10-07,EPX-310,EU,Nordic Paints,11.9
2024-10-14,EPX-310,EU,Nordic Paints,10.6
2024-10-21,EPX-310,EU,Nordic Paints,16.1
2024-10-28,EPX-310,EU,Nordic Paints,15.4
2024-11-04,EPX-310,EU,Nordic Paints,14.3
2024-11-11,EPX-310,EU,Nordic Paints,16.4
2024-11-18,EPX-310,EU,Nordic Paints,30.0
2024-11-25,EPX-310,EU,Nordic Paints,20.4
2024-12-02,EPX-310,EU,Nordic Paints,21.3
2024-12-09,EPX-310,EU,Nordic Paints,20.8
2024-12-16,EPX-310,EU,Nordic Paints,24.5
2024-12-23,EPX-310,EU,Nordic Paints,17.1
2024-12-30,EPX-310,EU,Nordic Paints,11.3
2025-01-06,EPX-310,EU,Nordic Paints,17.2
2025-01-13,EPX-310,EU,Nordic Paints,21.6
2025-01-20,EPX-310,EU,Nordic Paints,14.7
2025-01-27,EPX-310,EU,Nordic Paints,17.7
2025-02-03,EPX-310,EU,Nordic Paints,16.3
2025-02-10,EPX-310,EU,Nordic Paints,26.3
2025-02-17,EPX-310,EU,Nordic Paints,21.9
2025-02-24,EPX-310,EU,Nordic Paints,21.5
2025-03-03,EPX-310,EU,Nordic Paints,21.3
2025-03-10,EPX-310,EU,Nordic Paints,18.7
2025-03-17,EPX-310,EU,Nordic Paints,19.8
2025-03-24,EPX-310,EU,Nordic Paints,14.5
2025-03-31,EPX-310,EU,Nordic Paints,11.7
2025-04-07,EPX-310,EU,Nordic Paints,19.0
2025-04-14,EPX-310,EU,Nordic Paints,19.3
2025-04-21,EPX-310,EU,Nordic Paints,22.7
2025-04-28,EPX-310,EU,Nordic Paints,24.0
2025-05-05,EPX-310,EU,Nordic Paints,23.1
2025-05-12,EPX-310,EU,Nordic Paints,13.0
2025-05-19,EPX-310,EU,Nordic Paints,14.6
2025-05-26,EPX-310,EU,Nordic Paints,16.8
2025-06-02,EPX-310,EU,Nordic Paints,25.4
2025-06-09,EPX-310,EU,Nordic Paints,19.9
2025-06-16,EPX-310,EU,Nordic Paints,18.2
2025-06-23,EPX-310,EU,Nordic Paints,13.2
2025-06-30,EPX-310,EU,Nordic Paints,12.1
2025-07-07,EPX-310,EU,Nordic Paints,17.3
2025-07-14,EPX-310,EU,Nordic Paints,11.2
2025-07-21,EPX-310,EU,Nordic Paints,13.0
2025-07-28,EPX-310,EU,Nordic Paints,13.2
2025-08-04,EPX-310,EU,Nordic Paints,19.0
2025-08-11,EPX-310,EU,Nordic Paints,12.3
2025-08-18,EPX-310,EU,Nordic Paints,7.7
2025-08-25,EPX-310,EU,Nordic Paints,14.8
2025-09-01,EPX-310,EU,Nordic Paints,11.6
2025-09-08,EPX-310,EU,Nordic Paints,13.8
2025-09-15,EPX-310,EU,Nordic Paints,13.6
2025-09-22,EPX-310,EU,Nordic Paints,13.1
2025-09-29,EPX-310,EU,Nordic Paints,16.4
2025-10-06,EPX-310,EU,Nordic Paints,10.0
2025-10-13,EPX-310,EU,Nordic Paints,12.8
2025-10-20,EPX-310,EU,Nordic Paints,17.5
2025-10-27,EPX-310,EU,Nordic Paints,13.4
2025-11-03,EPX-310,EU,Nordic Paints,11.2
2025-11-10,EPX-310,EU,Nordic Paints,18.7
2025-11-17,EPX-310,EU,Nordic Paints,20.8
2025-11-24,EPX-310,EU,Nordic Paints,16.2
2025-12-01,EPX-310,EU,Nordic Paints,10.8
2025-12-08,EPX-310,EU,Nordic Paints,20.3
2025-12-15,EPX-310,EU,Nordic Paints,12.2
2025-12-22,EPX-310,EU,Nordic Paints,19.3
2025-12-29,EPX-310,EU,Nordic Paints,14.9
2026-01-05,EPX-310,EU,Nordic Paints,14.4
2026-01-12,EPX-310,EU,Nordic Paints,17.2
2026-01-19,EPX-310,EU,Nordic Paints,18.3
2026-01-26,EPX-310,EU,Nordic Paints,16.6
2026-02-02,EPX-310,EU,Nordic Paints,21.7
2026-02-09,EPX-310,EU,Nordic Paints,17.4
2026-02-16,EPX-310,EU,Nordic Paints,23.7
2026-02-23,EPX-310,EU,Nordic Paints,19.9
2026-03-02,EPX-310,EU,Nordic Paints,15.7
2026-03-09,EPX-310,EU,Nordic Paints,15.1
2026-03-16,EPX-310,EU,Nordic Paints,12.9
2026-03-23,EPX-310,EU,Nordic Paints,19.5
2026-03-30,EPX-310,EU,Nordic Paints,16.7
2026-04-06,EPX-310,EU,Nordic Paints,10.6
2026-04-13,EPX-310,EU,Nordic Paints,16.0
2026-04-20,EPX-310,EU,Nordic Paints,14.5
2026-04-27,EPX-310,EU,Nordic Paints,24.4
2026-05-04,EPX-310,EU,Nordic Paints,11.8
2026-05-11,EPX-310,EU,Nordic Paints,12.3
2026-05-18,EPX-310,EU,Nordic Paints,21.7
2026-05-25,EPX-310,EU,Nordic Paints,22.4
2026-06-01,EPX-310,EU,Nordic Paints,13.6
2026-06-08,EPX-310,EU,Nordic Paints,13.4
2026-06-15,EPX-310,EU,Nordic Paints,17.7
2026-06-22,EPX-310,EU,Nordic Paints,9.3
2026-06-29,EPX-310,EU,Nordic Paints,10.1
2026-07-06,EPX-310,EU,Nordic Paints,14.0
2026-07-13,EPX-310,EU,Nordic Paints,21.1
2026-07-20,EPX-310,EU,Nordic Paints,13.3
2026-07-27,EPX-310,EU,Nordic Paints,14.7
2026-08-03,EPX-310,EU,Nordic Paints,18.5
2026-08-10,EPX-310,EU,Nordic Paints,22.8
2026-08-17,EPX-310,EU,Nordic Paints,12.5
2026-08-24,EPX-310,EU,Nordic Paints,13.9
2026-08-31,EPX-310,EU,Nordic Paints,20.7
2026-09-07,EPX-310,EU,Nordic Paints,10.1
2026-09-14,EPX-310,EU,Nordic Paints,17.5
2026-09-21,EPX-310,EU,Nordic Paints,11.3
2026-09-28,EPX-310,EU,Nordic Paints,13.9
2024-10-07,EPX-310,EU,Iberia Polymers,3.0
2024-10-14,EPX-310,EU,Iberia Polymers,2.6
2024-10-21,EPX-310,EU,Iberia Polymers,2.7
2024-10-28,EPX-310,EU,Iberia Polymers,3.6
2024-11-04,EPX-310,EU,Iberia Polymers,4.3
2024-11-11,EPX-310,EU,Iberia Polymers,3.4
2024-11-18,EPX-310,EU,Iberia Polymers,3.6
2024-11-25,EPX-310,EU,Iberia Polymers,4.2
2024-12-02,EPX-310,EU,Iberia Polymers,3.0
2024-12-09,EPX-310,EU,Iberia Polymers,4.4
2024-12-16,EPX-310,EU,Iberia Polymers,4.6
2024-12-23,EPX-310,EU,Iberia Polymers,6.9
2024-12-30,EPX-310,EU,Iberia Polymers,3.6
2025-01-06,EPX-310,EU,Iberia Polymers,3.5
2025-01-13,EPX-310,EU,Iberia Polymers,4.7
2025-01-20,EPX-310,EU,Iberia Polymers,4.8
2025-01-27,EPX-310,EU,Iberia Polymers,3.6
2025-02-03,EPX-310,EU,Iberia Polymers,3.8
2025-02-10,EPX-310,EU,Iberia Polymers,4.6
2025-02-17,EPX-310,EU,Iberia Polymers,3.4
2025-02-24,EPX-310,EU,Iberia Polymers,3.7
2025-03-03,EPX-310,EU,Iberia Polymers,4.1
2025-03-10,EPX-310,EU,Iberia Polymers,5.1
2025-03-17,EPX-310,EU,Iberia Polymers,3.6
2025-03-24,EPX-310,EU,Iberia Polymers,2.7
2025-03-31,EPX-310,EU,Iberia Polymers,2.7
2025-04-07,EPX-310,EU,Iberia Polymers,3.0
2025-04-14,EPX-310,EU,Iberia Polymers,2.9
2025-04-21,EPX-310,EU,Iberia Polymers,3.7
2025-04-28,EPX-310,EU,Iberia Polymers,2.9
2025-05-05,EPX-310,EU,Iberia Polymers,3.0
2025-05-12,EPX-310,EU,Iberia Polymers,3.0
2025-05-19,EPX-310,EU,Iberia Polymers,3.1
2025-05-26,EPX-310,EU,Iberia Polymers,4.4
2025-06-02,EPX-310,EU,Iberia Polymers,3.7
2025-06-09,EPX-310,EU,Iberia Polymers,3.1
2025-06-16,EPX-310,EU,Iberia Polymers,2.8
2025-06-23,EPX-310,EU,Iberia Polymers,2.8
2025-06-30,EPX-310,EU,Iberia Polymers,3.4
2025-07-07,EPX-310,EU,Iberia Polymers,3.6
2025-07-14,EPX-310,EU,Iberia Polymers,2.5
2025-07-21,EPX-310,EU,Iberia Polymers,3.0
2025-07-28,EPX-310,EU,Iberia Polymers,1.9
2025-08-04,EPX-310,EU,Iberia Polymers,3.1
2025-08-11,EPX-310,EU,Iberia Polymers,3.4
2025-08-18,EPX-310,EU,Iberia Polymers,2.7
2025-08-25,EPX-310,EU,Iberia Polymers,4.3
2025-09-01,EPX-310,EU,Iberia Polymers,2.4
2025-09-08,EPX-310,EU,Iberia Polymers,3.1
2025-09-15,EPX-310,EU,Iberia Polymers,3.0
2025-09-22,EPX-310,EU,Iberia Polymers,3.0
2025-09-29,EPX-310,EU,Iberia Polymers,2.9
2025-10-06,EPX-310,EU,Iberia Polymers,3.1
2025-10-13,EPX-310,EU,Iberia Polymers,3.8
2025-10-20,EPX-310,EU,Iberia Polymers,4.4
2025-10-27,EPX-310,EU,Iberia Polymers,3.3
2025-11-03,EPX-310,EU,Iberia Polymers,4.2
2025-11-10,EPX-310,EU,Iberia Polymers,3.0
2025-11-17,EPX-310,EU,Iberia Polymers,4.2
2025-11-24,EPX-310,EU,Iberia Polymers,3.0
2025-12-01,EPX-310,EU,Iberia Polymers,4.6
2025-12-08,EPX-310,EU,Iberia Polymers,6.2
2025-12-15,EPX-310,EU,Iberia Polymers,3.7
2025-12-22,EPX-310,EU,Iberia Polymers,2.4
2025-12-29,EPX-310,EU,Iberia Polymers,3.5
2026-01-05,EPX-310,EU,Iberia Polymers,5.3
2026-01-12,EPX-310,EU,Iberia Polymers,4.7
2026-01-19,EPX-310,EU,Iberia Polymers,4.4
2026-01-26,EPX-310,EU,Iberia Polymers,5.2
2026-02-02,EPX-310,EU,Iberia Polymers,4.6
2026-02-09,EPX-310,EU,Iberia Polymers,5.5
2026-02-16,EPX-310,EU,Iberia Polymers,5.1
2026-02-23,EPX-310,EU,Iberia Polymers,5.7
2026-03-02,EPX-310,EU,Iberia Polymers,4.3
2026-03-09,EPX-310,EU,Iberia Polymers,4.9
2026-03-16,EPX-310,EU,Iberia Polymers,3.8
2026-03-23,EPX-310,EU,Iberia Polymers,3.5
2026-03-30,EPX-310,EU,Iberia Polymers,5.7
2026-04-06,EPX-310,EU,Iberia Polymers,4.1
2026-04-13,EPX-310,EU,Iberia Polymers,4.7
2026-04-20,EPX-310,EU,Iberia Polymers,4.0
2026-04-27,EPX-310,EU,Iberia Polymers,3.3
2026-05-04,EPX-310,EU,Iberia Polymers,3.8
2026-05-11,EPX-310,EU,Iberia Polymers,5.1
2026-05-18,EPX-310,EU,Iberia Polymers,4.2
2026-05-25,EPX-310,EU,Iberia Polymers,2.5
2026-06-01,EPX-310,EU,Iberia Polymers,3.3
2026-06-08,EPX-310,EU,Iberia Polymers,5.0
2026-06-15,EPX-310,EU,Iberia Polymers,3.2
2026-06-22,EPX-310,EU,Iberia Polymers,2.3
2026-06-29,EPX-310,EU,Iberia Polymers,5.0
2026-07-06,EPX-310,EU,Iberia Polymers,3.8
2026-07-13,EPX-310,EU,Iberia Polymers,3.2
2026-07-20,EPX-310,EU,Iberia Polymers,2.9
2026-07-27,EPX-310,EU,Iberia Polymers,4.0
2026-08-03,EPX-310,EU,Iberia Polymers,2.8
2026-08-10,EPX-310,EU,Iberia Polymers,4.0
2026-08-17,EPX-310,EU,Iberia Polymers,3.5
2026-08-24,EPX-310,EU,Iberia Polymers,3.2
2026-08-31,EPX-310,EU,Iberia Polymers,3.1
2026-09-07,EPX-310,EU,Iberia Polymers,2.9
2026-09-14,EPX-310,EU,Iberia Polymers,3.8
2026-09-21,EPX-310,EU,Iberia Polymers,2.5
2026-09-28,EPX-310,EU,Iberia Polymers,2.1
2024-10-07,EPX-310,APAC,Pacific Coatings,24.3
2024-10-14,EPX-310,APAC,Pacific Coatings,24.8
2024-10-21,EPX-310,APAC,Pacific Coatings,40.7
2024-10-28,EPX-310,APAC,Pacific Coatings,17.5
2024-11-04,EPX-310,APAC,Pacific Coatings,27.8
2024-11-11,EPX-310,APAC,Pacific Coatings,17.1
2024-11-18,EPX-310,APAC,Pacific Coatings,23.2
2024-11-25,EPX-310,APAC,Pacific Coatings,21.1
2024-12-02,EPX-310,APAC,Pacific Coatings,14.3
2024-12-09,EPX-310,APAC,Pacific Coatings,24.0
2024-12-16,EPX-310,APAC,Pacific Coatings,20.2
2024-12-23,EPX-310,APAC,Pacific Coatings,13.6
2024-12-30,EPX-310,APAC,Pacific Coatings,26.0
2025-01-06,EPX-310,APAC,Pacific Coatings,29.1
2025-01-13,EPX-310,APAC,Pacific Coatings,28.8
2025-01-20,EPX-310,APAC,Pacific Coatings,22.2
2025-01-27,EPX-310,APAC,Pacific Coatings,20.6
2025-02-03,EPX-310,APAC,Pacific Coatings,27.2
2025-02-10,EPX-310,APAC,Pacific Coatings,28.9
2025-02-17,EPX-310,APAC,Pacific Coatings,25.7
2025-02-24,EPX-310,APAC,Pacific Coatings,16.4
2025-03-03,EPX-310,APAC,Pacific Coatings,22.0
2025-03-10,EPX-310,APAC,Pacific Coatings,24.0
2025-03-17,EPX-310,APAC,Pacific Coatings,14.7
2025-03-24,EPX-310,APAC,Pacific Coatings,24.5
2025-03-31,EPX-310,APAC,Pacific Coatings,36.3
2025-04-07,EPX-310,APAC,Pacific Coatings,25.6
2025-04-14,EPX-310,APAC,Pacific Coatings,31.5
2025-04-21,EPX-310,APAC,Pacific Coatings,24.7
2025-04-28,EPX-310,APAC,Pacific Coatings,23.5
2025-05-05,EPX-310,APAC,Pacific Coatings,26.5
2025-05-12,EPX-310,APAC,Pacific Coatings,20.2
2025-05-19,EPX-310,APAC,Pacific Coatings,19.9
2025-05-26,EPX-310,APAC,Pacific Coatings,32.7
2025-06-02,EPX-310,APAC,Pacific Coatings,33.9
2025-06-09,EPX-310,APAC,Pacific Coatings,20.3
2025-06-16,EPX-310,APAC,Pacific Coatings,31.7
2025-06-23,EPX-310,APAC,Pacific Coatings,24.9
2025-06-30,EPX-310,APAC,Pacific Coatings,27.1
2025-07-07,EPX-310,APAC,Pacific Coatings,29.1
2025-07-14,EPX-310,APAC,Pacific Coatings,32.4
2025-07-21,EPX-310,APAC,Pacific Coatings,26.3
2025-07-28,EPX-310,APAC,Pacific Coatings,36.4
2025-08-04,EPX-310,APAC,Pacific Coatings,30.1
2025-08-11,EPX-310,APAC,Pacific Coatings,31.6
2025-08-18,EPX-310,APAC,Pacific Coatings,22.8
2025-08-25,EPX-310,APAC,Pacific Coatings,44.2
2025-09-01,EPX-310,APAC,Pacific Coatings,31.1
2025-09-08,EPX-310,APAC,Pacific Coatings,32.1
2025-09-15,EPX-310,APAC,Pacific Coatings,19.1
2025-09-22,EPX-310,APAC,Pacific Coatings,22.6
2025-09-29,EPX-310,APAC,Pacific Coatings,35.3
2025-10-06,EPX-310,APAC,Pacific Coatings,28.1
2025-10-13,EPX-310,APAC,Pacific Coatings,17.0
2025-10-20,EPX-310,APAC,Pacific Coatings,31.4
2025-10-27,EPX-310,APAC,Pacific Coatings,21.6
2025-11-03,EPX-310,APAC,Pacific Coatings,32.4
2025-11-10,EPX-310,APAC,Pacific Coatings,22.9
2025-11-17,EPX-310,APAC,Pacific Coatings,23.7
2025-11-24,EPX-310,APAC,Pacific Coatings,29.0
2025-12-01,EPX-310,APAC,Pacific Coatings,18.2
2025-12-08,EPX-310,APAC,Pacific Coatings,17.5
2025-12-15,EPX-310,APAC,Pacific Coatings,20.5
2025-12-22,EPX-310,APAC,Pacific Coatings,25.2
2025-12-29,EPX-310,APAC,Pacific Coatings,15.4
2026-01-05,EPX-310,APAC,Pacific Coatings,13.9
2026-01-12,EPX-310,APAC,Pacific Coatings,23.9
2026-01-19,EPX-310,APAC,Pacific Coatings,17.3
2026-01-26,EPX-310,APAC,Pacific Coatings,18.5
2026-02-02,EPX-310,APAC,Pacific Coatings,13.6
2026-02-09,EPX-310,APAC,Pacific Coatings,17.7
2026-02-16,EPX-310,APAC,Pacific Coatings,20.3
2026-02-23,EPX-310,APAC,Pacific Coatings,24.7
2026-03-02,EPX-310,APAC,Pacific Coatings,17.4
2026-03-09,EPX-310,APAC,Pacific Coatings,30.1
2026-03-16,EPX-310,APAC,Pacific Coatings,18.3
2026-03-23,EPX-310,APAC,Pacific Coatings,18.1
2026-03-30,EPX-310,APAC,Pacific Coatings,30.5
2026-04-06,EPX-310,APAC,Pacific Coatings,23.3
2026-04-13,EPX-310,APAC,Pacific Coatings,19.8
2026-04-20,EPX-310,APAC,Pacific Coatings,22.0
2026-04-27,EPX-310,APAC,Pacific Coatings,31.3
2026-05-04,EPX-310,APAC,Pacific Coatings,33.0
2026-05-11,EPX-310,APAC,Pacific Coatings,20.3
2026-05-18,EPX-310,APAC,Pacific Coatings,24.6
2026-05-25,EPX-310,APAC,Pacific Coatings,25.8
2026-06-01,EPX-310,APAC,Pacific Coatings,20.8
2026-06-08,EPX-310,APAC,Pacific Coatings,26.5
2026-06-15,EPX-310,APAC,Pacific Coatings,26.4
2026-06-22,EPX-310,APAC,Pacific Coatings,34.4
2026-06-29,EPX-310,APAC,Pacific Coatings,35.4
2026-07-06,EPX-310,APAC,Pacific Coatings,25.7
2026-07-13,EPX-310,APAC,Pacific Coatings,26.5
2026-07-20,EPX-310,APAC,Pacific Coatings,31.6
2026-07-27,EPX-310,APAC,Pacific Coatings,24.3
2026-08-03,EPX-310,APAC,Pacific Coatings,32.3
2026-08-10,EPX-310,APAC,Pacific Coatings,27.2
2026-08-17,EPX-310,APAC,Pacific Coatings,23.3
2026-08-24,EPX-310,APAC,Pacific Coatings,23.8
2026-08-31,EPX-310,APAC,Pacific Coatings,41.1
2026-09-07,EPX-310,APAC,Pacific Coatings,29.0
2026-09-14,EPX-310,APAC,Pacific Coatings,43.4
2026-09-21,EPX-310,APAC,Pacific Coatings,27.7
2026-09-28,EPX-310,APAC,Pacific Coatings,33.7
2024-10-07,EPX-310,APAC,Shenzhen Electronic Materials,30.9
2024-10-14,EPX-310,APAC,Shenzhen Electronic Materials,14.2
2024-10-21,EPX-310,APAC,Shenzhen Electronic Materials,11.6
2024-10-28,EPX-310,APAC,Shenzhen Electronic Materials,23.0
2024-11-04,EPX-310,APAC,Shenzhen Electronic Materials,14.1
2024-11-11,EPX-310,APAC,Shenzhen Electronic Materials,16.7
2024-11-18,EPX-310,APAC,Shenzhen Electronic Materials,14.1
2024-11-25,EPX-310,APAC,Shenzhen Electronic Materials,16.7
2024-12-02,EPX-310,APAC,Shenzhen Electronic Materials,12.4
2024-12-09,EPX-310,APAC,Shenzhen Electronic Materials,14.3
2024-12-16,EPX-310,APAC,Shenzhen Electronic Materials,16.4
2024-12-23,EPX-310,APAC,Shenzhen Electronic Materials,11.7
2024-12-30,EPX-310,APAC,Shenzhen Electronic Materials,12.5
2025-01-06,EPX-310,APAC,Shenzhen Electronic Materials,13.3
2025-01-13,EPX-310,APAC,Shenzhen Electronic Materials,10.2
2025-01-20,EPX-310,APAC,Shenzhen Electronic Materials,12.6
2025-01-27,EPX-310,APAC,Shenzhen Electronic Materials,14.2
2025-02-03,EPX-310,APAC,Shenzhen Electronic Materials,12.6
2025-02-10,EPX-310,APAC,Shenzhen Electronic Materials,12.7
2025-02-17,EPX-310,APAC,Shenzhen Electronic Materials,13.5
2025-02-24,EPX-310,APAC,Shenzhen Electronic Materials,11.8
2025-03-03,EPX-310,APAC,Shenzhen Electronic Materials,16.6
2025-03-10,EPX-310,APAC,Shenzhen Electronic Materials,20.2
2025-03-17,EPX-310,APAC,Shenzhen Electronic Materials,13.3
2025-03-24,EPX-310,APAC,Shenzhen Electronic Materials,16.6
2025-03-31,EPX-310,APAC,Shenzhen Electronic Materials,14.1
2025-04-07,EPX-310,APAC,Shenzhen Electronic Materials,16.3
2025-04-14,EPX-310,APAC,Shenzhen Electronic Materials,21.8
2025-04-21,EPX-310,APAC,Shenzhen Electronic Materials,18.0
2025-04-28,EPX-310,APAC,Shenzhen Electronic Materials,11.0
2025-05-05,EPX-310,APAC,Shenzhen Electronic Materials,18.2
2025-05-12,EPX-310,APAC,Shenzhen Electronic Materials,21.4
2025-05-19,EPX-310,APAC,Shenzhen Electronic Materials,15.8
2025-05-26,EPX-310,APAC,Shenzhen Electronic Materials,20.8
2025-06-02,EPX-310,APAC,Shenzhen Electronic Materials,14.6
2025-06-09,EPX-310,APAC,Shenzhen Electronic Materials,12.3
2025-06-16,EPX-310,APAC,Shenzhen Electronic Materials,17.9
2025-06-23,EPX-310,APAC,Shenzhen Electronic Materials,11.7
2025-06-30,EPX-310,APAC,Shenzhen Electronic Materials,16.2
2025-07-07,EPX-310,APAC,Shenzhen Electronic Materials,23.6
2025-07-14,EPX-310,APAC,Shenzhen Electronic Materials,11.6
2025-07-21,EPX-310,APAC,Shenzhen Electronic Materials,13.2
2025-07-28,EPX-310,APAC,Shenzhen Electronic Materials,14.4
2025-08-04,EPX-310,APAC,Shenzhen Electronic Materials,18.7
2025-08-11,EPX-310,APAC,Shenzhen Electronic Materials,17.2
2025-08-18,EPX-310,APAC,Shenzhen Electronic Materials,25.2
2025-08-25,EPX-310,APAC,Shenzhen Electronic Materials,22.9
2025-09-01,EPX-310,APAC,Shenzhen Electronic Materials,21.1
2025-09-08,EPX-310,APAC,Shenzhen Electronic Materials,19.1
2025-09-15,EPX-310,APAC,Shenzhen Electronic Materials,20.0
2025-09-22,EPX-310,APAC,Shenzhen Electronic Materials,15.2
2025-09-29,EPX-310,APAC,Shenzhen Electronic Materials,22.0
2025-10-06,EPX-310,APAC,Shenzhen Electronic Materials,14.0
2025-10-13,EPX-310,APAC,Shenzhen Electronic Materials,21.1
2025-10-20,EPX-310,APAC,Shenzhen Electronic Materials,21.9
2025-10-27,EPX-310,APAC,Shenzhen Electronic Materials,17.3
2025-11-03,EPX-310,APAC,Shenzhen Electronic Materials,15.4
2025-11-10,EPX-310,APAC,Shenzhen Electronic Materials,17.3
2025-11-17,EPX-310,APAC,Shenzhen Electronic Materials,8.2
2025-11-24,EPX-310,APAC,Shenzhen Electronic Materials,16.2
2025-12-01,EPX-310,APAC,Shenzhen Electronic Materials,14.7
2025-12-08,EPX-310,APAC,Shenzhen Electronic Materials,14.5
2025-12-15,EPX-310,APAC,Shenzhen Electronic Materials,16.9
2025-12-22,EPX-310,APAC,Shenzhen Electronic Materials,14.0
2025-12-29,EPX-310,APAC,Shenzhen Electronic Materials,10.9
2026-01-05,EPX-310,APAC,Shenzhen Electronic Materials,13.2
2026-01-12,EPX-310,APAC,Shenzhen Electronic Materials,13.7
2026-01-19,EPX-310,APAC,Shenzhen Electronic Materials,13.7
2026-01-26,EPX-310,APAC,Shenzhen Electronic Materials,14.1
2026-02-02,EPX-310,APAC,Shenzhen Electronic Materials,17.4
2026-02-09,EPX-310,APAC,Shenzhen Electronic Materials,10.9
2026-02-16,EPX-310,APAC,Shenzhen Electronic Materials,14.3
2026-02-23,EPX-310,APAC,Shenzhen Electronic Materials,18.1
2026-03-02,EPX-310,APAC,Shenzhen Electronic Materials,9.5
2026-03-09,EPX-310,APAC,Shenzhen Electronic Materials,14.7
2026-03-16,EPX-310,APAC,Shenzhen Electronic Materials,12.6
2026-03-23,EPX-310,APAC,Shenzhen Electronic Materials,13.1
2026-03-30,EPX-310,APAC,Shenzhen Electronic Materials,12.0
2026-04-06,EPX-310,APAC,Shenzhen Electronic Materials,14.5
2026-04-13,EPX-310,APAC,Shenzhen Electronic Materials,22.7
2026-04-20,EPX-310,APAC,Shenzhen Electronic Materials,11.7
2026-04-27,EPX-310,APAC,Shenzhen Electronic Materials,12.2
2026-05-04,EPX-310,APAC,Shenzhen Electronic Materials,12.1
2026-05-11,EPX-310,APAC,Shenzhen Electronic Materials,24.1
2026-05-18,EPX-310,APAC,Shenzhen Electronic Materials,15.2
2026-05-25,EPX-310,APAC,Shenzhen Electronic Materials,17.0
2026-06-01,EPX-310,APAC,Shenzhen Electronic Materials,16.0
2026-06-08,EPX-310,APAC,Shenzhen Electronic Materials,14.7
2026-06-15,EPX-310,APAC,Shenzhen Electronic Materials,16.9
2026-06-22,EPX-310,APAC,Shenzhen Electronic Materials,31.1
2026-06-29,EPX-310,APAC,Shenzhen Electronic Materials,24.9
2026-07-06,EPX-310,APAC,Shenzhen Electronic Materials,15.5
2026-07-13,EPX-310,APAC,Shenzhen Electronic Materials,21.6
2026-07-20,EPX-310,APAC,Shenzhen Electronic Materials,15.4
2026-07-27,EPX-310,APAC,Shenzhen Electronic Materials,12.6
2026-08-03,EPX-310,APAC,Shenzhen Electronic Materials,24.0
2026-08-10,EPX-310,APAC,Shenzhen Electronic Materials,24.2
2026-08-17,EPX-310,APAC,Shenzhen Electronic Materials,24.6
2026-08-24,EPX-310,APAC,Shenzhen Electronic Materials,17.9
2026-08-31,EPX-310,APAC,Shenzhen Electronic Materials,19.5
2026-09-07,EPX-310,APAC,Shenzhen Electronic Materials,23.9
2026-09-14,EPX-310,APAC,Shenzhen Electronic Materials,22.3
2026-09-21,EPX-310,APAC,Shenzhen Electronic Materials,19.2
2026-09-28,EPX-310,APAC,Shenzhen Electronic Materials,15.0
2024-10-07,EPX-310,APAC,Jurong Construction Chem,16.0
2024-10-14,EPX-310,APAC,Jurong Construction Chem,19.5
2024-10-21,EPX-310,APAC,Jurong Construction Chem,11.6
2024-10-28,EPX-310,APAC,Jurong Construction Chem,17.1
2024-11-04,EPX-310,APAC,Jurong Construction Chem,15.5
2024-11-11,EPX-310,APAC,Jurong Construction Chem,16.9
2024-11-18,EPX-310,APAC,Jurong Construction Chem,16.7
2024-11-25,EPX-310,APAC,Jurong Construction Chem,11.6
2024-12-02,EPX-310,APAC,Jurong Construction Chem,9.2
2024-12-09,EPX-310,APAC,Jurong Construction Chem,11.4
2024-12-16,EPX-310,APAC,Jurong Construction Chem,15.5
2024-12-23,EPX-310,APAC,Jurong Construction Chem,11.1
2024-12-30,EPX-310,APAC,Jurong Construction Chem,10.8
2025-01-06,EPX-310,APAC,Jurong Construction Chem,8.2
2025-01-13,EPX-310,APAC,Jurong Construction Chem,17.6
2025-01-20,EPX-310,APAC,Jurong Construction Chem,14.2
2025-01-27,EPX-310,APAC,Jurong Construction Chem,14.0
2025-02-03,EPX-310,APAC,Jurong Construction Chem,14.6
2025-02-10,EPX-310,APAC,Jurong Construction Chem,13.1
2025-02-17,EPX-310,APAC,Jurong Construction Chem,11.0
2025-02-24,EPX-310,APAC,Jurong Construction Chem,11.3
2025-03-03,EPX-310,APAC,Jurong Construction Chem,11.1
2025-03-10,EPX-310,APAC,Jurong Construction Chem,22.5
2025-03-17,EPX-310,APAC,Jurong Construction Chem,14.3
2025-03-24,EPX-310,APAC,Jurong Construction Chem,11.5
2025-03-31,EPX-310,APAC,Jurong Construction Chem,14.1
2025-04-07,EPX-310,APAC,Jurong Construction Chem,10.3
2025-04-14,EPX-310,APAC,Jurong Construction Chem,18.4
2025-04-21,EPX-310,APAC,Jurong Construction Chem,11.9
2025-04-28,EPX-310,APAC,Jurong Construction Chem,15.5
2025-05-05,EPX-310,APAC,Jurong Construction Chem,17.8
2025-05-12,EPX-310,APAC,Jurong Construction Chem,15.2
2025-05-19,EPX-310,APAC,Jurong Construction Chem,14.5
2025-05-26,EPX-310,APAC,Jurong Construction Chem,14.4
2025-06-02,EPX-310,APAC,Jurong Construction Chem,14.4
2025-06-09,EPX-310,APAC,Jurong Construction Chem,12.9
2025-06-16,EPX-310,APAC,Jurong Construction Chem,13.5
2025-06-23,EPX-310,APAC,Jurong Construction Chem,20.4
2025-06-30,EPX-310,APAC,Jurong Construction Chem,14.2
2025-07-07,EPX-310,APAC,Jurong Construction Chem,12.8
2025-07-14,EPX-310,APAC,Jurong Construction Chem,13.5
2025-07-21,EPX-310,APAC,Jurong Construction Chem,19.1
2025-07-28,EPX-310,APAC,Jurong Construction Chem,17.9
2025-08-04,EPX-310,APAC,Jurong Construction Chem,18.4
2025-08-11,EPX-310,APAC,Jurong Construction Chem,15.1
2025-08-18,EPX-310,APAC,Jurong Construction Chem,18.0
2025-08-25,EPX-310,APAC,Jurong Construction Chem,13.8
2025-09-01,EPX-310,APAC,Jurong Construction Chem,15.3
2025-09-08,EPX-310,APAC,Jurong Construction Chem,19.7
2025-09-15,EPX-310,APAC,Jurong Construction Chem,19.1
2025-09-22,EPX-310,APAC,Jurong Construction Chem,12.7
2025-09-29,EPX-310,APAC,Jurong Construction Chem,12.9
2025-10-06,EPX-310,APAC,Jurong Construction Chem,15.7
2025-10-13,EPX-310,APAC,Jurong Construction Chem,22.0
2025-10-20,EPX-310,APAC,Jurong Construction Chem,9.5
2025-10-27,EPX-310,APAC,Jurong Construction Chem,15.0
2025-11-03,EPX-310,APAC,Jurong Construction Chem,10.2
2025-11-10,EPX-310,APAC,Jurong Construction Chem,11.8
2025-11-17,EPX-310,APAC,Jurong Construction Chem,12.1
2025-11-24,EPX-310,APAC,Jurong Construction Chem,11.8
2025-12-01,EPX-310,APAC,Jurong Construction Chem,11.5
2025-12-08,EPX-310,APAC,Jurong Construction Chem,12.6
2025-12-15,EPX-310,APAC,Jurong Construction Chem,11.0
2025-12-22,EPX-310,APAC,Jurong Construction Chem,8.8
2025-12-29,EPX-310,APAC,Jurong Construction Chem,14.2
2026-01-05,EPX-310,APAC,Jurong Construction Chem,13.7
2026-01-12,EPX-310,APAC,Jurong Construction Chem,13.9
2026-01-19,EPX-310,APAC,Jurong Construction Chem,8.1
2026-01-26,EPX-310,APAC,Jurong Construction Chem,12.5
2026-02-02,EPX-310,APAC,Jurong Construction Chem,13.7
2026-02-09,EPX-310,APAC,Jurong Construction Chem,9.5
2026-02-16,EPX-310,APAC,Jurong Construction Chem,11.8
2026-02-23,EPX-310,APAC,Jurong Construction Chem,11.4
2026-03-02,EPX-310,APAC,Jurong Construction Chem,17.9
2026-03-09,EPX-310,APAC,Jurong Construction Chem,18.5
2026-03-16,EPX-310,APAC,Jurong Construction Chem,8.5
2026-03-23,EPX-310,APAC,Jurong Construction Chem,21.1
2026-03-30,EPX-310,APAC,Jurong Construction Chem,10.3
2026-04-06,EPX-310,APAC,Jurong Construction Chem,16.0
2026-04-13,EPX-310,APAC,Jurong Construction Chem,16.1
2026-04-20,EPX-310,APAC,Jurong Construction Chem,10.6
2026-04-27,EPX-310,APAC,Jurong Construction Chem,15.0
2026-05-04,EPX-310,APAC,Jurong Construction Chem,13.5
2026-05-11,EPX-310,APAC,Jurong Construction Chem,15.9
2026-05-18,EPX-310,APAC,Jurong Construction Chem,15.2
2026-05-25,EPX-310,APAC,Jurong Construction Chem,19.0
2026-06-01,EPX-310,APAC,Jurong Construction Chem,15.2
2026-06-08,EPX-310,APAC,Jurong Construction Chem,15.0
2026-06-15,EPX-310,APAC,Jurong Construction Chem,19.4
2026-06-22,EPX-310,APAC,Jurong Construction Chem,17.6
2026-06-29,EPX-310,APAC,Jurong Construction Chem,18.5
2026-07-06,EPX-310,APAC,Jurong Construction Chem,13.8
2026-07-13,EPX-310,APAC,Jurong Construction Chem,12.8
2026-07-20,EPX-310,APAC,Jurong Construction Chem,13.9
2026-07-27,EPX-310,APAC,Jurong Construction Chem,13.9
2026-08-03,EPX-310,APAC,Jurong Construction Chem,19.6
2026-08-10,EPX-310,APAC,Jurong Construction Chem,19.9
2026-08-17,EPX-310,APAC,Jurong Construction Chem,16.2
2026-08-24,EPX-310,APAC,Jurong Construction Chem,23.3
2026-08-31,EPX-310,APAC,Jurong Construction Chem,23.4
2026-09-07,EPX-310,APAC,Jurong Construction Chem,18.3
2026-09-14,EPX-310,APAC,Jurong Construction Chem,14.6
2026-09-21,EPX-310,APAC,Jurong Construction Chem,25.4
2026-09-28,EPX-310,APAC,Jurong Construction Chem,18.1
2024-10-07,EPX-310,LATAM,Andes Plastics,11.9
2024-10-14,EPX-310,LATAM,Andes Plastics,11.2
2024-10-21,EPX-310,LATAM,Andes Plastics,16.3
2024-10-28,EPX-310,LATAM,Andes Plastics,20.0
2024-11-04,EPX-310,LATAM,Andes Plastics,14.3
2024-11-11,EPX-310,LATAM,Andes Plastics,15.8
2024-11-18,EPX-310,LATAM,Andes Plastics,9.0
2024-11-25,EPX-310,LATAM,Andes Plastics,11.4
2024-12-02,EPX-310,LATAM,Andes Plastics,10.1
2024-12-09,EPX-310,LATAM,Andes Plastics,8.4
2024-12-16,EPX-310,LATAM,Andes Plastics,12.6
2024-12-23,EPX-310,LATAM,Andes Plastics,7.4
2024-12-30,EPX-310,LATAM,Andes Plastics,8.9
2025-01-06,EPX-310,LATAM,Andes Plastics,10.6
2025-01-13,EPX-310,LATAM,Andes Plastics,9.9
2025-01-20,EPX-310,LATAM,Andes Plastics,13.2
2025-01-27,EPX-310,LATAM,Andes Plastics,12.9
2025-02-03,EPX-310,LATAM,Andes Plastics,14.3
2025-02-10,EPX-310,LATAM,Andes Plastics,13.8
2025-02-17,EPX-310,LATAM,Andes Plastics,14.8
2025-02-24,EPX-310,LATAM,Andes Plastics,11.5
2025-03-03,EPX-310,LATAM,Andes Plastics,12.6
2025-03-10,EPX-310,LATAM,Andes Plastics,13.5
2025-03-17,EPX-310,LATAM,Andes Plastics,12.5
2025-03-24,EPX-310,LATAM,Andes Plastics,11.1
2025-03-31,EPX-310,LATAM,Andes Plastics,11.4
2025-04-07,EPX-310,LATAM,Andes Plastics,10.3
2025-04-14,EPX-310,LATAM,Andes Plastics,13.7
2025-04-21,EPX-310,LATAM,Andes Plastics,12.5
2025-04-28,EPX-310,LATAM,Andes Plastics,11.5
2025-05-05,EPX-310,LATAM,Andes Plastics,11.8
2025-05-12,EPX-310,LATAM,Andes Plastics,10.4
2025-05-19,EPX-310,LATAM,Andes Plastics,17.2
2025-05-26,EPX-310,LATAM,Andes Plastics,14.4
2025-06-02,EPX-310,LATAM,Andes Plastics,12.0
2025-06-09,EPX-310,LATAM,Andes Plastics,18.1
2025-06-16,EPX-310,LATAM,Andes Plastics,13.2
2025-06-23,EPX-310,LATAM,Andes Plastics,11.0
2025-06-30,EPX-310,LATAM,Andes Plastics,19.3
2025-07-07,EPX-310,LATAM,Andes Plastics,13.6
2025-07-14,EPX-310,LATAM,Andes Plastics,14.4
2025-07-21,EPX-310,LATAM,Andes Plastics,16.1
2025-07-28,EPX-310,LATAM,Andes Plastics,20.8
2025-08-04,EPX-310,LATAM,Andes Plastics,16.2
2025-08-11,EPX-310,LATAM,Andes Plastics,12.6
2025-08-18,EPX-310,LATAM,Andes Plastics,18.7
2025-08-25,EPX-310,LATAM,Andes Plastics,14.9
2025-09-01,EPX-310,LATAM,Andes Plastics,25.1
2025-09-08,EPX-310,LATAM,Andes Plastics,16.5
2025-09-15,EPX-310,LATAM,Andes Plastics,9.8
2025-09-22,EPX-310,LATAM,Andes Plastics,17.2
2025-09-29,EPX-310,LATAM,Andes Plastics,24.1
2025-10-06,EPX-310,LATAM,Andes Plastics,22.0
2025-10-13,EPX-310,LATAM,Andes Plastics,23.1
2025-10-20,EPX-310,LATAM,Andes Plastics,11.9
2025-10-27,EPX-310,LATAM,Andes Plastics,17.9
2025-11-03,EPX-310,LATAM,Andes Plastics,12.5
2025-11-10,EPX-310,LATAM,Andes Plastics,14.9
2025-11-17,EPX-310,LATAM,Andes Plastics,10.4
2025-11-24,EPX-310,LATAM,Andes Plastics,11.6
2025-12-01,EPX-310,LATAM,Andes Plastics,11.5
2025-12-08,EPX-310,LATAM,Andes Plastics,15.9
2025-12-15,EPX-310,LATAM,Andes Plastics,15.5
2025-12-22,EPX-310,LATAM,Andes Plastics,13.7
2025-12-29,EPX-310,LATAM,Andes Plastics,9.5
2026-01-05,EPX-310,LATAM,Andes Plastics,11.8
2026-01-12,EPX-310,LATAM,Andes Plastics,10.9
2026-01-19,EPX-310,LATAM,Andes Plastics,15.4
2026-01-26,EPX-310,LATAM,Andes Plastics,15.9
2026-02-02,EPX-310,LATAM,Andes Plastics,15.7
2026-02-09,EPX-310,LATAM,Andes Plastics,10.4
2026-02-16,EPX-310,LATAM,Andes Plastics,6.8
2026-02-23,EPX-310,LATAM,Andes Plastics,8.5
2026-03-02,EPX-310,LATAM,Andes Plastics,17.0
2026-03-09,EPX-310,LATAM,Andes Plastics,11.3
2026-03-16,EPX-310,LATAM,Andes Plastics,10.4
2026-03-23,EPX-310,LATAM,Andes Plastics,17.7
2026-03-30,EPX-310,LATAM,Andes Plastics,16.6
2026-04-06,EPX-310,LATAM,Andes Plastics,13.0
2026-04-13,EPX-310,LATAM,Andes Plastics,12.4
2026-04-20,EPX-310,LATAM,Andes Plastics,12.9
2026-04-27,EPX-310,LATAM,Andes Plastics,13.8
2026-05-04,EPX-310,LATAM,Andes Plastics,19.1
2026-05-11,EPX-310,LATAM,Andes Plastics,15.0
2026-05-18,EPX-310,LATAM,Andes Plastics,16.4
2026-05-25,EPX-310,LATAM,Andes Plastics,18.7
2026-06-01,EPX-310,LATAM,Andes Plastics,11.4
2026-06-08,EPX-310,LATAM,Andes Plastics,17.9
2026-06-15,EPX-310,LATAM,Andes Plastics,14.5
2026-06-22,EPX-310,LATAM,Andes Plastics,9.1
2026-06-29,EPX-310,LATAM,Andes Plastics,9.9
2026-07-06,EPX-310,LATAM,Andes Plastics,12.8
2026-07-13,EPX-310,LATAM,Andes Plastics,18.3
2026-07-20,EPX-310,LATAM,Andes Plastics,17.0
2026-07-27,EPX-310,LATAM,Andes Plastics,17.3
2026-08-03,EPX-310,LATAM,Andes Plastics,25.7
2026-08-10,EPX-310,LATAM,Andes Plastics,12.6
2026-08-17,EPX-310,LATAM,Andes Plastics,16.6
2026-08-24,EPX-310,LATAM,Andes Plastics,17.9
2026-08-31,EPX-310,LATAM,Andes Plastics,13.8
2026-09-07,EPX-310,LATAM,Andes Plastics,15.9
2026-09-14,EPX-310,LATAM,Andes Plastics,10.8
2026-09-21,EPX-310,LATAM,Andes Plastics,20.1
2026-09-28,EPX-310,LATAM,Andes Plastics,12.4
2024-10-07,EPX-310,LATAM,Brasil Tintas,7.1
2024-10-14,EPX-310,LATAM,Brasil Tintas,4.4
2024-10-21,EPX-310,LATAM,Brasil Tintas,5.5
2024-10-28,EPX-310,LATAM,Brasil Tintas,4.2
2024-11-04,EPX-310,LATAM,Brasil Tintas,4.2
2024-11-11,EPX-310,LATAM,Brasil Tintas,3.7
2024-11-18,EPX-310,LATAM,Brasil Tintas,4.2
2024-11-25,EPX-310,LATAM,Brasil Tintas,4.3
2024-12-02,EPX-310,LATAM,Brasil Tintas,3.2
2024-12-09,EPX-310,LATAM,Brasil Tintas,3.7
2024-12-16,EPX-310,LATAM,Brasil Tintas,3.2
2024-12-23,EPX-310,LATAM,Brasil Tintas,6.1
2024-12-30,EPX-310,LATAM,Brasil Tintas,3.5
2025-01-06,EPX-310,LATAM,Brasil Tintas,5.0
2025-01-13,EPX-310,LATAM,Brasil Tintas,3.4
2025-01-20,EPX-310,LATAM,Brasil Tintas,3.8
2025-01-27,EPX-310,LATAM,Brasil Tintas,2.7
2025-02-03,EPX-310,LATAM,Brasil Tintas,3.2
2025-02-10,EPX-310,LATAM,Brasil Tintas,3.7
2025-02-17,EPX-310,LATAM,Brasil Tintas,4.9
2025-02-24,EPX-310,LATAM,Brasil Tintas,3.6
2025-03-03,EPX-310,LATAM,Brasil Tintas,4.8
2025-03-10,EPX-310,LATAM,Brasil Tintas,4.2
2025-03-17,EPX-310,LATAM,Brasil Tintas,5.2
2025-03-24,EPX-310,LATAM,Brasil Tintas,3.6
2025-03-31,EPX-310,LATAM,Brasil Tintas,6.2
2025-04-07,EPX-310,LATAM,Brasil Tintas,3.3
2025-04-14,EPX-310,LATAM,Brasil Tintas,3.2
2025-04-21,EPX-310,LATAM,Brasil Tintas,2.9
2025-04-28,EPX-310,LATAM,Brasil Tintas,6.6
2025-05-05,EPX-310,LATAM,Brasil Tintas,4.9
2025-05-12,EPX-310,LATAM,Brasil Tintas,3.8
2025-05-19,EPX-310,LATAM,Brasil Tintas,5.5
2025-05-26,EPX-310,LATAM,Brasil Tintas,4.9
2025-06-02,EPX-310,LATAM,Brasil Tintas,6.7
2025-06-09,EPX-310,LATAM,Brasil Tintas,3.2
2025-06-16,EPX-310,LATAM,Brasil Tintas,4.2
2025-06-23,EPX-310,LATAM,Brasil Tintas,4.1
2025-06-30,EPX-310,LATAM,Brasil Tintas,3.0
2025-07-07,EPX-310,LATAM,Brasil Tintas,5.8
2025-07-14,EPX-310,LATAM,Brasil Tintas,4.4
2025-07-21,EPX-310,LATAM,Brasil Tintas,5.6
2025-07-28,EPX-310,LATAM,Brasil Tintas,8.2
2025-08-04,EPX-310,LATAM,Brasil Tintas,4.5
2025-08-11,EPX-310,LATAM,Brasil Tintas,4.5
2025-08-18,EPX-310,LATAM,Brasil Tintas,5.1
2025-08-25,EPX-310,LATAM,Brasil Tintas,6.2
2025-09-01,EPX-310,LATAM,Brasil Tintas,4.4
2025-09-08,EPX-310,LATAM,Brasil Tintas,4.3
2025-09-15,EPX-310,LATAM,Brasil Tintas,6.1
2025-09-22,EPX-310,LATAM,Brasil Tintas,5.2
2025-09-29,EPX-310,LATAM,Brasil Tintas,3.0
2025-10-06,EPX-310,LATAM,Brasil Tintas,3.6
2025-10-13,EPX-310,LATAM,Brasil Tintas,6.4
2025-10-20,EPX-310,LATAM,Brasil Tintas,4.9
2025-10-27,EPX-310,LATAM,Brasil Tintas,3.7
2025-11-03,EPX-310,LATAM,Brasil Tintas,4.2
2025-11-10,EPX-310,LATAM,Brasil Tintas,4.3
2025-11-17,EPX-310,LATAM,Brasil Tintas,4.8
2025-11-24,EPX-310,LATAM,Brasil Tintas,3.0
2025-12-01,EPX-310,LATAM,Brasil Tintas,3.3
2025-12-08,EPX-310,LATAM,Brasil Tintas,4.1
2025-12-15,EPX-310,LATAM,Brasil Tintas,3.8
2025-12-22,EPX-310,LATAM,Brasil Tintas,4.4
2025-12-29,EPX-310,LATAM,Brasil Tintas,2.9
2026-01-05,EPX-310,LATAM,Brasil Tintas,4.1
2026-01-12,EPX-310,LATAM,Brasil Tintas,4.9
2026-01-19,EPX-310,LATAM,Brasil Tintas,4.2
2026-01-26,EPX-310,LATAM,Brasil Tintas,3.8
2026-02-02,EPX-310,LATAM,Brasil Tintas,3.7
2026-02-09,EPX-310,LATAM,Brasil Tintas,3.1
2026-02-16,EPX-310,LATAM,Brasil Tintas,3.7
2026-02-23,EPX-310,LATAM,Brasil Tintas,5.0
2026-03-02,EPX-310,LATAM,Brasil Tintas,3.6
2026-03-09,EPX-310,LATAM,Brasil Tintas,3.0
2026-03-16,EPX-310,LATAM,Brasil Tintas,3.3
2026-03-23,EPX-310,LATAM,Brasil Tintas,3.9
2026-03-30,EPX-310,LATAM,Brasil Tintas,3.5
2026-04-06,EPX-310,LATAM,Brasil Tintas,4.3
2026-04-13,EPX-310,LATAM,Brasil Tintas,4.4
2026-04-20,EPX-310,LATAM,Brasil Tintas,4.8
2026-04-27,EPX-310,LATAM,Brasil Tintas,5.4
2026-05-04,EPX-310,LATAM,Brasil Tintas,5.0
2026-05-11,EPX-310,LATAM,Brasil Tintas,3.3
2026-05-18,EPX-310,LATAM,Brasil Tintas,3.4
2026-05-25,EPX-310,LATAM,Brasil Tintas,4.3
2026-06-01,EPX-310,LATAM,Brasil Tintas,4.0
2026-06-08,EPX-310,LATAM,Brasil Tintas,3.5
2026-06-15,EPX-310,LATAM,Brasil Tintas,4.2
2026-06-22,EPX-310,LATAM,Brasil Tintas,4.3
2026-06-29,EPX-310,LATAM,Brasil Tintas,4.1
2026-07-06,EPX-310,LATAM,Brasil Tintas,4.5
2026-07-13,EPX-310,LATAM,Brasil Tintas,6.3
2026-07-20,EPX-310,LATAM,Brasil Tintas,5.2
2026-07-27,EPX-310,LATAM,Brasil Tintas,8.6
2026-08-03,EPX-310,LATAM,Brasil Tintas,5.2
2026-08-10,EPX-310,LATAM,Brasil Tintas,4.7
2026-08-17,EPX-310,LATAM,Brasil Tintas,5.0
2026-08-24,EPX-310,LATAM,Brasil Tintas,5.3
2026-08-31,EPX-310,LATAM,Brasil Tintas,5.4
2026-09-07,EPX-310,LATAM,Brasil Tintas,7.5
2026-09-14,EPX-310,LATAM,Brasil Tintas,3.8
2026-09-21,EPX-310,LATAM,Brasil Tintas,5.3
2026-09-28,EPX-310,LATAM,Brasil Tintas,4.5
2024-10-07,EPX-310,LATAM,Mexico Industrial,3.0
2024-10-14,EPX-310,LATAM,Mexico Industrial,4.9
2024-10-21,EPX-310,LATAM,Mexico Industrial,5.3
2024-10-28,EPX-310,LATAM,Mexico Industrial,3.3
2024-11-04,EPX-310,LATAM,Mexico Industrial,3.9
2024-11-11,EPX-310,LATAM,Mexico Industrial,2.6
2024-11-18,EPX-310,LATAM,Mexico Industrial,2.9
2024-11-25,EPX-310,LATAM,Mexico Industrial,4.6
2024-12-02,EPX-310,LATAM,Mexico Industrial,3.2
2024-12-09,EPX-310,LATAM,Mexico Industrial,2.8
2024-12-16,EPX-310,LATAM,Mexico Industrial,3.6
2024-12-23,EPX-310,LATAM,Mexico Industrial,3.0
2024-12-30,EPX-310,LATAM,Mexico Industrial,3.0
2025-01-06,EPX-310,LATAM,Mexico Industrial,3.9
2025-01-13,EPX-310,LATAM,Mexico Industrial,2.6
2025-01-20,EPX-310,LATAM,Mexico Industrial,2.7
2025-01-27,EPX-310,LATAM,Mexico Industrial,3.5
2025-02-03,EPX-310,LATAM,Mexico Industrial,4.0
2025-02-10,EPX-310,LATAM,Mexico Industrial,4.3
2025-02-17,EPX-310,LATAM,Mexico Industrial,2.8
2025-02-24,EPX-310,LATAM,Mexico Industrial,3.9
2025-03-03,EPX-310,LATAM,Mexico Industrial,2.8
2025-03-10,EPX-310,LATAM,Mexico Industrial,5.0
2025-03-17,EPX-310,LATAM,Mexico Industrial,2.6
2025-03-24,EPX-310,LATAM,Mexico Industrial,4.5
2025-03-31,EPX-310,LATAM,Mexico Industrial,2.9
2025-04-07,EPX-310,LATAM,Mexico Industrial,5.3
2025-04-14,EPX-310,LATAM,Mexico Industrial,3.9
2025-04-21,EPX-310,LATAM,Mexico Industrial,2.8
2025-04-28,EPX-310,LATAM,Mexico Industrial,3.3
2025-05-05,EPX-310,LATAM,Mexico Industrial,4.5
2025-05-12,EPX-310,LATAM,Mexico Industrial,4.7
2025-05-19,EPX-310,LATAM,Mexico Industrial,3.8
2025-05-26,EPX-310,LATAM,Mexico Industrial,4.0
2025-06-02,EPX-310,LATAM,Mexico Industrial,4.8
2025-06-09,EPX-310,LATAM,Mexico Industrial,4.3
2025-06-16,EPX-310,LATAM,Mexico Industrial,3.1
2025-06-23,EPX-310,LATAM,Mexico Industrial,3.5
2025-06-30,EPX-310,LATAM,Mexico Industrial,4.5
2025-07-07,EPX-310,LATAM,Mexico Industrial,5.5
2025-07-14,EPX-310,LATAM,Mexico Industrial,6.2
2025-07-21,EPX-310,LATAM,Mexico Industrial,5.2
2025-07-28,EPX-310,LATAM,Mexico Industrial,4.8
2025-08-04,EPX-310,LATAM,Mexico Industrial,5.3
2025-08-11,EPX-310,LATAM,Mexico Industrial,3.9
2025-08-18,EPX-310,LATAM,Mexico Industrial,4.4
2025-08-25,EPX-310,LATAM,Mexico Industrial,3.8
2025-09-01,EPX-310,LATAM,Mexico Industrial,3.5
2025-09-08,EPX-310,LATAM,Mexico Industrial,4.9
2025-09-15,EPX-310,LATAM,Mexico Industrial,4.6
2025-09-22,EPX-310,LATAM,Mexico Industrial,5.1
2025-09-29,EPX-310,LATAM,Mexico Industrial,4.9
2025-10-06,EPX-310,LATAM,Mexico Industrial,4.5
2025-10-13,EPX-310,LATAM,Mexico Industrial,4.8
2025-10-20,EPX-310,LATAM,Mexico Industrial,4.1
2025-10-27,EPX-310,LATAM,Mexico Industrial,4.4
2025-11-03,EPX-310,LATAM,Mexico Industrial,3.5
2025-11-10,EPX-310,LATAM,Mexico Industrial,4.3
2025-11-17,EPX-310,LATAM,Mexico Industrial,4.4
2025-11-24,EPX-310,LATAM,Mexico Industrial,3.2
2025-12-01,EPX-310,LATAM,Mexico Industrial,3.7
2025-12-08,EPX-310,LATAM,Mexico Industrial,3.1
2025-12-15,EPX-310,LATAM,Mexico Industrial,3.2
2025-12-22,EPX-310,LATAM,Mexico Industrial,2.8
2025-12-29,EPX-310,LATAM,Mexico Industrial,4.7
2026-01-05,EPX-310,LATAM,Mexico Industrial,4.4
2026-01-12,EPX-310,LATAM,Mexico Industrial,4.0
2026-01-19,EPX-310,LATAM,Mexico Industrial,5.4
2026-01-26,EPX-310,LATAM,Mexico Industrial,3.3
2026-02-02,EPX-310,LATAM,Mexico Industrial,6.7
2026-02-09,EPX-310,LATAM,Mexico Industrial,3.2
2026-02-16,EPX-310,LATAM,Mexico Industrial,3.6
2026-02-23,EPX-310,LATAM,Mexico Industrial,3.2
2026-03-02,EPX-310,LATAM,Mexico Industrial,3.7
2026-03-09,EPX-310,LATAM,Mexico Industrial,4.1
2026-03-16,EPX-310,LATAM,Mexico Industrial,3.3
2026-03-23,EPX-310,LATAM,Mexico Industrial,5.0
2026-03-30,EPX-310,LATAM,Mexico Industrial,3.7
2026-04-06,EPX-310,LATAM,Mexico Industrial,3.8
2026-04-13,EPX-310,LATAM,Mexico Industrial,3.0
2026-04-20,EPX-310,LATAM,Mexico Industrial,4.0
2026-04-27,EPX-310,LATAM,Mexico Industrial,3.5
2026-05-04,EPX-310,LATAM,Mexico Industrial,3.3
2026-05-11,EPX-310,LATAM,Mexico Industrial,3.2
2026-05-18,EPX-310,LATAM,Mexico Industrial,7.0
2026-05-25,EPX-310,LATAM,Mexico Industrial,3.8
2026-06-01,EPX-310,LATAM,Mexico Industrial,3.0
2026-06-08,EPX-310,LATAM,Mexico Industrial,3.6
2026-06-15,EPX-310,LATAM,Mexico Industrial,4.2
2026-06-22,EPX-310,LATAM,Mexico Industrial,4.9
2026-06-29,EPX-310,LATAM,Mexico Industrial,5.0
2026-07-06,EPX-310,LATAM,Mexico Industrial,5.2
2026-07-13,EPX-310,LATAM,Mexico Industrial,3.9
2026-07-20,EPX-310,LATAM,Mexico Industrial,5.0
2026-07-27,EPX-310,LATAM,Mexico Industrial,3.8
2026-08-03,EPX-310,LATAM,Mexico Industrial,4.0
2026-08-10,EPX-310,LATAM,Mexico Industrial,3.8
2026-08-17,EPX-310,LATAM,Mexico Industrial,3.6
2026-08-24,EPX-310,LATAM,Mexico Industrial,5.9
2026-08-31,EPX-310,LATAM,Mexico Industrial,5.2
2026-09-07,EPX-310,LATAM,Mexico Industrial,5.4
2026-09-14,EPX-310,LATAM,Mexico Industrial,4.3
2026-09-21,EPX-310,LATAM,Mexico Industrial,4.8
2026-09-28,EPX-310,LATAM,Mexico Industrial,2.7
2024-10-07,PVC-K67,NAM,Apex Coatings,198.7
2024-10-14,PVC-K67,NAM,Apex Coatings,208.5
2024-10-21,PVC-K67,NAM,Apex Coatings,135.5
2024-10-28,PVC-K67,NAM,Apex Coatings,150.9
2024-11-04,PVC-K67,NAM,Apex Coatings,160.8
2024-11-11,PVC-K67,NAM,Apex Coatings,180.1
2024-11-18,PVC-K67,NAM,Apex Coatings,149.1
2024-11-25,PVC-K67,NAM,Apex Coatings,146.5
2024-12-02,PVC-K67,NAM,Apex Coatings,167.1
2024-12-09,PVC-K67,NAM,Apex Coatings,209.1
2024-12-16,PVC-K67,NAM,Apex Coatings,160.2
2024-12-23,PVC-K67,NAM,Apex Coatings,205.8
2024-12-30,PVC-K67,NAM,Apex Coatings,266.1
2025-01-06,PVC-K67,NAM,Apex Coatings,162.9
2025-01-13,PVC-K67,NAM,Apex Coatings,211.6
2025-01-20,PVC-K67,NAM,Apex Coatings,279.8
2025-01-27,PVC-K67,NAM,Apex Coatings,208.2
2025-02-03,PVC-K67,NAM,Apex Coatings,204.1
2025-02-10,PVC-K67,NAM,Apex Coatings,295.1
2025-02-17,PVC-K67,NAM,Apex Coatings,214.6
2025-02-24,PVC-K67,NAM,Apex Coatings,289.0
2025-03-03,PVC-K67,NAM,Apex Coatings,250.5
2025-03-10,PVC-K67,NAM,Apex Coatings,209.9
2025-03-17,PVC-K67,NAM,Apex Coatings,248.1
2025-03-24,PVC-K67,NAM,Apex Coatings,235.7
2025-03-31,PVC-K67,NAM,Apex Coatings,275.6
2025-04-07,PVC-K67,NAM,Apex Coatings,192.3
2025-04-14,PVC-K67,NAM,Apex Coatings,213.2
2025-04-21,PVC-K67,NAM,Apex Coatings,203.7
2025-04-28,PVC-K67,NAM,Apex Coatings,239.0
2025-05-05,PVC-K67,NAM,Apex Coatings,160.9
2025-05-12,PVC-K67,NAM,Apex Coatings,248.2
2025-05-19,PVC-K67,NAM,Apex Coatings,216.3
2025-05-26,PVC-K67,NAM,Apex Coatings,147.3
2025-06-02,PVC-K67,NAM,Apex Coatings,250.0
2025-06-09,PVC-K67,NAM,Apex Coatings,305.2
2025-06-16,PVC-K67,NAM,Apex Coatings,224.7
2025-06-23,PVC-K67,NAM,Apex Coatings,244.4
2025-06-30,PVC-K67,NAM,Apex Coatings,181.4
2025-07-07,PVC-K67,NAM,Apex Coatings,121.6
2025-07-14,PVC-K67,NAM,Apex Coatings,114.2
2025-07-21,PVC-K67,NAM,Apex Coatings,176.6
2025-07-28,PVC-K67,NAM,Apex Coatings,146.8
2025-08-04,PVC-K67,NAM,Apex Coatings,137.4
2025-08-11,PVC-K67,NAM,Apex Coatings,167.1
2025-08-18,PVC-K67,NAM,Apex Coatings,192.3
2025-08-25,PVC-K67,NAM,Apex Coatings,122.6
2025-09-01,PVC-K67,NAM,Apex Coatings,154.8
2025-09-08,PVC-K67,NAM,Apex Coatings,240.7
2025-09-15,PVC-K67,NAM,Apex Coatings,140.1
2025-09-22,PVC-K67,NAM,Apex Coatings,218.3
2025-09-29,PVC-K67,NAM,Apex Coatings,166.5
2025-10-06,PVC-K67,NAM,Apex Coatings,214.0
2025-10-13,PVC-K67,NAM,Apex Coatings,246.6
2025-10-20,PVC-K67,NAM,Apex Coatings,235.2
2025-10-27,PVC-K67,NAM,Apex Coatings,244.9
2025-11-03,PVC-K67,NAM,Apex Coatings,158.4
2025-11-10,PVC-K67,NAM,Apex Coatings,265.3
2025-11-17,PVC-K67,NAM,Apex Coatings,174.3
2025-11-24,PVC-K67,NAM,Apex Coatings,226.3
2025-12-01,PVC-K67,NAM,Apex Coatings,235.4
2025-12-08,PVC-K67,NAM,Apex Coatings,249.8
2025-12-15,PVC-K67,NAM,Apex Coatings,249.6
2025-12-22,PVC-K67,NAM,Apex Coatings,191.0
2025-12-29,PVC-K67,NAM,Apex Coatings,172.5
2026-01-05,PVC-K67,NAM,Apex Coatings,286.2
2026-01-12,PVC-K67,NAM,Apex Coatings,249.9
2026-01-19,PVC-K67,NAM,Apex Coatings,314.5
2026-01-26,PVC-K67,NAM,Apex Coatings,245.8
2026-02-02,PVC-K67,NAM,Apex Coatings,182.1
2026-02-09,PVC-K67,NAM,Apex Coatings,305.9
2026-02-16,PVC-K67,NAM,Apex Coatings,231.2
2026-02-23,PVC-K67,NAM,Apex Coatings,268.5
2026-03-02,PVC-K67,NAM,Apex Coatings,210.8
2026-03-09,PVC-K67,NAM,Apex Coatings,341.6
2026-03-16,PVC-K67,NAM,Apex Coatings,192.5
2026-03-23,PVC-K67,NAM,Apex Coatings,215.4
2026-03-30,PVC-K67,NAM,Apex Coatings,234.5
2026-04-06,PVC-K67,NAM,Apex Coatings,179.3
2026-04-13,PVC-K67,NAM,Apex Coatings,240.0
2026-04-20,PVC-K67,NAM,Apex Coatings,314.1
2026-04-27,PVC-K67,NAM,Apex Coatings,195.0
2026-05-04,PVC-K67,NAM,Apex Coatings,232.2
2026-05-11,PVC-K67,NAM,Apex Coatings,114.4
2026-05-18,PVC-K67,NAM,Apex Coatings,201.3
2026-05-25,PVC-K67,NAM,Apex Coatings,184.5
2026-06-01,PVC-K67,NAM,Apex Coatings,160.8
2026-06-08,PVC-K67,NAM,Apex Coatings,235.5
2026-06-15,PVC-K67,NAM,Apex Coatings,170.2
2026-06-22,PVC-K67,NAM,Apex Coatings,171.6
2026-06-29,PVC-K67,NAM,Apex Coatings,161.4
2026-07-06,PVC-K67,NAM,Apex Coatings,113.8
2026-07-13,PVC-K67,NAM,Apex Coatings,134.1
2026-07-20,PVC-K67,NAM,Apex Coatings,212.4
2026-07-27,PVC-K67,NAM,Apex Coatings,107.2
2026-08-03,PVC-K67,NAM,Apex Coatings,142.6
2026-08-10,PVC-K67,NAM,Apex Coatings,153.5
2026-08-17,PVC-K67,NAM,Apex Coatings,241.5
2026-08-24,PVC-K67,NAM,Apex Coatings,191.7
2026-08-31,PVC-K67,NAM,Apex Coatings,141.3
2026-09-07,PVC-K67,NAM,Apex Coatings,211.6
2026-09-14,PVC-K67,NAM,Apex Coatings,137.5
2026-09-21,PVC-K67,NAM,Apex Coatings,203.0
2026-09-28,PVC-K67,NAM,Apex Coatings,122.0
2024-10-07,PVC-K67,NAM,Midwest Plastics,184.6
2024-10-14,PVC-K67,NAM,Midwest Plastics,136.1
2024-10-21,PVC-K67,NAM,Midwest Plastics,121.3
2024-10-28,PVC-K67,NAM,Midwest Plastics,148.3
2024-11-04,PVC-K67,NAM,Midwest Plastics,166.5
2024-11-11,PVC-K67,NAM,Midwest Plastics,145.1
2024-11-18,PVC-K67,NAM,Midwest Plastics,188.8
2024-11-25,PVC-K67,NAM,Midwest Plastics,146.4
2024-12-02,PVC-K67,NAM,Midwest Plastics,190.7
2024-12-09,PVC-K67,NAM,Midwest Plastics,187.9
2024-12-16,PVC-K67,NAM,Midwest Plastics,170.3
2024-12-23,PVC-K67,NAM,Midwest Plastics,159.2
2024-12-30,PVC-K67,NAM,Midwest Plastics,181.1
2025-01-06,PVC-K67,NAM,Midwest Plastics,203.4
2025-01-13,PVC-K67,NAM,Midwest Plastics,289.6
2025-01-20,PVC-K67,NAM,Midwest Plastics,228.1
2025-01-27,PVC-K67,NAM,Midwest Plastics,235.1
2025-02-03,PVC-K67,NAM,Midwest Plastics,379.5
2025-02-10,PVC-K67,NAM,Midwest Plastics,212.6
2025-02-17,PVC-K67,NAM,Midwest Plastics,212.2
2025-02-24,PVC-K67,NAM,Midwest Plastics,219.9
2025-03-03,PVC-K67,NAM,Midwest Plastics,151.7
2025-03-10,PVC-K67,NAM,Midwest Plastics,170.6
2025-03-17,PVC-K67,NAM,Midwest Plastics,165.9
2025-03-24,PVC-K67,NAM,Midwest Plastics,210.4
2025-03-31,PVC-K67,NAM,Midwest Plastics,176.0
2025-04-07,PVC-K67,NAM,Midwest Plastics,185.8
2025-04-14,PVC-K67,NAM,Midwest Plastics,223.0
2025-04-21,PVC-K67,NAM,Midwest Plastics,207.4
2025-04-28,PVC-K67,NAM,Midwest Plastics,164.1
2025-05-05,PVC-K67,NAM,Midwest Plastics,144.5
2025-05-12,PVC-K67,NAM,Midwest Plastics,211.6
2025-05-19,PVC-K67,NAM,Midwest Plastics,192.3
2025-05-26,PVC-K67,NAM,Midwest Plastics,114.8
2025-06-02,PVC-K67,NAM,Midwest Plastics,148.6
2025-06-09,PVC-K67,NAM,Midwest Plastics,160.8
2025-06-16,PVC-K67,NAM,Midwest Plastics,177.7
2025-06-23,PVC-K67,NAM,Midwest Plastics,181.2
2025-06-30,PVC-K67,NAM,Midwest Plastics,157.5
2025-07-07,PVC-K67,NAM,Midwest Plastics,165.6
2025-07-14,PVC-K67,NAM,Midwest Plastics,144.3
2025-07-21,PVC-K67,NAM,Midwest Plastics,119.6
2025-07-28,PVC-K67,NAM,Midwest Plastics,131.2
2025-08-04,PVC-K67,NAM,Midwest Plastics,140.2
2025-08-11,PVC-K67,NAM,Midwest Plastics,139.7
2025-08-18,PVC-K67,NAM,Midwest Plastics,92.2
2025-08-25,PVC-K67,NAM,Midwest Plastics,128.4
2025-09-01,PVC-K67,NAM,Midwest Plastics,143.7
2025-09-08,PVC-K67,NAM,Midwest Plastics,134.8
2025-09-15,PVC-K67,NAM,Midwest Plastics,139.7
2025-09-22,PVC-K67,NAM,Midwest Plastics,166.7
2025-09-29,PVC-K67,NAM,Midwest Plastics,121.4
2025-10-06,PVC-K67,NAM,Midwest Plastics,110.2
2025-10-13,PVC-K67,NAM,Midwest Plastics,149.1
2025-10-20,PVC-K67,NAM,Midwest Plastics,196.4
2025-10-27,PVC-K67,NAM,Midwest Plastics,241.4
2025-11-03,PVC-K67,NAM,Midwest Plastics,201.4
2025-11-10,PVC-K67,NAM,Midwest Plastics,124.9
2025-11-17,PVC-K67,NAM,Midwest Plastics,165.9
2025-11-24,PVC-K67,NAM,Midwest Plastics,187.8
2025-12-01,PVC-K67,NAM,Midwest Plastics,192.1
2025-12-08,PVC-K67,NAM,Midwest Plastics,210.0
2025-12-15,PVC-K67,NAM,Midwest Plastics,157.4
2025-12-22,PVC-K67,NAM,Midwest Plastics,193.8
2025-12-29,PVC-K67,NAM,Midwest Plastics,211.5
2026-01-05,PVC-K67,NAM,Midwest Plastics,235.3
2026-01-12,PVC-K67,NAM,Midwest Plastics,166.9
2026-01-19,PVC-K67,NAM,Midwest Plastics,188.1
2026-01-26,PVC-K67,NAM,Midwest Plastics,113.7
2026-02-02,PVC-K67,NAM,Midwest Plastics,179.7
2026-02-09,PVC-K67,NAM,Midwest Plastics,183.1
2026-02-16,PVC-K67,NAM,Midwest Plastics,166.5
2026-02-23,PVC-K67,NAM,Midwest Plastics,214.5
2026-03-02,PVC-K67,NAM,Midwest Plastics,199.5
2026-03-09,PVC-K67,NAM,Midwest Plastics,120.2
2026-03-16,PVC-K67,NAM,Midwest Plastics,203.3
2026-03-23,PVC-K67,NAM,Midwest Plastics,157.2
2026-03-30,PVC-K67,NAM,Midwest Plastics,211.7
2026-04-06,PVC-K67,NAM,Midwest Plastics,142.8
2026-04-13,PVC-K67,NAM,Midwest Plastics,186.6
2026-04-20,PVC-K67,NAM,Midwest Plastics,172.0
2026-04-27,PVC-K67,NAM,Midwest Plastics,192.9
2026-05-04,PVC-K67,NAM,Midwest Plastics,181.8
2026-05-11,PVC-K67,NAM,Midwest Plastics,164.5
2026-05-18,PVC-K67,NAM,Midwest Plastics,120.3
2026-05-25,PVC-K67,NAM,Midwest Plastics,118.7
2026-06-01,PVC-K67,NAM,Midwest Plastics,140.6
2026-06-08,PVC-K67,NAM,Midwest Plastics,153.9
2026-06-15,PVC-K67,NAM,Midwest Plastics,132.9
2026-06-22,PVC-K67,NAM,Midwest Plastics,170.1
2026-06-29,PVC-K67,NAM,Midwest Plastics,137.0
2026-07-06,PVC-K67,NAM,Midwest Plastics,116.6
2026-07-13,PVC-K67,NAM,Midwest Plastics,134.4
2026-07-20,PVC-K67,NAM,Midwest Plastics,150.1
2026-07-27,PVC-K67,NAM,Midwest Plastics,152.1
2026-08-03,PVC-K67,NAM,Midwest Plastics,212.0
2026-08-10,PVC-K67,NAM,Midwest Plastics,120.2
2026-08-17,PVC-K67,NAM,Midwest Plastics,134.5
2026-08-24,PVC-K67,NAM,Midwest Plastics,147.7
2026-08-31,PVC-K67,NAM,Midwest Plastics,132.0
2026-09-07,PVC-K67,NAM,Midwest Plastics,118.2
2026-09-14,PVC-K67,NAM,Midwest Plastics,95.6
2026-09-21,PVC-K67,NAM,Midwest Plastics,120.7
2026-09-28,PVC-K67,NAM,Midwest Plastics,108.0
2024-10-07,PVC-K67,NAM,Gulf Packaging,11.5
2024-10-14,PVC-K67,NAM,Gulf Packaging,14.4
2024-10-21,PVC-K67,NAM,Gulf Packaging,13.9
2024-10-28,PVC-K67,NAM,Gulf Packaging,20.4
2024-11-04,PVC-K67,NAM,Gulf Packaging,20.6
2024-11-11,PVC-K67,NAM,Gulf Packaging,15.3
2024-11-18,PVC-K67,NAM,Gulf Packaging,18.2
2024-11-25,PVC-K67,NAM,Gulf Packaging,12.7
2024-12-02,PVC-K67,NAM,Gulf Packaging,17.2
2024-12-09,PVC-K67,NAM,Gulf Packaging,21.4
2024-12-16,PVC-K67,NAM,Gulf Packaging,23.8
2024-12-23,PVC-K67,NAM,Gulf Packaging,17.3
2024-12-30,PVC-K67,NAM,Gulf Packaging,25.4
2025-01-06,PVC-K67,NAM,Gulf Packaging,14.9
2025-01-13,PVC-K67,NAM,Gulf Packaging,16.1
2025-01-20,PVC-K67,NAM,Gulf Packaging,25.0
2025-01-27,PVC-K67,NAM,Gulf Packaging,31.5
2025-02-03,PVC-K67,NAM,Gulf Packaging,24.7
2025-02-10,PVC-K67,NAM,Gulf Packaging,21.7
2025-02-17,PVC-K67,NAM,Gulf Packaging,13.6
2025-02-24,PVC-K67,NAM,Gulf Packaging,13.9
2025-03-03,PVC-K67,NAM,Gulf Packaging,22.4
2025-03-10,PVC-K67,NAM,Gulf Packaging,20.0
2025-03-17,PVC-K67,NAM,Gulf Packaging,16.7
2025-03-24,PVC-K67,NAM,Gulf Packaging,21.3
2025-03-31,PVC-K67,NAM,Gulf Packaging,21.6
2025-04-07,PVC-K67,NAM,Gulf Packaging,25.6
2025-04-14,PVC-K67,NAM,Gulf Packaging,20.8
2025-04-21,PVC-K67,NAM,Gulf Packaging,25.9
2025-04-28,PVC-K67,NAM,Gulf Packaging,19.6
2025-05-05,PVC-K67,NAM,Gulf Packaging,18.8
2025-05-12,PVC-K67,NAM,Gulf Packaging,24.0
2025-05-19,PVC-K67,NAM,Gulf Packaging,15.1
2025-05-26,PVC-K67,NAM,Gulf Packaging,35.0
2025-06-02,PVC-K67,NAM,Gulf Packaging,19.9
2025-06-09,PVC-K67,NAM,Gulf Packaging,19.4
2025-06-16,PVC-K67,NAM,Gulf Packaging,19.4
2025-06-23,PVC-K67,NAM,Gulf Packaging,25.8
2025-06-30,PVC-K67,NAM,Gulf Packaging,20.3
2025-07-07,PVC-K67,NAM,Gulf Packaging,11.8
2025-07-14,PVC-K67,NAM,Gulf Packaging,22.3
2025-07-21,PVC-K67,NAM,Gulf Packaging,14.8
2025-07-28,PVC-K67,NAM,Gulf Packaging,16.4
2025-08-04,PVC-K67,NAM,Gulf Packaging,12.1
2025-08-11,PVC-K67,NAM,Gulf Packaging,18.2
2025-08-18,PVC-K67,NAM,Gulf Packaging,13.9
2025-08-25,PVC-K67,NAM,Gulf Packaging,16.5
2025-09-01,PVC-K67,NAM,Gulf Packaging,15.4
2025-09-08,PVC-K67,NAM,Gulf Packaging,25.2
2025-09-15,PVC-K67,NAM,Gulf Packaging,26.3
2025-09-22,PVC-K67,NAM,Gulf Packaging,17.4
2025-09-29,PVC-K67,NAM,Gulf Packaging,18.0
2025-10-06,PVC-K67,NAM,Gulf Packaging,16.7
2025-10-13,PVC-K67,NAM,Gulf Packaging,23.6
2025-10-20,PVC-K67,NAM,Gulf Packaging,17.8
2025-10-27,PVC-K67,NAM,Gulf Packaging,17.5
2025-11-03,PVC-K67,NAM,Gulf Packaging,24.2
2025-11-10,PVC-K67,NAM,Gulf Packaging,17.7
2025-11-17,PVC-K67,NAM,Gulf Packaging,19.9
2025-11-24,PVC-K67,NAM,Gulf Packaging,14.4
2025-12-01,PVC-K67,NAM,Gulf Packaging,24.8
2025-12-08,PVC-K67,NAM,Gulf Packaging,32.9
2025-12-15,PVC-K67,NAM,Gulf Packaging,26.0
2025-12-22,PVC-K67,NAM,Gulf Packaging,30.3
2025-12-29,PVC-K67,NAM,Gulf Packaging,18.4
2026-01-05,PVC-K67,NAM,Gulf Packaging,23.8
2026-01-12,PVC-K67,NAM,Gulf Packaging,18.7
2026-01-19,PVC-K67,NAM,Gulf Packaging,22.2
2026-01-26,PVC-K67,NAM,Gulf Packaging,28.1
2026-02-02,PVC-K67,NAM,Gulf Packaging,24.3
2026-02-09,PVC-K67,NAM,Gulf Packaging,17.3
2026-02-16,PVC-K67,NAM,Gulf Packaging,18.0
2026-02-23,PVC-K67,NAM,Gulf Packaging,17.6
2026-03-02,PVC-K67,NAM,Gulf Packaging,25.9
2026-03-09,PVC-K67,NAM,Gulf Packaging,35.8
2026-03-16,PVC-K67,NAM,Gulf Packaging,30.1
2026-03-23,PVC-K67,NAM,Gulf Packaging,14.6
2026-03-30,PVC-K67,NAM,Gulf Packaging,30.0
2026-04-06,PVC-K67,NAM,Gulf Packaging,26.8
2026-04-13,PVC-K67,NAM,Gulf Packaging,15.2
2026-04-20,PVC-K67,NAM,Gulf Packaging,19.7
2026-04-27,PVC-K67,NAM,Gulf Packaging,26.4
2026-05-04,PVC-K67,NAM,Gulf Packaging,23.0
2026-05-11,PVC-K67,NAM,Gulf Packaging,15.0
2026-05-18,PVC-K67,NAM,Gulf Packaging,22.2
2026-05-25,PVC-K67,NAM,Gulf Packaging,11.8
2026-06-01,PVC-K67,NAM,Gulf Packaging,17.5
2026-06-08,PVC-K67,NAM,Gulf Packaging,22.8
2026-06-15,PVC-K67,NAM,Gulf Packaging,17.6
2026-06-22,PVC-K67,NAM,Gulf Packaging,15.3
2026-06-29,PVC-K67,NAM,Gulf Packaging,20.4
2026-07-06,PVC-K67,NAM,Gulf Packaging,20.6
2026-07-13,PVC-K67,NAM,Gulf Packaging,22.0
2026-07-20,PVC-K67,NAM,Gulf Packaging,19.9
2026-07-27,PVC-K67,NAM,Gulf Packaging,20.7
2026-08-03,PVC-K67,NAM,Gulf Packaging,19.0
2026-08-10,PVC-K67,NAM,Gulf Packaging,17.0
2026-08-17,PVC-K67,NAM,Gulf Packaging,16.1
2026-08-24,PVC-K67,NAM,Gulf Packaging,14.7
2026-08-31,PVC-K67,NAM,Gulf Packaging,11.7
2026-09-07,PVC-K67,NAM,Gulf Packaging,12.3
2026-09-14,PVC-K67,NAM,Gulf Packaging,14.6
2026-09-21,PVC-K67,NAM,Gulf Packaging,16.4
2026-09-28,PVC-K67,NAM,Gulf Packaging,21.6
2024-10-07,PVC-K67,EU,Rhein Composites,226.0
2024-10-14,PVC-K67,EU,Rhein Composites,154.3
2024-10-21,PVC-K67,EU,Rhein Composites,212.2
2024-10-28,PVC-K67,EU,Rhein Composites,300.7
2024-11-04,PVC-K67,EU,Rhein Composites,205.5
2024-11-11,PVC-K67,EU,Rhein Composites,237.8
2024-11-18,PVC-K67,EU,Rhein Composites,247.0
2024-11-25,PVC-K67,EU,Rhein Composites,180.7
2024-12-02,PVC-K67,EU,Rhein Composites,252.7
2024-12-09,PVC-K67,EU,Rhein Composites,170.2
2024-12-16,PVC-K67,EU,Rhein Composites,206.0
2024-12-23,PVC-K67,EU,Rhein Composites,301.3
2024-12-30,PVC-K67,EU,Rhein Composites,255.6
2025-01-06,PVC-K67,EU,Rhein Composites,223.7
2025-01-13,PVC-K67,EU,Rhein Composites,265.2
2025-01-20,PVC-K67,EU,Rhein Composites,239.1
2025-01-27,PVC-K67,EU,Rhein Composites,244.4
2025-02-03,PVC-K67,EU,Rhein Composites,289.8
2025-02-10,PVC-K67,EU,Rhein Composites,213.0
2025-02-17,PVC-K67,EU,Rhein Composites,248.2
2025-02-24,PVC-K67,EU,Rhein Composites,230.1
2025-03-03,PVC-K67,EU,Rhein Composites,173.0
2025-03-10,PVC-K67,EU,Rhein Composites,202.8
2025-03-17,PVC-K67,EU,Rhein Composites,352.4
2025-03-24,PVC-K67,EU,Rhein Composites,269.8
2025-03-31,PVC-K67,EU,Rhein Composites,186.4
2025-04-07,PVC-K67,EU,Rhein Composites,171.7
2025-04-14,PVC-K67,EU,Rhein Composites,230.0
2025-04-21,PVC-K67,EU,Rhein Composites,321.6
2025-04-28,PVC-K67,EU,Rhein Composites,213.6
2025-05-05,PVC-K67,EU,Rhein Composites,284.9
2025-05-12,PVC-K67,EU,Rhein Composites,228.3
2025-05-19,PVC-K67,EU,Rhein Composites,228.1
2025-05-26,PVC-K67,EU,Rhein Composites,146.9
2025-06-02,PVC-K67,EU,Rhein Composites,233.3
2025-06-09,PVC-K67,EU,Rhein Composites,173.5
2025-06-16,PVC-K67,EU,Rhein Composites,223.4
2025-06-23,PVC-K67,EU,Rhein Composites,156.1
2025-06-30,PVC-K67,EU,Rhein Composites,198.3
2025-07-07,PVC-K67,EU,Rhein Composites,203.7
2025-07-14,PVC-K67,EU,Rhein Composites,178.0
2025-07-21,PVC-K67,EU,Rhein Composites,193.3
2025-07-28,PVC-K67,EU,Rhein Composites,165.4
2025-08-04,PVC-K67,EU,Rhein Composites,149.7
2025-08-11,PVC-K67,EU,Rhein Composites,244.0
2025-08-18,PVC-K67,EU,Rhein Composites,213.9
2025-08-25,PVC-K67,EU,Rhein Composites,144.2
2025-09-01,PVC-K67,EU,Rhein Composites,197.5
2025-09-08,PVC-K67,EU,Rhein Composites,149.5
2025-09-15,PVC-K67,EU,Rhein Composites,137.4
2025-09-22,PVC-K67,EU,Rhein Composites,223.8
2025-09-29,PVC-K67,EU,Rhein Composites,121.5
2025-10-06,PVC-K67,EU,Rhein Composites,219.7
2025-10-13,PVC-K67,EU,Rhein Composites,172.9
2025-10-20,PVC-K67,EU,Rhein Composites,182.9
2025-10-27,PVC-K67,EU,Rhein Composites,214.3
2025-11-03,PVC-K67,EU,Rhein Composites,230.9
2025-11-10,PVC-K67,EU,Rhein Composites,171.4
2025-11-17,PVC-K67,EU,Rhein Composites,242.3
2025-11-24,PVC-K67,EU,Rhein Composites,213.2
2025-12-01,PVC-K67,EU,Rhein Composites,159.2
2025-12-08,PVC-K67,EU,Rhein Composites,212.5
2025-12-15,PVC-K67,EU,Rhein Composites,301.0
2025-12-22,PVC-K67,EU,Rhein Composites,329.7
2025-12-29,PVC-K67,EU,Rhein Composites,267.9
2026-01-05,PVC-K67,EU,Rhein Composites,180.0
2026-01-12,PVC-K67,EU,Rhein Composites,265.9
2026-01-19,PVC-K67,EU,Rhein Composites,288.7
2026-01-26,PVC-K67,EU,Rhein Composites,282.5
2026-02-02,PVC-K67,EU,Rhein Composites,284.3
2026-02-09,PVC-K67,EU,Rhein Composites,260.8
2026-02-16,PVC-K67,EU,Rhein Composites,235.6
2026-02-23,PVC-K67,EU,Rhein Composites,205.5
2026-03-02,PVC-K67,EU,Rhein Composites,150.7
2026-03-09,PVC-K67,EU,Rhein Composites,246.1
2026-03-16,PVC-K67,EU,Rhein Composites,240.7
2026-03-23,PVC-K67,EU,Rhein Composites,258.2
2026-03-30,PVC-K67,EU,Rhein Composites,167.9
2026-04-06,PVC-K67,EU,Rhein Composites,257.1
2026-04-13,PVC-K67,EU,Rhein Composites,351.9
2026-04-20,PVC-K67,EU,Rhein Composites,223.7
2026-04-27,PVC-K67,EU,Rhein Composites,211.6
2026-05-04,PVC-K67,EU,Rhein Composites,228.3
2026-05-11,PVC-K67,EU,Rhein Composites,328.2
2026-05-18,PVC-K67,EU,Rhein Composites,168.0
2026-05-25,PVC-K67,EU,Rhein Composites,215.2
2026-06-01,PVC-K67,EU,Rhein Composites,166.3
2026-06-08,PVC-K67,EU,Rhein Composites,168.7
2026-06-15,PVC-K67,EU,Rhein Composites,189.0
2026-06-22,PVC-K67,EU,Rhein Composites,256.9
2026-06-29,PVC-K67,EU,Rhein Composites,278.8
2026-07-06,PVC-K67,EU,Rhein Composites,202.7
2026-07-13,PVC-K67,EU,Rhein Composites,170.0
2026-07-20,PVC-K67,EU,Rhein Composites,311.4
2026-07-27,PVC-K67,EU,Rhein Composites,160.1
2026-08-03,PVC-K67,EU,Rhein Composites,155.7
2026-08-10,PVC-K67,EU,Rhein Composites,118.6
2026-08-17,PVC-K67,EU,Rhein Composites,235.1
2026-08-24,PVC-K67,EU,Rhein Composites,189.5
2026-08-31,PVC-K67,EU,Rhein Composites,258.5
2026-09-07,PVC-K67,EU,Rhein Composites,113.6
2026-09-14,PVC-K67,EU,Rhein Composites,210.8
2026-09-21,PVC-K67,EU,Rhein Composites,156.9
2026-09-28,PVC-K67,EU,Rhein Composites,177.8
2024-10-07,PVC-K67,EU,Nordic Paints,53.1
2024-10-14,PVC-K67,EU,Nordic Paints,107.4
2024-10-21,PVC-K67,EU,Nordic Paints,94.5
2024-10-28,PVC-K67,EU,Nordic Paints,80.5
2024-11-04,PVC-K67,EU,Nordic Paints,95.7
2024-11-11,PVC-K67,EU,Nordic Paints,70.6
2024-11-18,PVC-K67,EU,Nordic Paints,74.8
2024-11-25,PVC-K67,EU,Nordic Paints,79.5
2024-12-02,PVC-K67,EU,Nordic Paints,58.3
2024-12-09,PVC-K67,EU,Nordic Paints,108.5
2024-12-16,PVC-K67,EU,Nordic Paints,119.2
2024-12-23,PVC-K67,EU,Nordic Paints,79.1
2024-12-30,PVC-K67,EU,Nordic Paints,99.0
2025-01-06,PVC-K67,EU,Nordic Paints,87.6
2025-01-13,PVC-K67,EU,Nordic Paints,100.3
2025-01-20,PVC-K67,EU,Nordic Paints,81.9
2025-01-27,PVC-K67,EU,Nordic Paints,77.9
2025-02-03,PVC-K67,EU,Nordic Paints,122.7
2025-02-10,PVC-K67,EU,Nordic Paints,95.6
2025-02-17,PVC-K67,EU,Nordic Paints,148.9
2025-02-24,PVC-K67,EU,Nordic Paints,96.6
2025-03-03,PVC-K67,EU,Nordic Paints,77.6
2025-03-10,PVC-K67,EU,Nordic Paints,126.2
2025-03-17,PVC-K67,EU,Nordic Paints,111.3
2025-03-24,PVC-K67,EU,Nordic Paints,112.9
2025-03-31,PVC-K67,EU,Nordic Paints,125.7
2025-04-07,PVC-K67,EU,Nordic Paints,81.0
2025-04-14,PVC-K67,EU,Nordic Paints,89.0
2025-04-21,PVC-K67,EU,Nordic Paints,85.3
2025-04-28,PVC-K67,EU,Nordic Paints,65.0
2025-05-05,PVC-K67,EU,Nordic Paints,78.3
2025-05-12,PVC-K67,EU,Nordic Paints,110.0
2025-05-19,PVC-K67,EU,Nordic Paints,84.1
2025-05-26,PVC-K67,EU,Nordic Paints,56.9
2025-06-02,PVC-K67,EU,Nordic Paints,52.3
2025-06-09,PVC-K67,EU,Nordic Paints,104.5
2025-06-16,PVC-K67,EU,Nordic Paints,70.3
2025-06-23,PVC-K67,EU,Nordic Paints,62.8
2025-06-30,PVC-K67,EU,Nordic Paints,69.7
2025-07-07,PVC-K67,EU,Nordic Paints,52.9
2025-07-14,PVC-K67,EU,Nordic Paints,97.7
2025-07-21,PVC-K67,EU,Nordic Paints,62.9
2025-07-28,PVC-K67,EU,Nordic Paints,91.9
2025-08-04,PVC-K67,EU,Nordic Paints,67.8
2025-08-11,PVC-K67,EU,Nordic Paints,91.1
2025-08-18,PVC-K67,EU,Nordic Paints,69.7
2025-08-25,PVC-K67,EU,Nordic Paints,79.8
2025-09-01,PVC-K67,EU,Nordic Paints,79.2
2025-09-08,PVC-K67,EU,Nordic Paints,78.4
2025-09-15,PVC-K67,EU,Nordic Paints,74.7
2025-09-22,PVC-K67,EU,Nordic Paints,65.7
2025-09-29,PVC-K67,EU,Nordic Paints,104.5
2025-10-06,PVC-K67,EU,Nordic Paints,56.9
2025-10-13,PVC-K67,EU,Nordic Paints,71.0
2025-10-20,PVC-K67,EU,Nordic Paints,74.6
2025-10-27,PVC-K67,EU,Nordic Paints,83.0
2025-11-03,PVC-K67,EU,Nordic Paints,71.7
2025-11-10,PVC-K67,EU,Nordic Paints,85.5
2025-11-17,PVC-K67,EU,Nordic Paints,77.4
2025-11-24,PVC-K67,EU,Nordic Paints,57.0
2025-12-01,PVC-K67,EU,Nordic Paints,81.6
2025-12-08,PVC-K67,EU,Nordic Paints,67.2
2025-12-15,PVC-K67,EU,Nordic Paints,58.9
2025-12-22,PVC-K67,EU,Nordic Paints,91.2
2025-12-29,PVC-K67,EU,Nordic Paints,98.8
2026-01-05,PVC-K67,EU,Nordic Paints,101.9
2026-01-12,PVC-K67,EU,Nordic Paints,104.9
2026-01-19,PVC-K67,EU,Nordic Paints,60.7
2026-01-26,PVC-K67,EU,Nordic Paints,69.3
2026-02-02,PVC-K67,EU,Nordic Paints,143.3
2026-02-09,PVC-K67,EU,Nordic Paints,74.2
2026-02-16,PVC-K67,EU,Nordic Paints,106.2
2026-02-23,PVC-K67,EU,Nordic Paints,78.4
2026-03-02,PVC-K67,EU,Nordic Paints,90.4
2026-03-09,PVC-K67,EU,Nordic Paints,77.1
2026-03-16,PVC-K67,EU,Nordic Paints,101.4
2026-03-23,PVC-K67,EU,Nordic Paints,91.3
2026-03-30,PVC-K67,EU,Nordic Paints,79.2
2026-04-06,PVC-K67,EU,Nordic Paints,68.7
2026-04-13,PVC-K67,EU,Nordic Paints,92.2
2026-04-20,PVC-K67,EU,Nordic Paints,65.3
2026-04-27,PVC-K67,EU,Nordic Paints,91.4
2026-05-04,PVC-K67,EU,Nordic Paints,147.5
2026-05-11,PVC-K67,EU,Nordic Paints,109.6
2026-05-18,PVC-K67,EU,Nordic Paints,95.6
2026-05-25,PVC-K67,EU,Nordic Paints,78.4
2026-06-01,PVC-K67,EU,Nordic Paints,50.2
2026-06-08,PVC-K67,EU,Nordic Paints,55.2
2026-06-15,PVC-K67,EU,Nordic Paints,98.3
2026-06-22,PVC-K67,EU,Nordic Paints,62.3
2026-06-29,PVC-K67,EU,Nordic Paints,62.4
2026-07-06,PVC-K67,EU,Nordic Paints,68.7
2026-07-13,PVC-K67,EU,Nordic Paints,56.7
2026-07-20,PVC-K67,EU,Nordic Paints,53.3
2026-07-27,PVC-K67,EU,Nordic Paints,67.5
2026-08-03,PVC-K67,EU,Nordic Paints,56.3
2026-08-10,PVC-K67,EU,Nordic Paints,57.8
2026-08-17,PVC-K67,EU,Nordic Paints,56.5
2026-08-24,PVC-K67,EU,Nordic Paints,66.7
2026-08-31,PVC-K67,EU,Nordic Paints,56.0
2026-09-07,PVC-K67,EU,Nordic Paints,57.5
2026-09-14,PVC-K67,EU,Nordic Paints,67.7
2026-09-21,PVC-K67,EU,Nordic Paints,58.1
2026-09-28,PVC-K67,EU,Nordic Paints,54.4
2024-10-07,PVC-K67,EU,Iberia Polymers,50.3
2024-10-14,PVC-K67,EU,Iberia Polymers,53.6
2024-10-21,PVC-K67,EU,Iberia Polymers,45.7
2024-10-28,PVC-K67,EU,Iberia Polymers,49.2
2024-11-04,PVC-K67,EU,Iberia Polymers,41.6
2024-11-11,PVC-K67,EU,Iberia Polymers,41.1
2024-11-18,PVC-K67,EU,Iberia Polymers,59.9
2024-11-25,PVC-K67,EU,Iberia Polymers,57.8
2024-12-02,PVC-K67,EU,Iberia Polymers,57.6
2024-12-09,PVC-K67,EU,Iberia Polymers,56.8
2024-12-16,PVC-K67,EU,Iberia Polymers,55.1
2024-12-23,PVC-K67,EU,Iberia Polymers,64.0
2024-12-30,PVC-K67,EU,Iberia Polymers,67.0
2025-01-06,PVC-K67,EU,Iberia Polymers,67.5
2025-01-13,PVC-K67,EU,Iberia Polymers,54.3
2025-01-20,PVC-K67,EU,Iberia Polymers,75.9
2025-01-27,PVC-K67,EU,Iberia Polymers,59.1
2025-02-03,PVC-K67,EU,Iberia Polymers,66.5
2025-02-10,PVC-K67,EU,Iberia Polymers,61.4
2025-02-17,PVC-K67,EU,Iberia Polymers,59.9
2025-02-24,PVC-K67,EU,Iberia Polymers,48.4
2025-03-03,PVC-K67,EU,Iberia Polymers,66.0
2025-03-10,PVC-K67,EU,Iberia Polymers,107.2
2025-03-17,PVC-K67,EU,Iberia Polymers,53.0
2025-03-24,PVC-K67,EU,Iberia Polymers,58.1
2025-03-31,PVC-K67,EU,Iberia Polymers,52.2
2025-04-07,PVC-K67,EU,Iberia Polymers,49.9
2025-04-14,PVC-K67,EU,Iberia Polymers,76.4
2025-04-21,PVC-K67,EU,Iberia Polymers,45.4
2025-04-28,PVC-K67,EU,Iberia Polymers,46.3
2025-05-05,PVC-K67,EU,Iberia Polymers,34.8
2025-05-12,PVC-K67,EU,Iberia Polymers,41.3
2025-05-19,PVC-K67,EU,Iberia Polymers,32.6
2025-05-26,PVC-K67,EU,Iberia Polymers,52.3
2025-06-02,PVC-K67,EU,Iberia Polymers,81.1
2025-06-09,PVC-K67,EU,Iberia Polymers,39.8
2025-06-16,PVC-K67,EU,Iberia Polymers,29.6
2025-06-23,PVC-K67,EU,Iberia Polymers,52.5
2025-06-30,PVC-K67,EU,Iberia Polymers,37.5
2025-07-07,PVC-K67,EU,Iberia Polymers,57.9
2025-07-14,PVC-K67,EU,Iberia Polymers,39.9
2025-07-21,PVC-K67,EU,Iberia Polymers,35.5
2025-07-28,PVC-K67,EU,Iberia Polymers,38.9
2025-08-04,PVC-K67,EU,Iberia Polymers,47.1
2025-08-11,PVC-K67,EU,Iberia Polymers,37.6
2025-08-18,PVC-K67,EU,Iberia Polymers,35.1
2025-08-25,PVC-K67,EU,Iberia Polymers,37.7
2025-09-01,PVC-K67,EU,Iberia Polymers,30.4
2025-09-08,PVC-K67,EU,Iberia Polymers,44.3
2025-09-15,PVC-K67,EU,Iberia Polymers,27.8
2025-09-22,PVC-K67,EU,Iberia Polymers,37.3
2025-09-29,PVC-K67,EU,Iberia Polymers,48.2
2025-10-06,PVC-K67,EU,Iberia Polymers,44.2
2025-10-13,PVC-K67,EU,Iberia Polymers,48.0
2025-10-20,PVC-K67,EU,Iberia Polymers,43.6
2025-10-27,PVC-K67,EU,Iberia Polymers,58.5
2025-11-03,PVC-K67,EU,Iberia Polymers,57.5
2025-11-10,PVC-K67,EU,Iberia Polymers,52.3
2025-11-17,PVC-K67,EU,Iberia Polymers,58.6
2025-11-24,PVC-K67,EU,Iberia Polymers,56.6
2025-12-01,PVC-K67,EU,Iberia Polymers,44.0
2025-12-08,PVC-K67,EU,Iberia Polymers,37.9
2025-12-15,PVC-K67,EU,Iberia Polymers,56.2
2025-12-22,PVC-K67,EU,Iberia Polymers,59.3
2025-12-29,PVC-K67,EU,Iberia Polymers,67.1
2026-01-05,PVC-K67,EU,Iberia Polymers,43.9
2026-01-12,PVC-K67,EU,Iberia Polymers,45.1
2026-01-19,PVC-K67,EU,Iberia Polymers,61.1
2026-01-26,PVC-K67,EU,Iberia Polymers,54.7
2026-02-02,PVC-K67,EU,Iberia Polymers,36.5
2026-02-09,PVC-K67,EU,Iberia Polymers,60.4
2026-02-16,PVC-K67,EU,Iberia Polymers,36.8
2026-02-23,PVC-K67,EU,Iberia Polymers,44.0
2026-03-02,PVC-K67,EU,Iberia Polymers,71.1
2026-03-09,PVC-K67,EU,Iberia Polymers,78.7
2026-03-16,PVC-K67,EU,Iberia Polymers,40.8
2026-03-23,PVC-K67,EU,Iberia Polymers,49.0
2026-03-30,PVC-K67,EU,Iberia Polymers,52.5
2026-04-06,PVC-K67,EU,Iberia Polymers,76.2
2026-04-13,PVC-K67,EU,Iberia Polymers,46.4
2026-04-20,PVC-K67,EU,Iberia Polymers,45.7
2026-04-27,PVC-K67,EU,Iberia Polymers,69.6
2026-05-04,PVC-K67,EU,Iberia Polymers,45.3
2026-05-11,PVC-K67,EU,Iberia Polymers,56.8
2026-05-18,PVC-K67,EU,Iberia Polymers,35.1
2026-05-25,PVC-K67,EU,Iberia Polymers,45.7
2026-06-01,PVC-K67,EU,Iberia Polymers,31.8
2026-06-08,PVC-K67,EU,Iberia Polymers,34.8
2026-06-15,PVC-K67,EU,Iberia Polymers,53.0
2026-06-22,PVC-K67,EU,Iberia Polymers,43.6
2026-06-29,PVC-K67,EU,Iberia Polymers,40.4
2026-07-06,PVC-K67,EU,Iberia Polymers,36.0
2026-07-13,PVC-K67,EU,Iberia Polymers,40.6
2026-07-20,PVC-K67,EU,Iberia Polymers,44.4
2026-07-27,PVC-K67,EU,Iberia Polymers,50.4
2026-08-03,PVC-K67,EU,Iberia Polymers,22.9
2026-08-10,PVC-K67,EU,Iberia Polymers,33.7
2026-08-17,PVC-K67,EU,Iberia Polymers,41.3
2026-08-24,PVC-K67,EU,Iberia Polymers,5.8
2026-08-31,PVC-K67,EU,Iberia Polymers,6.4
2026-09-07,PVC-K67,EU,Iberia Polymers,6.3
2026-09-14,PVC-K67,EU,Iberia Polymers,5.5
2026-09-21,PVC-K67,EU,Iberia Polymers,5.3
2026-09-28,PVC-K67,EU,Iberia Polymers,5.4
2024-10-07,PVC-K67,APAC,Pacific Coatings,183.6
2024-10-14,PVC-K67,APAC,Pacific Coatings,191.7
2024-10-21,PVC-K67,APAC,Pacific Coatings,141.6
2024-10-28,PVC-K67,APAC,Pacific Coatings,134.4
2024-11-04,PVC-K67,APAC,Pacific Coatings,127.7
2024-11-11,PVC-K67,APAC,Pacific Coatings,128.9
2024-11-18,PVC-K67,APAC,Pacific Coatings,157.9
2024-11-25,PVC-K67,APAC,Pacific Coatings,134.7
2024-12-02,PVC-K67,APAC,Pacific Coatings,131.2
2024-12-09,PVC-K67,APAC,Pacific Coatings,94.7
2024-12-16,PVC-K67,APAC,Pacific Coatings,97.5
2024-12-23,PVC-K67,APAC,Pacific Coatings,190.6
2024-12-30,PVC-K67,APAC,Pacific Coatings,114.5
2025-01-06,PVC-K67,APAC,Pacific Coatings,98.4
2025-01-13,PVC-K67,APAC,Pacific Coatings,156.1
2025-01-20,PVC-K67,APAC,Pacific Coatings,119.9
2025-01-27,PVC-K67,APAC,Pacific Coatings,127.5
2025-02-03,PVC-K67,APAC,Pacific Coatings,108.4
2025-02-10,PVC-K67,APAC,Pacific Coatings,102.4
2025-02-17,PVC-K67,APAC,Pacific Coatings,105.9
2025-02-24,PVC-K67,APAC,Pacific Coatings,81.9
2025-03-03,PVC-K67,APAC,Pacific Coatings,113.4
2025-03-10,PVC-K67,APAC,Pacific Coatings,127.6
2025-03-17,PVC-K67,APAC,Pacific Coatings,180.3
2025-03-24,PVC-K67,APAC,Pacific Coatings,123.6
2025-03-31,PVC-K67,APAC,Pacific Coatings,72.4
2025-04-07,PVC-K67,APAC,Pacific Coatings,119.7
2025-04-14,PVC-K67,APAC,Pacific Coatings,229.0
2025-04-21,PVC-K67,APAC,Pacific Coatings,157.9
2025-04-28,PVC-K67,APAC,Pacific Coatings,110.0
2025-05-05,PVC-K67,APAC,Pacific Coatings,152.4
2025-05-12,PVC-K67,APAC,Pacific Coatings,112.8
2025-05-19,PVC-K67,APAC,Pacific Coatings,100.3
2025-05-26,PVC-K67,APAC,Pacific Coatings,125.8
2025-06-02,PVC-K67,APAC,Pacific Coatings,140.7
2025-06-09,PVC-K67,APAC,Pacific Coatings,91.7
2025-06-16,PVC-K67,APAC,Pacific Coatings,109.4
2025-06-23,PVC-K67,APAC,Pacific Coatings,139.7
2025-06-30,PVC-K67,APAC,Pacific Coatings,126.5
2025-07-07,PVC-K67,APAC,Pacific Coatings,157.7
2025-07-14,PVC-K67,APAC,Pacific Coatings,109.5
2025-07-21,PVC-K67,APAC,Pacific Coatings,166.0
2025-07-28,PVC-K67,APAC,Pacific Coatings,113.0
2025-08-04,PVC-K67,APAC,Pacific Coatings,221.3
2025-08-11,PVC-K67,APAC,Pacific Coatings,103.7
2025-08-18,PVC-K67,APAC,Pacific Coatings,118.3
2025-08-25,PVC-K67,APAC,Pacific Coatings,165.3
2025-09-01,PVC-K67,APAC,Pacific Coatings,222.0
2025-09-08,PVC-K67,APAC,Pacific Coatings,161.3
2025-09-15,PVC-K67,APAC,Pacific Coatings,168.8
2025-09-22,PVC-K67,APAC,Pacific Coatings,149.5
2025-09-29,PVC-K67,APAC,Pacific Coatings,117.9
2025-10-06,PVC-K67,APAC,Pacific Coatings,130.0
2025-10-13,PVC-K67,APAC,Pacific Coatings,109.1
2025-10-20,PVC-K67,APAC,Pacific Coatings,103.4
2025-10-27,PVC-K67,APAC,Pacific Coatings,146.1
2025-11-03,PVC-K67,APAC,Pacific Coatings,101.8
2025-11-10,PVC-K67,APAC,Pacific Coatings,137.6
2025-11-17,PVC-K67,APAC,Pacific Coatings,93.3
2025-11-24,PVC-K67,APAC,Pacific Coatings,131.0
2025-12-01,PVC-K67,APAC,Pacific Coatings,109.5
2025-12-08,PVC-K67,APAC,Pacific Coatings,162.7
2025-12-15,PVC-K67,APAC,Pacific Coatings,126.2
2025-12-22,PVC-K67,APAC,Pacific Coatings,151.3
2025-12-29,PVC-K67,APAC,Pacific Coatings,95.9
2026-01-05,PVC-K67,APAC,Pacific Coatings,111.7
2026-01-12,PVC-K67,APAC,Pacific Coatings,88.1
2026-01-19,PVC-K67,APAC,Pacific Coatings,98.7
2026-01-26,PVC-K67,APAC,Pacific Coatings,104.3
2026-02-02,PVC-K67,APAC,Pacific Coatings,95.6
2026-02-09,PVC-K67,APAC,Pacific Coatings,86.0
2026-02-16,PVC-K67,APAC,Pacific Coatings,81.7
2026-02-23,PVC-K67,APAC,Pacific Coatings,65.9
2026-03-02,PVC-K67,APAC,Pacific Coatings,89.4
2026-03-09,PVC-K67,APAC,Pacific Coatings,131.4
2026-03-16,PVC-K67,APAC,Pacific Coatings,81.9
2026-03-23,PVC-K67,APAC,Pacific Coatings,85.4
2026-03-30,PVC-K67,APAC,Pacific Coatings,176.7
2026-04-06,PVC-K67,APAC,Pacific Coatings,106.1
2026-04-13,PVC-K67,APAC,Pacific Coatings,131.7
2026-04-20,PVC-K67,APAC,Pacific Coatings,143.7
2026-04-27,PVC-K67,APAC,Pacific Coatings,147.6
2026-05-04,PVC-K67,APAC,Pacific Coatings,93.8
2026-05-11,PVC-K67,APAC,Pacific Coatings,126.7
2026-05-18,PVC-K67,APAC,Pacific Coatings,95.4
2026-05-25,PVC-K67,APAC,Pacific Coatings,237.1
2026-06-01,PVC-K67,APAC,Pacific Coatings,99.4
2026-06-08,PVC-K67,APAC,Pacific Coatings,116.5
2026-06-15,PVC-K67,APAC,Pacific Coatings,114.7
2026-06-22,PVC-K67,APAC,Pacific Coatings,105.4
2026-06-29,PVC-K67,APAC,Pacific Coatings,200.1
2026-07-06,PVC-K67,APAC,Pacific Coatings,257.6
2026-07-13,PVC-K67,APAC,Pacific Coatings,136.9
2026-07-20,PVC-K67,APAC,Pacific Coatings,111.7
2026-07-27,PVC-K67,APAC,Pacific Coatings,92.3
2026-08-03,PVC-K67,APAC,Pacific Coatings,147.4
2026-08-10,PVC-K67,APAC,Pacific Coatings,141.7
2026-08-17,PVC-K67,APAC,Pacific Coatings,136.9
2026-08-24,PVC-K67,APAC,Pacific Coatings,168.7
2026-08-31,PVC-K67,APAC,Pacific Coatings,178.7
2026-09-07,PVC-K67,APAC,Pacific Coatings,176.3
2026-09-14,PVC-K67,APAC,Pacific Coatings,154.6
2026-09-21,PVC-K67,APAC,Pacific Coatings,133.3
2026-09-28,PVC-K67,APAC,Pacific Coatings,200.1
2024-10-07,PVC-K67,APAC,Shenzhen Electronic Materials,131.3
2024-10-14,PVC-K67,APAC,Shenzhen Electronic Materials,156.5
2024-10-21,PVC-K67,APAC,Shenzhen Electronic Materials,150.4
2024-10-28,PVC-K67,APAC,Shenzhen Electronic Materials,90.7
2024-11-04,PVC-K67,APAC,Shenzhen Electronic Materials,88.2
2024-11-11,PVC-K67,APAC,Shenzhen Electronic Materials,101.7
2024-11-18,PVC-K67,APAC,Shenzhen Electronic Materials,91.3
2024-11-25,PVC-K67,APAC,Shenzhen Electronic Materials,133.1
2024-12-02,PVC-K67,APAC,Shenzhen Electronic Materials,118.5
2024-12-09,PVC-K67,APAC,Shenzhen Electronic Materials,136.1
2024-12-16,PVC-K67,APAC,Shenzhen Electronic Materials,115.9
2024-12-23,PVC-K67,APAC,Shenzhen Electronic Materials,109.6
2024-12-30,PVC-K67,APAC,Shenzhen Electronic Materials,136.5
2025-01-06,PVC-K67,APAC,Shenzhen Electronic Materials,113.9
2025-01-13,PVC-K67,APAC,Shenzhen Electronic Materials,101.9
2025-01-20,PVC-K67,APAC,Shenzhen Electronic Materials,137.4
2025-01-27,PVC-K67,APAC,Shenzhen Electronic Materials,101.4
2025-02-03,PVC-K67,APAC,Shenzhen Electronic Materials,92.0
2025-02-10,PVC-K67,APAC,Shenzhen Electronic Materials,80.4
2025-02-17,PVC-K67,APAC,Shenzhen Electronic Materials,113.0
2025-02-24,PVC-K67,APAC,Shenzhen Electronic Materials,128.3
2025-03-03,PVC-K67,APAC,Shenzhen Electronic Materials,100.7
2025-03-10,PVC-K67,APAC,Shenzhen Electronic Materials,140.4
2025-03-17,PVC-K67,APAC,Shenzhen Electronic Materials,68.5
2025-03-24,PVC-K67,APAC,Shenzhen Electronic Materials,105.5
2025-03-31,PVC-K67,APAC,Shenzhen Electronic Materials,105.7
2025-04-07,PVC-K67,APAC,Shenzhen Electronic Materials,91.7
2025-04-14,PVC-K67,APAC,Shenzhen Electronic Materials,186.4
2025-04-21,PVC-K67,APAC,Shenzhen Electronic Materials,113.2
2025-04-28,PVC-K67,APAC,Shenzhen Electronic Materials,105.8
2025-05-05,PVC-K67,APAC,Shenzhen Electronic Materials,118.5
2025-05-12,PVC-K67,APAC,Shenzhen Electronic Materials,75.3
2025-05-19,PVC-K67,APAC,Shenzhen Electronic Materials,100.6
2025-05-26,PVC-K67,APAC,Shenzhen Electronic Materials,148.5
2025-06-02,PVC-K67,APAC,Shenzhen Electronic Materials,105.7
2025-06-09,PVC-K67,APAC,Shenzhen Electronic Materials,101.5
2025-06-16,PVC-K67,APAC,Shenzhen Electronic Materials,165.4
2025-06-23,PVC-K67,APAC,Shenzhen Electronic Materials,164.8
2025-06-30,PVC-K67,APAC,Shenzhen Electronic Materials,136.5
2025-07-07,PVC-K67,APAC,Shenzhen Electronic Materials,115.2
2025-07-14,PVC-K67,APAC,Shenzhen Electronic Materials,119.5
2025-07-21,PVC-K67,APAC,Shenzhen Electronic Materials,104.7
2025-07-28,PVC-K67,APAC,Shenzhen Electronic Materials,103.7
2025-08-04,PVC-K67,APAC,Shenzhen Electronic Materials,107.9
2025-08-11,PVC-K67,APAC,Shenzhen Electronic Materials,116.3
2025-08-18,PVC-K67,APAC,Shenzhen Electronic Materials,105.5
2025-08-25,PVC-K67,APAC,Shenzhen Electronic Materials,94.1
2025-09-01,PVC-K67,APAC,Shenzhen Electronic Materials,142.2
2025-09-08,PVC-K67,APAC,Shenzhen Electronic Materials,139.5
2025-09-15,PVC-K67,APAC,Shenzhen Electronic Materials,190.9
2025-09-22,PVC-K67,APAC,Shenzhen Electronic Materials,113.2
2025-09-29,PVC-K67,APAC,Shenzhen Electronic Materials,138.8
2025-10-06,PVC-K67,APAC,Shenzhen Electronic Materials,136.6
2025-10-13,PVC-K67,APAC,Shenzhen Electronic Materials,118.6
2025-10-20,PVC-K67,APAC,Shenzhen Electronic Materials,142.1
2025-10-27,PVC-K67,APAC,Shenzhen Electronic Materials,139.6
2025-11-03,PVC-K67,APAC,Shenzhen Electronic Materials,123.3
2025-11-10,PVC-K67,APAC,Shenzhen Electronic Materials,106.8
2025-11-17,PVC-K67,APAC,Shenzhen Electronic Materials,101.1
2025-11-24,PVC-K67,APAC,Shenzhen Electronic Materials,80.0
2025-12-01,PVC-K67,APAC,Shenzhen Electronic Materials,89.9
2025-12-08,PVC-K67,APAC,Shenzhen Electronic Materials,91.7
2025-12-15,PVC-K67,APAC,Shenzhen Electronic Materials,80.8
2025-12-22,PVC-K67,APAC,Shenzhen Electronic Materials,111.8
2025-12-29,PVC-K67,APAC,Shenzhen Electronic Materials,129.7
2026-01-05,PVC-K67,APAC,Shenzhen Electronic Materials,79.5
2026-01-12,PVC-K67,APAC,Shenzhen Electronic Materials,102.5
2026-01-19,PVC-K67,APAC,Shenzhen Electronic Materials,75.8
2026-01-26,PVC-K67,APAC,Shenzhen Electronic Materials,91.0
2026-02-02,PVC-K67,APAC,Shenzhen Electronic Materials,84.8
2026-02-09,PVC-K67,APAC,Shenzhen Electronic Materials,113.0
2026-02-16,PVC-K67,APAC,Shenzhen Electronic Materials,84.5
2026-02-23,PVC-K67,APAC,Shenzhen Electronic Materials,121.3
2026-03-02,PVC-K67,APAC,Shenzhen Electronic Materials,94.0
2026-03-09,PVC-K67,APAC,Shenzhen Electronic Materials,87.4
2026-03-16,PVC-K67,APAC,Shenzhen Electronic Materials,77.9
2026-03-23,PVC-K67,APAC,Shenzhen Electronic Materials,107.5
2026-03-30,PVC-K67,APAC,Shenzhen Electronic Materials,127.8
2026-04-06,PVC-K67,APAC,Shenzhen Electronic Materials,114.1
2026-04-13,PVC-K67,APAC,Shenzhen Electronic Materials,176.9
2026-04-20,PVC-K67,APAC,Shenzhen Electronic Materials,150.5
2026-04-27,PVC-K67,APAC,Shenzhen Electronic Materials,105.0
2026-05-04,PVC-K67,APAC,Shenzhen Electronic Materials,107.6
2026-05-11,PVC-K67,APAC,Shenzhen Electronic Materials,130.2
2026-05-18,PVC-K67,APAC,Shenzhen Electronic Materials,99.8
2026-05-25,PVC-K67,APAC,Shenzhen Electronic Materials,157.5
2026-06-01,PVC-K67,APAC,Shenzhen Electronic Materials,134.6
2026-06-08,PVC-K67,APAC,Shenzhen Electronic Materials,136.7
2026-06-15,PVC-K67,APAC,Shenzhen Electronic Materials,147.7
2026-06-22,PVC-K67,APAC,Shenzhen Electronic Materials,188.5
2026-06-29,PVC-K67,APAC,Shenzhen Electronic Materials,135.9
2026-07-06,PVC-K67,APAC,Shenzhen Electronic Materials,129.9
2026-07-13,PVC-K67,APAC,Shenzhen Electronic Materials,186.5
2026-07-20,PVC-K67,APAC,Shenzhen Electronic Materials,162.7
2026-07-27,PVC-K67,APAC,Shenzhen Electronic Materials,123.9
2026-08-03,PVC-K67,APAC,Shenzhen Electronic Materials,137.1
2026-08-10,PVC-K67,APAC,Shenzhen Electronic Materials,139.6
2026-08-17,PVC-K67,APAC,Shenzhen Electronic Materials,150.7
2026-08-24,PVC-K67,APAC,Shenzhen Electronic Materials,105.0
2026-08-31,PVC-K67,APAC,Shenzhen Electronic Materials,102.7
2026-09-07,PVC-K67,APAC,Shenzhen Electronic Materials,118.9
2026-09-14,PVC-K67,APAC,Shenzhen Electronic Materials,118.0
2026-09-21,PVC-K67,APAC,Shenzhen Electronic Materials,129.8
2026-09-28,PVC-K67,APAC,Shenzhen Electronic Materials,175.0
2024-10-07,PVC-K67,APAC,Jurong Construction Chem,226.2
2024-10-14,PVC-K67,APAC,Jurong Construction Chem,241.1
2024-10-21,PVC-K67,APAC,Jurong Construction Chem,173.2
2024-10-28,PVC-K67,APAC,Jurong Construction Chem,200.9
2024-11-04,PVC-K67,APAC,Jurong Construction Chem,246.7
2024-11-11,PVC-K67,APAC,Jurong Construction Chem,245.5
2024-11-18,PVC-K67,APAC,Jurong Construction Chem,176.2
2024-11-25,PVC-K67,APAC,Jurong Construction Chem,209.5
2024-12-02,PVC-K67,APAC,Jurong Construction Chem,319.3
2024-12-09,PVC-K67,APAC,Jurong Construction Chem,190.9
2024-12-16,PVC-K67,APAC,Jurong Construction Chem,163.6
2024-12-23,PVC-K67,APAC,Jurong Construction Chem,180.8
2024-12-30,PVC-K67,APAC,Jurong Construction Chem,192.0
2025-01-06,PVC-K67,APAC,Jurong Construction Chem,178.2
2025-01-13,PVC-K67,APAC,Jurong Construction Chem,178.7
2025-01-20,PVC-K67,APAC,Jurong Construction Chem,129.6
2025-01-27,PVC-K67,APAC,Jurong Construction Chem,143.5
2025-02-03,PVC-K67,APAC,Jurong Construction Chem,170.7
2025-02-10,PVC-K67,APAC,Jurong Construction Chem,167.3
2025-02-17,PVC-K67,APAC,Jurong Construction Chem,153.3
2025-02-24,PVC-K67,APAC,Jurong Construction Chem,168.6
2025-03-03,PVC-K67,APAC,Jurong Construction Chem,185.1
2025-03-10,PVC-K67,APAC,Jurong Construction Chem,229.6
2025-03-17,PVC-K67,APAC,Jurong Construction Chem,185.4
2025-03-24,PVC-K67,APAC,Jurong Construction Chem,209.1
2025-03-31,PVC-K67,APAC,Jurong Construction Chem,169.7
2025-04-07,PVC-K67,APAC,Jurong Construction Chem,218.9
2025-04-14,PVC-K67,APAC,Jurong Construction Chem,215.0
2025-04-21,PVC-K67,APAC,Jurong Construction Chem,249.3
2025-04-28,PVC-K67,APAC,Jurong Construction Chem,243.0
2025-05-05,PVC-K67,APAC,Jurong Construction Chem,240.5
2025-05-12,PVC-K67,APAC,Jurong Construction Chem,205.3
2025-05-19,PVC-K67,APAC,Jurong Construction Chem,225.1
2025-05-26,PVC-K67,APAC,Jurong Construction Chem,271.1
2025-06-02,PVC-K67,APAC,Jurong Construction Chem,188.7
2025-06-09,PVC-K67,APAC,Jurong Construction Chem,190.3
2025-06-16,PVC-K67,APAC,Jurong Construction Chem,231.5
2025-06-23,PVC-K67,APAC,Jurong Construction Chem,241.2
2025-06-30,PVC-K67,APAC,Jurong Construction Chem,182.3
2025-07-07,PVC-K67,APAC,Jurong Construction Chem,224.6
2025-07-14,PVC-K67,APAC,Jurong Construction Chem,221.3
2025-07-21,PVC-K67,APAC,Jurong Construction Chem,137.6
2025-07-28,PVC-K67,APAC,Jurong Construction Chem,220.6
2025-08-04,PVC-K67,APAC,Jurong Construction Chem,235.2
2025-08-11,PVC-K67,APAC,Jurong Construction Chem,230.7
2025-08-18,PVC-K67,APAC,Jurong Construction Chem,324.5
2025-08-25,PVC-K67,APAC,Jurong Construction Chem,182.3
2025-09-01,PVC-K67,APAC,Jurong Construction Chem,202.8
2025-09-08,PVC-K67,APAC,Jurong Construction Chem,133.8
2025-09-15,PVC-K67,APAC,Jurong Construction Chem,211.9
2025-09-22,PVC-K67,APAC,Jurong Construction Chem,215.6
2025-09-29,PVC-K67,APAC,Jurong Construction Chem,208.6
2025-10-06,PVC-K67,APAC,Jurong Construction Chem,291.8
2025-10-13,PVC-K67,APAC,Jurong Construction Chem,271.8
2025-10-20,PVC-K67,APAC,Jurong Construction Chem,220.2
2025-10-27,PVC-K67,APAC,Jurong Construction Chem,194.7
2025-11-03,PVC-K67,APAC,Jurong Construction Chem,258.0
2025-11-10,PVC-K67,APAC,Jurong Construction Chem,201.7
2025-11-17,PVC-K67,APAC,Jurong Construction Chem,163.8
2025-11-24,PVC-K67,APAC,Jurong Construction Chem,132.9
2025-12-01,PVC-K67,APAC,Jurong Construction Chem,174.8
2025-12-08,PVC-K67,APAC,Jurong Construction Chem,222.6
2025-12-15,PVC-K67,APAC,Jurong Construction Chem,306.3
2025-12-22,PVC-K67,APAC,Jurong Construction Chem,184.5
2025-12-29,PVC-K67,APAC,Jurong Construction Chem,151.1
2026-01-05,PVC-K67,APAC,Jurong Construction Chem,134.2
2026-01-12,PVC-K67,APAC,Jurong Construction Chem,195.0
2026-01-19,PVC-K67,APAC,Jurong Construction Chem,115.8
2026-01-26,PVC-K67,APAC,Jurong Construction Chem,197.0
2026-02-02,PVC-K67,APAC,Jurong Construction Chem,212.0
2026-02-09,PVC-K67,APAC,Jurong Construction Chem,195.4
2026-02-16,PVC-K67,APAC,Jurong Construction Chem,167.7
2026-02-23,PVC-K67,APAC,Jurong Construction Chem,197.2
2026-03-02,PVC-K67,APAC,Jurong Construction Chem,184.9
2026-03-09,PVC-K67,APAC,Jurong Construction Chem,152.3
2026-03-16,PVC-K67,APAC,Jurong Construction Chem,276.4
2026-03-23,PVC-K67,APAC,Jurong Construction Chem,168.7
2026-03-30,PVC-K67,APAC,Jurong Construction Chem,223.3
2026-04-06,PVC-K67,APAC,Jurong Construction Chem,113.2
2026-04-13,PVC-K67,APAC,Jurong Construction Chem,256.7
2026-04-20,PVC-K67,APAC,Jurong Construction Chem,272.3
2026-04-27,PVC-K67,APAC,Jurong Construction Chem,202.8
2026-05-04,PVC-K67,APAC,Jurong Construction Chem,234.1
2026-05-11,PVC-K67,APAC,Jurong Construction Chem,238.1
2026-05-18,PVC-K67,APAC,Jurong Construction Chem,186.8
2026-05-25,PVC-K67,APAC,Jurong Construction Chem,246.6
2026-06-01,PVC-K67,APAC,Jurong Construction Chem,186.7
2026-06-08,PVC-K67,APAC,Jurong Construction Chem,202.8
2026-06-15,PVC-K67,APAC,Jurong Construction Chem,291.9
2026-06-22,PVC-K67,APAC,Jurong Construction Chem,286.8
2026-06-29,PVC-K67,APAC,Jurong Construction Chem,200.9
2026-07-06,PVC-K67,APAC,Jurong Construction Chem,203.2
2026-07-13,PVC-K67,APAC,Jurong Construction Chem,208.3
2026-07-20,PVC-K67,APAC,Jurong Construction Chem,277.2
2026-07-27,PVC-K67,APAC,Jurong Construction Chem,191.5
2026-08-03,PVC-K67,APAC,Jurong Construction Chem,265.7
2026-08-10,PVC-K67,APAC,Jurong Construction Chem,282.7
2026-08-17,PVC-K67,APAC,Jurong Construction Chem,244.8
2026-08-24,PVC-K67,APAC,Jurong Construction Chem,317.0
2026-08-31,PVC-K67,APAC,Jurong Construction Chem,241.9
2026-09-07,PVC-K67,APAC,Jurong Construction Chem,247.4
2026-09-14,PVC-K67,APAC,Jurong Construction Chem,211.1
2026-09-21,PVC-K67,APAC,Jurong Construction Chem,335.6
2026-09-28,PVC-K67,APAC,Jurong Construction Chem,230.7
2024-10-07,PVC-K67,LATAM,Andes Plastics,104.3
2024-10-14,PVC-K67,LATAM,Andes Plastics,93.0
2024-10-21,PVC-K67,LATAM,Andes Plastics,201.6
2024-10-28,PVC-K67,LATAM,Andes Plastics,98.5
2024-11-04,PVC-K67,LATAM,Andes Plastics,84.3
2024-11-11,PVC-K67,LATAM,Andes Plastics,123.9
2024-11-18,PVC-K67,LATAM,Andes Plastics,58.9
2024-11-25,PVC-K67,LATAM,Andes Plastics,88.2
2024-12-02,PVC-K67,LATAM,Andes Plastics,129.7
2024-12-09,PVC-K67,LATAM,Andes Plastics,81.1
2024-12-16,PVC-K67,LATAM,Andes Plastics,54.8
2024-12-23,PVC-K67,LATAM,Andes Plastics,72.9
2024-12-30,PVC-K67,LATAM,Andes Plastics,107.1
2025-01-06,PVC-K67,LATAM,Andes Plastics,84.9
2025-01-13,PVC-K67,LATAM,Andes Plastics,64.8
2025-01-20,PVC-K67,LATAM,Andes Plastics,67.9
2025-01-27,PVC-K67,LATAM,Andes Plastics,70.0
2025-02-03,PVC-K67,LATAM,Andes Plastics,83.2
2025-02-10,PVC-K67,LATAM,Andes Plastics,102.9
2025-02-17,PVC-K67,LATAM,Andes Plastics,95.3
2025-02-24,PVC-K67,LATAM,Andes Plastics,83.6
2025-03-03,PVC-K67,LATAM,Andes Plastics,58.0
2025-03-10,PVC-K67,LATAM,Andes Plastics,59.2
2025-03-17,PVC-K67,LATAM,Andes Plastics,89.5
2025-03-24,PVC-K67,LATAM,Andes Plastics,59.2
2025-03-31,PVC-K67,LATAM,Andes Plastics,77.1
2025-04-07,PVC-K67,LATAM,Andes Plastics,86.5
2025-04-14,PVC-K67,LATAM,Andes Plastics,64.0
2025-04-21,PVC-K67,LATAM,Andes Plastics,67.1
2025-04-28,PVC-K67,LATAM,Andes Plastics,85.9
2025-05-05,PVC-K67,LATAM,Andes Plastics,100.7
2025-05-12,PVC-K67,LATAM,Andes Plastics,112.9
2025-05-19,PVC-K67,LATAM,Andes Plastics,104.9
2025-05-26,PVC-K67,LATAM,Andes Plastics,95.3
2025-06-02,PVC-K67,LATAM,Andes Plastics,81.7
2025-06-09,PVC-K67,LATAM,Andes Plastics,79.5
2025-06-16,PVC-K67,LATAM,Andes Plastics,88.8
2025-06-23,PVC-K67,LATAM,Andes Plastics,109.3
2025-06-30,PVC-K67,LATAM,Andes Plastics,110.3
2025-07-07,PVC-K67,LATAM,Andes Plastics,64.0
2025-07-14,PVC-K67,LATAM,Andes Plastics,88.1
2025-07-21,PVC-K67,LATAM,Andes Plastics,138.4
2025-07-28,PVC-K67,LATAM,Andes Plastics,109.9
2025-08-04,PVC-K67,LATAM,Andes Plastics,78.6
2025-08-11,PVC-K67,LATAM,Andes Plastics,183.4
2025-08-18,PVC-K67,LATAM,Andes Plastics,110.1
2025-08-25,PVC-K67,LATAM,Andes Plastics,120.3
2025-09-01,PVC-K67,LATAM,Andes Plastics,120.8
2025-09-08,PVC-K67,LATAM,Andes Plastics,101.8
2025-09-15,PVC-K67,LATAM,Andes Plastics,91.8
2025-09-22,PVC-K67,LATAM,Andes Plastics,170.0
2025-09-29,PVC-K67,LATAM,Andes Plastics,131.2
2025-10-06,PVC-K67,LATAM,Andes Plastics,124.9
2025-10-13,PVC-K67,LATAM,Andes Plastics,117.6
2025-10-20,PVC-K67,LATAM,Andes Plastics,80.4
2025-10-27,PVC-K67,LATAM,Andes Plastics,130.2
2025-11-03,PVC-K67,LATAM,Andes Plastics,81.7
2025-11-10,PVC-K67,LATAM,Andes Plastics,101.4
2025-11-17,PVC-K67,LATAM,Andes Plastics,64.4
2025-11-24,PVC-K67,LATAM,Andes Plastics,57.7
2025-12-01,PVC-K67,LATAM,Andes Plastics,96.3
2025-12-08,PVC-K67,LATAM,Andes Plastics,73.6
2025-12-15,PVC-K67,LATAM,Andes Plastics,56.7
2025-12-22,PVC-K67,LATAM,Andes Plastics,98.0
2025-12-29,PVC-K67,LATAM,Andes Plastics,137.6
2026-01-05,PVC-K67,LATAM,Andes Plastics,116.4
2026-01-12,PVC-K67,LATAM,Andes Plastics,82.2
2026-01-19,PVC-K67,LATAM,Andes Plastics,86.3
2026-01-26,PVC-K67,LATAM,Andes Plastics,101.0
2026-02-02,PVC-K67,LATAM,Andes Plastics,108.3
2026-02-09,PVC-K67,LATAM,Andes Plastics,77.6
2026-02-16,PVC-K67,LATAM,Andes Plastics,84.8
2026-02-23,PVC-K67,LATAM,Andes Plastics,91.6
2026-03-02,PVC-K67,LATAM,Andes Plastics,95.8
2026-03-09,PVC-K67,LATAM,Andes Plastics,81.7
2026-03-16,PVC-K67,LATAM,Andes Plastics,81.4
2026-03-23,PVC-K67,LATAM,Andes Plastics,113.9
2026-03-30,PVC-K67,LATAM,Andes Plastics,112.2
2026-04-06,PVC-K67,LATAM,Andes Plastics,97.8
2026-04-13,PVC-K67,LATAM,Andes Plastics,131.9
2026-04-20,PVC-K67,LATAM,Andes Plastics,83.2
2026-04-27,PVC-K67,LATAM,Andes Plastics,128.4
2026-05-04,PVC-K67,LATAM,Andes Plastics,103.6
2026-05-11,PVC-K67,LATAM,Andes Plastics,192.0
2026-05-18,PVC-K67,LATAM,Andes Plastics,73.9
2026-05-25,PVC-K67,LATAM,Andes Plastics,85.2
2026-06-01,PVC-K67,LATAM,Andes Plastics,110.9
2026-06-08,PVC-K67,LATAM,Andes Plastics,113.7
2026-06-15,PVC-K67,LATAM,Andes Plastics,163.6
2026-06-22,PVC-K67,LATAM,Andes Plastics,93.9
2026-06-29,PVC-K67,LATAM,Andes Plastics,133.4
2026-07-06,PVC-K67,LATAM,Andes Plastics,142.9
2026-07-13,PVC-K67,LATAM,Andes Plastics,131.2
2026-07-20,PVC-K67,LATAM,Andes Plastics,92.6
2026-07-27,PVC-K67,LATAM,Andes Plastics,156.2
2026-08-03,PVC-K67,LATAM,Andes Plastics,151.6
2026-08-10,PVC-K67,LATAM,Andes Plastics,131.6
2026-08-17,PVC-K67,LATAM,Andes Plastics,120.6
2026-08-24,PVC-K67,LATAM,Andes Plastics,122.0
2026-08-31,PVC-K67,LATAM,Andes Plastics,110.8
2026-09-07,PVC-K67,LATAM,Andes Plastics,126.4
2026-09-14,PVC-K67,LATAM,Andes Plastics,107.3
2026-09-21,PVC-K67,LATAM,Andes Plastics,84.7
2026-09-28,PVC-K67,LATAM,Andes Plastics,79.2
2024-10-07,PVC-K67,LATAM,Brasil Tintas,41.9
2024-10-14,PVC-K67,LATAM,Brasil Tintas,51.1
2024-10-21,PVC-K67,LATAM,Brasil Tintas,47.5
2024-10-28,PVC-K67,LATAM,Brasil Tintas,49.2
2024-11-04,PVC-K67,LATAM,Brasil Tintas,51.9
2024-11-11,PVC-K67,LATAM,Brasil Tintas,40.0
2024-11-18,PVC-K67,LATAM,Brasil Tintas,61.8
2024-11-25,PVC-K67,LATAM,Brasil Tintas,41.3
2024-12-02,PVC-K67,LATAM,Brasil Tintas,38.6
2024-12-09,PVC-K67,LATAM,Brasil Tintas,46.9
2024-12-16,PVC-K67,LATAM,Brasil Tintas,27.2
2024-12-23,PVC-K67,LATAM,Brasil Tintas,33.9
2024-12-30,PVC-K67,LATAM,Brasil Tintas,48.9
2025-01-06,PVC-K67,LATAM,Brasil Tintas,27.0
2025-01-13,PVC-K67,LATAM,Brasil Tintas,50.5
2025-01-20,PVC-K67,LATAM,Brasil Tintas,55.8
2025-01-27,PVC-K67,LATAM,Brasil Tintas,37.0
2025-02-03,PVC-K67,LATAM,Brasil Tintas,41.5
2025-02-10,PVC-K67,LATAM,Brasil Tintas,49.7
2025-02-17,PVC-K67,LATAM,Brasil Tintas,34.6
2025-02-24,PVC-K67,LATAM,Brasil Tintas,46.4
2025-03-03,PVC-K67,LATAM,Brasil Tintas,34.0
2025-03-10,PVC-K67,LATAM,Brasil Tintas,36.2
2025-03-17,PVC-K67,LATAM,Brasil Tintas,33.8
2025-03-24,PVC-K67,LATAM,Brasil Tintas,43.5
2025-03-31,PVC-K67,LATAM,Brasil Tintas,53.0
2025-04-07,PVC-K67,LATAM,Brasil Tintas,39.4
2025-04-14,PVC-K67,LATAM,Brasil Tintas,31.5
2025-04-21,PVC-K67,LATAM,Brasil Tintas,33.6
2025-04-28,PVC-K67,LATAM,Brasil Tintas,48.5
2025-05-05,PVC-K67,LATAM,Brasil Tintas,68.6
2025-05-12,PVC-K67,LATAM,Brasil Tintas,49.4
2025-05-19,PVC-K67,LATAM,Brasil Tintas,42.8
2025-05-26,PVC-K67,LATAM,Brasil Tintas,56.3
2025-06-02,PVC-K67,LATAM,Brasil Tintas,46.3
2025-06-09,PVC-K67,LATAM,Brasil Tintas,46.9
2025-06-16,PVC-K67,LATAM,Brasil Tintas,40.8
2025-06-23,PVC-K67,LATAM,Brasil Tintas,69.0
2025-06-30,PVC-K67,LATAM,Brasil Tintas,29.7
2025-07-07,PVC-K67,LATAM,Brasil Tintas,61.4
2025-07-14,PVC-K67,LATAM,Brasil Tintas,48.0
2025-07-21,PVC-K67,LATAM,Brasil Tintas,49.2
2025-07-28,PVC-K67,LATAM,Brasil Tintas,79.4
2025-08-04,PVC-K67,LATAM,Brasil Tintas,46.5
2025-08-11,PVC-K67,LATAM,Brasil Tintas,47.7
2025-08-18,PVC-K67,LATAM,Brasil Tintas,54.6
2025-08-25,PVC-K67,LATAM,Brasil Tintas,61.4
2025-09-01,PVC-K67,LATAM,Brasil Tintas,50.9
2025-09-08,PVC-K67,LATAM,Brasil Tintas,39.6
2025-09-15,PVC-K67,LATAM,Brasil Tintas,45.2
2025-09-22,PVC-K67,LATAM,Brasil Tintas,71.6
2025-09-29,PVC-K67,LATAM,Brasil Tintas,54.2
2025-10-06,PVC-K67,LATAM,Brasil Tintas,58.3
2025-10-13,PVC-K67,LATAM,Brasil Tintas,49.6
2025-10-20,PVC-K67,LATAM,Brasil Tintas,43.9
2025-10-27,PVC-K67,LATAM,Brasil Tintas,72.1
2025-11-03,PVC-K67,LATAM,Brasil Tintas,47.8
2025-11-10,PVC-K67,LATAM,Brasil Tintas,43.8
2025-11-17,PVC-K67,LATAM,Brasil Tintas,59.6
2025-11-24,PVC-K67,LATAM,Brasil Tintas,39.1
2025-12-01,PVC-K67,LATAM,Brasil Tintas,39.9
2025-12-08,PVC-K67,LATAM,Brasil Tintas,44.7
2025-12-15,PVC-K67,LATAM,Brasil Tintas,44.5
2025-12-22,PVC-K67,LATAM,Brasil Tintas,46.7
2025-12-29,PVC-K67,LATAM,Brasil Tintas,69.3
2026-01-05,PVC-K67,LATAM,Brasil Tintas,46.8
2026-01-12,PVC-K67,LATAM,Brasil Tintas,26.1
2026-01-19,PVC-K67,LATAM,Brasil Tintas,46.9
2026-01-26,PVC-K67,LATAM,Brasil Tintas,42.5
2026-02-02,PVC-K67,LATAM,Brasil Tintas,43.3
2026-02-09,PVC-K67,LATAM,Brasil Tintas,44.8
2026-02-16,PVC-K67,LATAM,Brasil Tintas,42.4
2026-02-23,PVC-K67,LATAM,Brasil Tintas,43.0
2026-03-02,PVC-K67,LATAM,Brasil Tintas,49.2
2026-03-09,PVC-K67,LATAM,Brasil Tintas,37.8
2026-03-16,PVC-K67,LATAM,Brasil Tintas,34.4
2026-03-23,PVC-K67,LATAM,Brasil Tintas,82.9
2026-03-30,PVC-K67,LATAM,Brasil Tintas,37.2
2026-04-06,PVC-K67,LATAM,Brasil Tintas,45.7
2026-04-13,PVC-K67,LATAM,Brasil Tintas,33.0
2026-04-20,PVC-K67,LATAM,Brasil Tintas,47.1
2026-04-27,PVC-K67,LATAM,Brasil Tintas,37.1
2026-05-04,PVC-K67,LATAM,Brasil Tintas,42.3
2026-05-11,PVC-K67,LATAM,Brasil Tintas,59.7
2026-05-18,PVC-K67,LATAM,Brasil Tintas,54.0
2026-05-25,PVC-K67,LATAM,Brasil Tintas,57.0
2026-06-01,PVC-K67,LATAM,Brasil Tintas,34.7
2026-06-08,PVC-K67,LATAM,Brasil Tintas,79.1
2026-06-15,PVC-K67,LATAM,Brasil Tintas,41.6
2026-06-22,PVC-K67,LATAM,Brasil Tintas,77.2
2026-06-29,PVC-K67,LATAM,Brasil Tintas,69.4
2026-07-06,PVC-K67,LATAM,Brasil Tintas,63.7
2026-07-13,PVC-K67,LATAM,Brasil Tintas,47.2
2026-07-20,PVC-K67,LATAM,Brasil Tintas,60.0
2026-07-27,PVC-K67,LATAM,Brasil Tintas,52.4
2026-08-03,PVC-K67,LATAM,Brasil Tintas,59.0
2026-08-10,PVC-K67,LATAM,Brasil Tintas,55.3
2026-08-17,PVC-K67,LATAM,Brasil Tintas,37.3
2026-08-24,PVC-K67,LATAM,Brasil Tintas,75.4
2026-08-31,PVC-K67,LATAM,Brasil Tintas,56.2
2026-09-07,PVC-K67,LATAM,Brasil Tintas,50.0
2026-09-14,PVC-K67,LATAM,Brasil Tintas,47.8
2026-09-21,PVC-K67,LATAM,Brasil Tintas,56.0
2026-09-28,PVC-K67,LATAM,Brasil Tintas,41.5
2024-10-07,PVC-K67,LATAM,Mexico Industrial,32.6
2024-10-14,PVC-K67,LATAM,Mexico Industrial,57.7
2024-10-21,PVC-K67,LATAM,Mexico Industrial,58.1
2024-10-28,PVC-K67,LATAM,Mexico Industrial,48.7
2024-11-04,PVC-K67,LATAM,Mexico Industrial,39.1
2024-11-11,PVC-K67,LATAM,Mexico Industrial,50.8
2024-11-18,PVC-K67,LATAM,Mexico Industrial,35.1
2024-11-25,PVC-K67,LATAM,Mexico Industrial,37.9
2024-12-02,PVC-K67,LATAM,Mexico Industrial,39.0
2024-12-09,PVC-K67,LATAM,Mexico Industrial,55.0
2024-12-16,PVC-K67,LATAM,Mexico Industrial,40.7
2024-12-23,PVC-K67,LATAM,Mexico Industrial,39.6
2024-12-30,PVC-K67,LATAM,Mexico Industrial,65.7
2025-01-06,PVC-K67,LATAM,Mexico Industrial,46.4
2025-01-13,PVC-K67,LATAM,Mexico Industrial,46.1
2025-01-20,PVC-K67,LATAM,Mexico Industrial,40.0
2025-01-27,PVC-K67,LATAM,Mexico Industrial,38.1
2025-02-03,PVC-K67,LATAM,Mexico Industrial,26.1
2025-02-10,PVC-K67,LATAM,Mexico Industrial,52.1
2025-02-17,PVC-K67,LATAM,Mexico Industrial,45.9
2025-02-24,PVC-K67,LATAM,Mexico Industrial,39.9
2025-03-03,PVC-K67,LATAM,Mexico Industrial,41.4
2025-03-10,PVC-K67,LATAM,Mexico Industrial,51.2
2025-03-17,PVC-K67,LATAM,Mexico Industrial,31.1
2025-03-24,PVC-K67,LATAM,Mexico Industrial,38.4
2025-03-31,PVC-K67,LATAM,Mexico Industrial,34.7
2025-04-07,PVC-K67,LATAM,Mexico Industrial,65.7
2025-04-14,PVC-K67,LATAM,Mexico Industrial,54.8
2025-04-21,PVC-K67,LATAM,Mexico Industrial,28.4
2025-04-28,PVC-K67,LATAM,Mexico Industrial,34.5
2025-05-05,PVC-K67,LATAM,Mexico Industrial,48.1
2025-05-12,PVC-K67,LATAM,Mexico Industrial,44.3
2025-05-19,PVC-K67,LATAM,Mexico Industrial,37.7
2025-05-26,PVC-K67,LATAM,Mexico Industrial,79.1
2025-06-02,PVC-K67,LATAM,Mexico Industrial,56.6
2025-06-09,PVC-K67,LATAM,Mexico Industrial,61.4
2025-06-16,PVC-K67,LATAM,Mexico Industrial,46.9
2025-06-23,PVC-K67,LATAM,Mexico Industrial,64.3
2025-06-30,PVC-K67,LATAM,Mexico Industrial,51.7
2025-07-07,PVC-K67,LATAM,Mexico Industrial,52.4
2025-07-14,PVC-K67,LATAM,Mexico Industrial,65.9
2025-07-21,PVC-K67,LATAM,Mexico Industrial,40.8
2025-07-28,PVC-K67,LATAM,Mexico Industrial,84.3
2025-08-04,PVC-K67,LATAM,Mexico Industrial,61.4
2025-08-11,PVC-K67,LATAM,Mexico Industrial,79.5
2025-08-18,PVC-K67,LATAM,Mexico Industrial,48.1
2025-08-25,PVC-K67,LATAM,Mexico Industrial,49.6
2025-09-01,PVC-K67,LATAM,Mexico Industrial,47.1
2025-09-08,PVC-K67,LATAM,Mexico Industrial,64.1
2025-09-15,PVC-K67,LATAM,Mexico Industrial,60.1
2025-09-22,PVC-K67,LATAM,Mexico Industrial,52.9
2025-09-29,PVC-K67,LATAM,Mexico Industrial,46.3
2025-10-06,PVC-K67,LATAM,Mexico Industrial,43.3
2025-10-13,PVC-K67,LATAM,Mexico Industrial,56.3
2025-10-20,PVC-K67,LATAM,Mexico Industrial,49.7
2025-10-27,PVC-K67,LATAM,Mexico Industrial,46.5
2025-11-03,PVC-K67,LATAM,Mexico Industrial,75.9
2025-11-10,PVC-K67,LATAM,Mexico Industrial,51.4
2025-11-17,PVC-K67,LATAM,Mexico Industrial,67.1
2025-11-24,PVC-K67,LATAM,Mexico Industrial,44.2
2025-12-01,PVC-K67,LATAM,Mexico Industrial,52.1
2025-12-08,PVC-K67,LATAM,Mexico Industrial,47.7
2025-12-15,PVC-K67,LATAM,Mexico Industrial,33.2
2025-12-22,PVC-K67,LATAM,Mexico Industrial,65.5
2025-12-29,PVC-K67,LATAM,Mexico Industrial,46.0
2026-01-05,PVC-K67,LATAM,Mexico Industrial,55.5
2026-01-12,PVC-K67,LATAM,Mexico Industrial,40.5
2026-01-19,PVC-K67,LATAM,Mexico Industrial,45.6
2026-01-26,PVC-K67,LATAM,Mexico Industrial,37.7
2026-02-02,PVC-K67,LATAM,Mexico Industrial,61.0
2026-02-09,PVC-K67,LATAM,Mexico Industrial,49.2
2026-02-16,PVC-K67,LATAM,Mexico Industrial,50.1
2026-02-23,PVC-K67,LATAM,Mexico Industrial,63.5
2026-03-02,PVC-K67,LATAM,Mexico Industrial,60.1
2026-03-09,PVC-K67,LATAM,Mexico Industrial,54.7
2026-03-16,PVC-K67,LATAM,Mexico Industrial,33.6
2026-03-23,PVC-K67,LATAM,Mexico Industrial,39.6
2026-03-30,PVC-K67,LATAM,Mexico Industrial,37.9
2026-04-06,PVC-K67,LATAM,Mexico Industrial,56.8
2026-04-13,PVC-K67,LATAM,Mexico Industrial,51.6
2026-04-20,PVC-K67,LATAM,Mexico Industrial,36.6
2026-04-27,PVC-K67,LATAM,Mexico Industrial,47.4
2026-05-04,PVC-K67,LATAM,Mexico Industrial,36.4
2026-05-11,PVC-K67,LATAM,Mexico Industrial,50.8
2026-05-18,PVC-K67,LATAM,Mexico Industrial,36.7
2026-05-25,PVC-K67,LATAM,Mexico Industrial,61.2
2026-06-01,PVC-K67,LATAM,Mexico Industrial,60.4
2026-06-08,PVC-K67,LATAM,Mexico Industrial,87.1
2026-06-15,PVC-K67,LATAM,Mexico Industrial,70.5
2026-06-22,PVC-K67,LATAM,Mexico Industrial,54.5
2026-06-29,PVC-K67,LATAM,Mexico Industrial,71.9
2026-07-06,PVC-K67,LATAM,Mexico Industrial,44.7
2026-07-13,PVC-K67,LATAM,Mexico Industrial,50.0
2026-07-20,PVC-K67,LATAM,Mexico Industrial,67.7
2026-07-27,PVC-K67,LATAM,Mexico Industrial,39.2
2026-08-03,PVC-K67,LATAM,Mexico Industrial,63.0
2026-08-10,PVC-K67,LATAM,Mexico Industrial,50.6
2026-08-17,PVC-K67,LATAM,Mexico Industrial,64.8
2026-08-24,PVC-K67,LATAM,Mexico Industrial,50.3
2026-08-31,PVC-K67,LATAM,Mexico Industrial,68.0
2026-09-07,PVC-K67,LATAM,Mexico Industrial,60.6
2026-09-14,PVC-K67,LATAM,Mexico Industrial,79.7
2026-09-21,PVC-K67,LATAM,Mexico Industrial,56.2
2026-09-28,PVC-K67,LATAM,Mexico Industrial,46.3
2024-10-07,PVC-K57,NAM,Apex Coatings,32.4
2024-10-14,PVC-K57,NAM,Apex Coatings,39.3
2024-10-21,PVC-K57,NAM,Apex Coatings,41.7
2024-10-28,PVC-K57,NAM,Apex Coatings,38.8
2024-11-04,PVC-K57,NAM,Apex Coatings,50.2
2024-11-11,PVC-K57,NAM,Apex Coatings,35.7
2024-11-18,PVC-K57,NAM,Apex Coatings,52.4
2024-11-25,PVC-K57,NAM,Apex Coatings,47.3
2024-12-02,PVC-K57,NAM,Apex Coatings,41.9
2024-12-09,PVC-K57,NAM,Apex Coatings,40.2
2024-12-16,PVC-K57,NAM,Apex Coatings,74.5
2024-12-23,PVC-K57,NAM,Apex Coatings,37.1
2024-12-30,PVC-K57,NAM,Apex Coatings,47.3
2025-01-06,PVC-K57,NAM,Apex Coatings,38.7
2025-01-13,PVC-K57,NAM,Apex Coatings,69.0
2025-01-20,PVC-K57,NAM,Apex Coatings,57.2
2025-01-27,PVC-K57,NAM,Apex Coatings,41.4
2025-02-03,PVC-K57,NAM,Apex Coatings,54.6
2025-02-10,PVC-K57,NAM,Apex Coatings,51.0
2025-02-17,PVC-K57,NAM,Apex Coatings,43.2
2025-02-24,PVC-K57,NAM,Apex Coatings,56.5
2025-03-03,PVC-K57,NAM,Apex Coatings,52.4
2025-03-10,PVC-K57,NAM,Apex Coatings,50.1
2025-03-17,PVC-K57,NAM,Apex Coatings,46.7
2025-03-24,PVC-K57,NAM,Apex Coatings,51.0
2025-03-31,PVC-K57,NAM,Apex Coatings,48.9
2025-04-07,PVC-K57,NAM,Apex Coatings,46.5
2025-04-14,PVC-K57,NAM,Apex Coatings,38.8
2025-04-21,PVC-K57,NAM,Apex Coatings,63.4
2025-04-28,PVC-K57,NAM,Apex Coatings,34.4
2025-05-05,PVC-K57,NAM,Apex Coatings,46.9
2025-05-12,PVC-K57,NAM,Apex Coatings,39.2
2025-05-19,PVC-K57,NAM,Apex Coatings,60.9
2025-05-26,PVC-K57,NAM,Apex Coatings,34.2
2025-06-02,PVC-K57,NAM,Apex Coatings,34.6
2025-06-09,PVC-K57,NAM,Apex Coatings,32.0
2025-06-16,PVC-K57,NAM,Apex Coatings,41.1
2025-06-23,PVC-K57,NAM,Apex Coatings,28.0
2025-06-30,PVC-K57,NAM,Apex Coatings,34.0
2025-07-07,PVC-K57,NAM,Apex Coatings,23.2
2025-07-14,PVC-K57,NAM,Apex Coatings,38.4
2025-07-21,PVC-K57,NAM,Apex Coatings,31.8
2025-07-28,PVC-K57,NAM,Apex Coatings,25.6
2025-08-04,PVC-K57,NAM,Apex Coatings,45.4
2025-08-11,PVC-K57,NAM,Apex Coatings,27.0
2025-08-18,PVC-K57,NAM,Apex Coatings,42.6
2025-08-25,PVC-K57,NAM,Apex Coatings,30.8
2025-09-01,PVC-K57,NAM,Apex Coatings,51.8
2025-09-08,PVC-K57,NAM,Apex Coatings,43.4
2025-09-15,PVC-K57,NAM,Apex Coatings,30.3
2025-09-22,PVC-K57,NAM,Apex Coatings,31.4
2025-09-29,PVC-K57,NAM,Apex Coatings,45.1
2025-10-06,PVC-K57,NAM,Apex Coatings,38.2
2025-10-13,PVC-K57,NAM,Apex Coatings,39.8
2025-10-20,PVC-K57,NAM,Apex Coatings,56.5
2025-10-27,PVC-K57,NAM,Apex Coatings,36.3
2025-11-03,PVC-K57,NAM,Apex Coatings,44.5
2025-11-10,PVC-K57,NAM,Apex Coatings,54.8
2025-11-17,PVC-K57,NAM,Apex Coatings,53.7
2025-11-24,PVC-K57,NAM,Apex Coatings,44.1
2025-12-01,PVC-K57,NAM,Apex Coatings,44.7
2025-12-08,PVC-K57,NAM,Apex Coatings,32.8
2025-12-15,PVC-K57,NAM,Apex Coatings,39.3
2025-12-22,PVC-K57,NAM,Apex Coatings,52.8
2025-12-29,PVC-K57,NAM,Apex Coatings,48.3
2026-01-05,PVC-K57,NAM,Apex Coatings,51.5
2026-01-12,PVC-K57,NAM,Apex Coatings,64.6
2026-01-19,PVC-K57,NAM,Apex Coatings,40.4
2026-01-26,PVC-K57,NAM,Apex Coatings,50.6
2026-02-02,PVC-K57,NAM,Apex Coatings,55.5
2026-02-09,PVC-K57,NAM,Apex Coatings,45.5
2026-02-16,PVC-K57,NAM,Apex Coatings,73.8
2026-02-23,PVC-K57,NAM,Apex Coatings,65.3
2026-03-02,PVC-K57,NAM,Apex Coatings,55.7
2026-03-09,PVC-K57,NAM,Apex Coatings,75.9
2026-03-16,PVC-K57,NAM,Apex Coatings,36.1
2026-03-23,PVC-K57,NAM,Apex Coatings,49.8
2026-03-30,PVC-K57,NAM,Apex Coatings,53.4
2026-04-06,PVC-K57,NAM,Apex Coatings,40.1
2026-04-13,PVC-K57,NAM,Apex Coatings,51.4
2026-04-20,PVC-K57,NAM,Apex Coatings,37.2
2026-04-27,PVC-K57,NAM,Apex Coatings,54.5
2026-05-04,PVC-K57,NAM,Apex Coatings,57.9
2026-05-11,PVC-K57,NAM,Apex Coatings,48.0
2026-05-18,PVC-K57,NAM,Apex Coatings,29.1
2026-05-25,PVC-K57,NAM,Apex Coatings,34.5
2026-06-01,PVC-K57,NAM,Apex Coatings,47.1
2026-06-08,PVC-K57,NAM,Apex Coatings,40.3
2026-06-15,PVC-K57,NAM,Apex Coatings,21.8
2026-06-22,PVC-K57,NAM,Apex Coatings,50.7
2026-06-29,PVC-K57,NAM,Apex Coatings,39.1
2026-07-06,PVC-K57,NAM,Apex Coatings,31.3
2026-07-13,PVC-K57,NAM,Apex Coatings,46.3
2026-07-20,PVC-K57,NAM,Apex Coatings,32.0
2026-07-27,PVC-K57,NAM,Apex Coatings,31.7
2026-08-03,PVC-K57,NAM,Apex Coatings,39.6
2026-08-10,PVC-K57,NAM,Apex Coatings,53.7
2026-08-17,PVC-K57,NAM,Apex Coatings,51.0
2026-08-24,PVC-K57,NAM,Apex Coatings,38.0
2026-08-31,PVC-K57,NAM,Apex Coatings,38.4
2026-09-07,PVC-K57,NAM,Apex Coatings,41.0
2026-09-14,PVC-K57,NAM,Apex Coatings,26.6
2026-09-21,PVC-K57,NAM,Apex Coatings,40.7
2026-09-28,PVC-K57,NAM,Apex Coatings,30.4
2024-10-07,PVC-K57,NAM,Midwest Plastics,89.7
2024-10-14,PVC-K57,NAM,Midwest Plastics,81.2
2024-10-21,PVC-K57,NAM,Midwest Plastics,97.5
2024-10-28,PVC-K57,NAM,Midwest Plastics,91.7
2024-11-04,PVC-K57,NAM,Midwest Plastics,45.8
2024-11-11,PVC-K57,NAM,Midwest Plastics,96.7
2024-11-18,PVC-K57,NAM,Midwest Plastics,110.6
2024-11-25,PVC-K57,NAM,Midwest Plastics,105.6
2024-12-02,PVC-K57,NAM,Midwest Plastics,93.6
2024-12-09,PVC-K57,NAM,Midwest Plastics,140.8
2024-12-16,PVC-K57,NAM,Midwest Plastics,106.4
2024-12-23,PVC-K57,NAM,Midwest Plastics,111.2
2024-12-30,PVC-K57,NAM,Midwest Plastics,127.0
2025-01-06,PVC-K57,NAM,Midwest Plastics,112.5
2025-01-13,PVC-K57,NAM,Midwest Plastics,87.1
2025-01-20,PVC-K57,NAM,Midwest Plastics,62.6
2025-01-27,PVC-K57,NAM,Midwest Plastics,98.5
2025-02-03,PVC-K57,NAM,Midwest Plastics,131.3
2025-02-10,PVC-K57,NAM,Midwest Plastics,101.4
2025-02-17,PVC-K57,NAM,Midwest Plastics,131.4
2025-02-24,PVC-K57,NAM,Midwest Plastics,112.4
2025-03-03,PVC-K57,NAM,Midwest Plastics,145.3
2025-03-10,PVC-K57,NAM,Midwest Plastics,101.9
2025-03-17,PVC-K57,NAM,Midwest Plastics,118.9
2025-03-24,PVC-K57,NAM,Midwest Plastics,118.0
2025-03-31,PVC-K57,NAM,Midwest Plastics,147.3
2025-04-07,PVC-K57,NAM,Midwest Plastics,71.7
2025-04-14,PVC-K57,NAM,Midwest Plastics,91.9
2025-04-21,PVC-K57,NAM,Midwest Plastics,119.8
2025-04-28,PVC-K57,NAM,Midwest Plastics,138.5
2025-05-05,PVC-K57,NAM,Midwest Plastics,102.4
2025-05-12,PVC-K57,NAM,Midwest Plastics,89.7
2025-05-19,PVC-K57,NAM,Midwest Plastics,111.2
2025-05-26,PVC-K57,NAM,Midwest Plastics,114.9
2025-06-02,PVC-K57,NAM,Midwest Plastics,85.4
2025-06-09,PVC-K57,NAM,Midwest Plastics,96.9
2025-06-16,PVC-K57,NAM,Midwest Plastics,112.8
2025-06-23,PVC-K57,NAM,Midwest Plastics,130.7
2025-06-30,PVC-K57,NAM,Midwest Plastics,101.3
2025-07-07,PVC-K57,NAM,Midwest Plastics,85.6
2025-07-14,PVC-K57,NAM,Midwest Plastics,81.8
2025-07-21,PVC-K57,NAM,Midwest Plastics,91.3
2025-07-28,PVC-K57,NAM,Midwest Plastics,78.9
2025-08-04,PVC-K57,NAM,Midwest Plastics,84.8
2025-08-11,PVC-K57,NAM,Midwest Plastics,65.0
2025-08-18,PVC-K57,NAM,Midwest Plastics,108.2
2025-08-25,PVC-K57,NAM,Midwest Plastics,63.6
2025-09-01,PVC-K57,NAM,Midwest Plastics,75.3
2025-09-08,PVC-K57,NAM,Midwest Plastics,85.5
2025-09-15,PVC-K57,NAM,Midwest Plastics,133.4
2025-09-22,PVC-K57,NAM,Midwest Plastics,79.7
2025-09-29,PVC-K57,NAM,Midwest Plastics,77.7
2025-10-06,PVC-K57,NAM,Midwest Plastics,81.6
2025-10-13,PVC-K57,NAM,Midwest Plastics,135.6
2025-10-20,PVC-K57,NAM,Midwest Plastics,52.3
2025-10-27,PVC-K57,NAM,Midwest Plastics,78.2
2025-11-03,PVC-K57,NAM,Midwest Plastics,181.0
2025-11-10,PVC-K57,NAM,Midwest Plastics,115.1
2025-11-17,PVC-K57,NAM,Midwest Plastics,80.2
2025-11-24,PVC-K57,NAM,Midwest Plastics,103.1
2025-12-01,PVC-K57,NAM,Midwest Plastics,109.9
2025-12-08,PVC-K57,NAM,Midwest Plastics,131.7
2025-12-15,PVC-K57,NAM,Midwest Plastics,169.3
2025-12-22,PVC-K57,NAM,Midwest Plastics,122.1
2025-12-29,PVC-K57,NAM,Midwest Plastics,100.5
2026-01-05,PVC-K57,NAM,Midwest Plastics,137.0
2026-01-12,PVC-K57,NAM,Midwest Plastics,100.4
2026-01-19,PVC-K57,NAM,Midwest Plastics,95.0
2026-01-26,PVC-K57,NAM,Midwest Plastics,82.3
2026-02-02,PVC-K57,NAM,Midwest Plastics,85.9
2026-02-09,PVC-K57,NAM,Midwest Plastics,99.2
2026-02-16,PVC-K57,NAM,Midwest Plastics,94.6
2026-02-23,PVC-K57,NAM,Midwest Plastics,130.5
2026-03-02,PVC-K57,NAM,Midwest Plastics,91.3
2026-03-09,PVC-K57,NAM,Midwest Plastics,58.3
2026-03-16,PVC-K57,NAM,Midwest Plastics,90.8
2026-03-23,PVC-K57,NAM,Midwest Plastics,102.4
2026-03-30,PVC-K57,NAM,Midwest Plastics,98.2
2026-04-06,PVC-K57,NAM,Midwest Plastics,156.1
2026-04-13,PVC-K57,NAM,Midwest Plastics,95.6
2026-04-20,PVC-K57,NAM,Midwest Plastics,131.1
2026-04-27,PVC-K57,NAM,Midwest Plastics,106.1
2026-05-04,PVC-K57,NAM,Midwest Plastics,103.5
2026-05-11,PVC-K57,NAM,Midwest Plastics,85.6
2026-05-18,PVC-K57,NAM,Midwest Plastics,98.4
2026-05-25,PVC-K57,NAM,Midwest Plastics,82.1
2026-06-01,PVC-K57,NAM,Midwest Plastics,98.2
2026-06-08,PVC-K57,NAM,Midwest Plastics,86.6
2026-06-15,PVC-K57,NAM,Midwest Plastics,73.0
2026-06-22,PVC-K57,NAM,Midwest Plastics,109.2
2026-06-29,PVC-K57,NAM,Midwest Plastics,94.8
2026-07-06,PVC-K57,NAM,Midwest Plastics,77.4
2026-07-13,PVC-K57,NAM,Midwest Plastics,87.5
2026-07-20,PVC-K57,NAM,Midwest Plastics,83.1
2026-07-27,PVC-K57,NAM,Midwest Plastics,69.4
2026-08-03,PVC-K57,NAM,Midwest Plastics,84.5
2026-08-10,PVC-K57,NAM,Midwest Plastics,72.1
2026-08-17,PVC-K57,NAM,Midwest Plastics,65.9
2026-08-24,PVC-K57,NAM,Midwest Plastics,55.9
2026-08-31,PVC-K57,NAM,Midwest Plastics,72.9
2026-09-07,PVC-K57,NAM,Midwest Plastics,88.8
2026-09-14,PVC-K57,NAM,Midwest Plastics,68.6
2026-09-21,PVC-K57,NAM,Midwest Plastics,139.9
2026-09-28,PVC-K57,NAM,Midwest Plastics,98.8
2024-10-07,PVC-K57,NAM,Gulf Packaging,29.3
2024-10-14,PVC-K57,NAM,Gulf Packaging,26.7
2024-10-21,PVC-K57,NAM,Gulf Packaging,34.5
2024-10-28,PVC-K57,NAM,Gulf Packaging,19.7
2024-11-04,PVC-K57,NAM,Gulf Packaging,13.5
2024-11-11,PVC-K57,NAM,Gulf Packaging,22.2
2024-11-18,PVC-K57,NAM,Gulf Packaging,28.5
2024-11-25,PVC-K57,NAM,Gulf Packaging,26.0
2024-12-02,PVC-K57,NAM,Gulf Packaging,26.7
2024-12-09,PVC-K57,NAM,Gulf Packaging,34.5
2024-12-16,PVC-K57,NAM,Gulf Packaging,28.4
2024-12-23,PVC-K57,NAM,Gulf Packaging,31.7
2024-12-30,PVC-K57,NAM,Gulf Packaging,21.6
2025-01-06,PVC-K57,NAM,Gulf Packaging,21.5
2025-01-13,PVC-K57,NAM,Gulf Packaging,39.8
2025-01-20,PVC-K57,NAM,Gulf Packaging,28.8
2025-01-27,PVC-K57,NAM,Gulf Packaging,25.1
2025-02-03,PVC-K57,NAM,Gulf Packaging,25.5
2025-02-10,PVC-K57,NAM,Gulf Packaging,25.0
2025-02-17,PVC-K57,NAM,Gulf Packaging,24.8
2025-02-24,PVC-K57,NAM,Gulf Packaging,21.6
2025-03-03,PVC-K57,NAM,Gulf Packaging,20.7
2025-03-10,PVC-K57,NAM,Gulf Packaging,27.4
2025-03-17,PVC-K57,NAM,Gulf Packaging,24.7
2025-03-24,PVC-K57,NAM,Gulf Packaging,35.4
2025-03-31,PVC-K57,NAM,Gulf Packaging,29.7
2025-04-07,PVC-K57,NAM,Gulf Packaging,29.1
2025-04-14,PVC-K57,NAM,Gulf Packaging,22.7
2025-04-21,PVC-K57,NAM,Gulf Packaging,25.4
2025-04-28,PVC-K57,NAM,Gulf Packaging,28.1
2025-05-05,PVC-K57,NAM,Gulf Packaging,29.9
2025-05-12,PVC-K57,NAM,Gulf Packaging,24.6
2025-05-19,PVC-K57,NAM,Gulf Packaging,31.4
2025-05-26,PVC-K57,NAM,Gulf Packaging,25.0
2025-06-02,PVC-K57,NAM,Gulf Packaging,28.9
2025-06-09,PVC-K57,NAM,Gulf Packaging,21.3
2025-06-16,PVC-K57,NAM,Gulf Packaging,15.4
2025-06-23,PVC-K57,NAM,Gulf Packaging,24.1
2025-06-30,PVC-K57,NAM,Gulf Packaging,26.5
2025-07-07,PVC-K57,NAM,Gulf Packaging,25.3
2025-07-14,PVC-K57,NAM,Gulf Packaging,23.9
2025-07-21,PVC-K57,NAM,Gulf Packaging,19.7
2025-07-28,PVC-K57,NAM,Gulf Packaging,17.8
2025-08-04,PVC-K57,NAM,Gulf Packaging,24.1
2025-08-11,PVC-K57,NAM,Gulf Packaging,23.7
2025-08-18,PVC-K57,NAM,Gulf Packaging,18.9
2025-08-25,PVC-K57,NAM,Gulf Packaging,27.4
2025-09-01,PVC-K57,NAM,Gulf Packaging,17.9
2025-09-08,PVC-K57,NAM,Gulf Packaging,19.4
2025-09-15,PVC-K57,NAM,Gulf Packaging,32.4
2025-09-22,PVC-K57,NAM,Gulf Packaging,27.8
2025-09-29,PVC-K57,NAM,Gulf Packaging,21.8
2025-10-06,PVC-K57,NAM,Gulf Packaging,25.8
2025-10-13,PVC-K57,NAM,Gulf Packaging,25.6
2025-10-20,PVC-K57,NAM,Gulf Packaging,14.0
2025-10-27,PVC-K57,NAM,Gulf Packaging,21.0
2025-11-03,PVC-K57,NAM,Gulf Packaging,25.8
2025-11-10,PVC-K57,NAM,Gulf Packaging,24.6
2025-11-17,PVC-K57,NAM,Gulf Packaging,28.4
2025-11-24,PVC-K57,NAM,Gulf Packaging,35.1
2025-12-01,PVC-K57,NAM,Gulf Packaging,26.5
2025-12-08,PVC-K57,NAM,Gulf Packaging,22.8
2025-12-15,PVC-K57,NAM,Gulf Packaging,31.9
2025-12-22,PVC-K57,NAM,Gulf Packaging,27.4
2025-12-29,PVC-K57,NAM,Gulf Packaging,28.8
2026-01-05,PVC-K57,NAM,Gulf Packaging,28.4
2026-01-12,PVC-K57,NAM,Gulf Packaging,50.4
2026-01-19,PVC-K57,NAM,Gulf Packaging,19.1
2026-01-26,PVC-K57,NAM,Gulf Packaging,29.3
2026-02-02,PVC-K57,NAM,Gulf Packaging,31.8
2026-02-09,PVC-K57,NAM,Gulf Packaging,26.8
2026-02-16,PVC-K57,NAM,Gulf Packaging,39.3
2026-02-23,PVC-K57,NAM,Gulf Packaging,38.3
2026-03-02,PVC-K57,NAM,Gulf Packaging,30.9
2026-03-09,PVC-K57,NAM,Gulf Packaging,28.8
2026-03-16,PVC-K57,NAM,Gulf Packaging,29.3
2026-03-23,PVC-K57,NAM,Gulf Packaging,29.2
2026-03-30,PVC-K57,NAM,Gulf Packaging,29.0
2026-04-06,PVC-K57,NAM,Gulf Packaging,28.2
2026-04-13,PVC-K57,NAM,Gulf Packaging,30.4
2026-04-20,PVC-K57,NAM,Gulf Packaging,33.5
2026-04-27,PVC-K57,NAM,Gulf Packaging,21.4
2026-05-04,PVC-K57,NAM,Gulf Packaging,21.8
2026-05-11,PVC-K57,NAM,Gulf Packaging,18.4
2026-05-18,PVC-K57,NAM,Gulf Packaging,31.7
2026-05-25,PVC-K57,NAM,Gulf Packaging,27.0
2026-06-01,PVC-K57,NAM,Gulf Packaging,27.8
2026-06-08,PVC-K57,NAM,Gulf Packaging,17.5
2026-06-15,PVC-K57,NAM,Gulf Packaging,35.0
2026-06-22,PVC-K57,NAM,Gulf Packaging,20.2
2026-06-29,PVC-K57,NAM,Gulf Packaging,23.5
2026-07-06,PVC-K57,NAM,Gulf Packaging,27.1
2026-07-13,PVC-K57,NAM,Gulf Packaging,17.9
2026-07-20,PVC-K57,NAM,Gulf Packaging,19.7
2026-07-27,PVC-K57,NAM,Gulf Packaging,23.0
2026-08-03,PVC-K57,NAM,Gulf Packaging,41.0
2026-08-10,PVC-K57,NAM,Gulf Packaging,23.2
2026-08-17,PVC-K57,NAM,Gulf Packaging,30.4
2026-08-24,PVC-K57,NAM,Gulf Packaging,27.4
2026-08-31,PVC-K57,NAM,Gulf Packaging,22.5
2026-09-07,PVC-K57,NAM,Gulf Packaging,16.6
2026-09-14,PVC-K57,NAM,Gulf Packaging,26.5
2026-09-21,PVC-K57,NAM,Gulf Packaging,15.2
2026-09-28,PVC-K57,NAM,Gulf Packaging,30.4
2024-10-07,PVC-K57,EU,Rhein Composites,8.0
2024-10-14,PVC-K57,EU,Rhein Composites,10.7
2024-10-21,PVC-K57,EU,Rhein Composites,11.1
2024-10-28,PVC-K57,EU,Rhein Composites,10.5
2024-11-04,PVC-K57,EU,Rhein Composites,15.2
2024-11-11,PVC-K57,EU,Rhein Composites,9.7
2024-11-18,PVC-K57,EU,Rhein Composites,12.7
2024-11-25,PVC-K57,EU,Rhein Composites,12.5
2024-12-02,PVC-K57,EU,Rhein Composites,8.7
2024-12-09,PVC-K57,EU,Rhein Composites,9.4
2024-12-16,PVC-K57,EU,Rhein Composites,12.8
2024-12-23,PVC-K57,EU,Rhein Composites,19.9
2024-12-30,PVC-K57,EU,Rhein Composites,14.6
2025-01-06,PVC-K57,EU,Rhein Composites,8.9
2025-01-13,PVC-K57,EU,Rhein Composites,6.6
2025-01-20,PVC-K57,EU,Rhein Composites,15.4
2025-01-27,PVC-K57,EU,Rhein Composites,12.9
2025-02-03,PVC-K57,EU,Rhein Composites,17.5
2025-02-10,PVC-K57,EU,Rhein Composites,11.2
2025-02-17,PVC-K57,EU,Rhein Composites,14.4
2025-02-24,PVC-K57,EU,Rhein Composites,16.1
2025-03-03,PVC-K57,EU,Rhein Composites,12.1
2025-03-10,PVC-K57,EU,Rhein Composites,12.3
2025-03-17,PVC-K57,EU,Rhein Composites,13.6
2025-03-24,PVC-K57,EU,Rhein Composites,15.2
2025-03-31,PVC-K57,EU,Rhein Composites,13.5
2025-04-07,PVC-K57,EU,Rhein Composites,16.2
2025-04-14,PVC-K57,EU,Rhein Composites,11.6
2025-04-21,PVC-K57,EU,Rhein Composites,9.3
2025-04-28,PVC-K57,EU,Rhein Composites,18.7
2025-05-05,PVC-K57,EU,Rhein Composites,10.2
2025-05-12,PVC-K57,EU,Rhein Composites,10.2
2025-05-19,PVC-K57,EU,Rhein Composites,11.0
2025-05-26,PVC-K57,EU,Rhein Composites,10.9
2025-06-02,PVC-K57,EU,Rhein Composites,9.5
2025-06-09,PVC-K57,EU,Rhein Composites,10.1
2025-06-16,PVC-K57,EU,Rhein Composites,10.0
2025-06-23,PVC-K57,EU,Rhein Composites,10.6
2025-06-30,PVC-K57,EU,Rhein Composites,6.2
2025-07-07,PVC-K57,EU,Rhein Composites,15.6
2025-07-14,PVC-K57,EU,Rhein Composites,9.7
2025-07-21,PVC-K57,EU,Rhein Composites,11.0
2025-07-28,PVC-K57,EU,Rhein Composites,7.1
2025-08-04,PVC-K57,EU,Rhein Composites,8.5
2025-08-11,PVC-K57,EU,Rhein Composites,8.1
2025-08-18,PVC-K57,EU,Rhein Composites,12.8
2025-08-25,PVC-K57,EU,Rhein Composites,8.2
2025-09-01,PVC-K57,EU,Rhein Composites,11.3
2025-09-08,PVC-K57,EU,Rhein Composites,8.3
2025-09-15,PVC-K57,EU,Rhein Composites,8.8
2025-09-22,PVC-K57,EU,Rhein Composites,9.2
2025-09-29,PVC-K57,EU,Rhein Composites,12.8
2025-10-06,PVC-K57,EU,Rhein Composites,6.5
2025-10-13,PVC-K57,EU,Rhein Composites,7.5
2025-10-20,PVC-K57,EU,Rhein Composites,6.8
2025-10-27,PVC-K57,EU,Rhein Composites,8.4
2025-11-03,PVC-K57,EU,Rhein Composites,9.3
2025-11-10,PVC-K57,EU,Rhein Composites,7.9
2025-11-17,PVC-K57,EU,Rhein Composites,9.6
2025-11-24,PVC-K57,EU,Rhein Composites,7.3
2025-12-01,PVC-K57,EU,Rhein Composites,9.2
2025-12-08,PVC-K57,EU,Rhein Composites,15.8
2025-12-15,PVC-K57,EU,Rhein Composites,13.3
2025-12-22,PVC-K57,EU,Rhein Composites,13.0
2025-12-29,PVC-K57,EU,Rhein Composites,10.1
2026-01-05,PVC-K57,EU,Rhein Composites,9.2
2026-01-12,PVC-K57,EU,Rhein Composites,10.2
2026-01-19,PVC-K57,EU,Rhein Composites,13.0
2026-01-26,PVC-K57,EU,Rhein Composites,16.0
2026-02-02,PVC-K57,EU,Rhein Composites,16.0
2026-02-09,PVC-K57,EU,Rhein Composites,15.2
2026-02-16,PVC-K57,EU,Rhein Composites,11.2
2026-02-23,PVC-K57,EU,Rhein Composites,13.0
2026-03-02,PVC-K57,EU,Rhein Composites,11.7
2026-03-09,PVC-K57,EU,Rhein Composites,12.0
2026-03-16,PVC-K57,EU,Rhein Composites,19.9
2026-03-23,PVC-K57,EU,Rhein Composites,8.5
2026-03-30,PVC-K57,EU,Rhein Composites,11.8
2026-04-06,PVC-K57,EU,Rhein Composites,16.0
2026-04-13,PVC-K57,EU,Rhein Composites,8.9
2026-04-20,PVC-K57,EU,Rhein Composites,10.5
2026-04-27,PVC-K57,EU,Rhein Composites,10.5
2026-05-04,PVC-K57,EU,Rhein Composites,11.2
2026-05-11,PVC-K57,EU,Rhein Composites,8.1
2026-05-18,PVC-K57,EU,Rhein Composites,13.2
2026-05-25,PVC-K57,EU,Rhein Composites,13.1
2026-06-01,PVC-K57,EU,Rhein Composites,12.2
2026-06-08,PVC-K57,EU,Rhein Composites,8.7
2026-06-15,PVC-K57,EU,Rhein Composites,10.7
2026-06-22,PVC-K57,EU,Rhein Composites,8.7
2026-06-29,PVC-K57,EU,Rhein Composites,9.6
2026-07-06,PVC-K57,EU,Rhein Composites,16.3
2026-07-13,PVC-K57,EU,Rhein Composites,10.4
2026-07-20,PVC-K57,EU,Rhein Composites,7.7
2026-07-27,PVC-K57,EU,Rhein Composites,10.1
2026-08-03,PVC-K57,EU,Rhein Composites,7.3
2026-08-10,PVC-K57,EU,Rhein Composites,7.4
2026-08-17,PVC-K57,EU,Rhein Composites,7.6
2026-08-24,PVC-K57,EU,Rhein Composites,8.5
2026-08-31,PVC-K57,EU,Rhein Composites,11.5
2026-09-07,PVC-K57,EU,Rhein Composites,10.8
2026-09-14,PVC-K57,EU,Rhein Composites,10.6
2026-09-21,PVC-K57,EU,Rhein Composites,7.5
2026-09-28,PVC-K57,EU,Rhein Composites,8.1
2024-10-07,PVC-K57,EU,Nordic Paints,76.4
2024-10-14,PVC-K57,EU,Nordic Paints,64.0
2024-10-21,PVC-K57,EU,Nordic Paints,70.6
2024-10-28,PVC-K57,EU,Nordic Paints,84.5
2024-11-04,PVC-K57,EU,Nordic Paints,72.6
2024-11-11,PVC-K57,EU,Nordic Paints,83.0
2024-11-18,PVC-K57,EU,Nordic Paints,114.1
2024-11-25,PVC-K57,EU,Nordic Paints,80.2
2024-12-02,PVC-K57,EU,Nordic Paints,107.4
2024-12-09,PVC-K57,EU,Nordic Paints,96.0
2024-12-16,PVC-K57,EU,Nordic Paints,62.9
2024-12-23,PVC-K57,EU,Nordic Paints,68.5
2024-12-30,PVC-K57,EU,Nordic Paints,72.3
2025-01-06,PVC-K57,EU,Nordic Paints,72.8
2025-01-13,PVC-K57,EU,Nordic Paints,86.6
2025-01-20,PVC-K57,EU,Nordic Paints,102.0
2025-01-27,PVC-K57,EU,Nordic Paints,118.1
2025-02-03,PVC-K57,EU,Nordic Paints,98.7
2025-02-10,PVC-K57,EU,Nordic Paints,83.3
2025-02-17,PVC-K57,EU,Nordic Paints,57.2
2025-02-24,PVC-K57,EU,Nordic Paints,92.1
2025-03-03,PVC-K57,EU,Nordic Paints,90.8
2025-03-10,PVC-K57,EU,Nordic Paints,95.2
2025-03-17,PVC-K57,EU,Nordic Paints,146.1
2025-03-24,PVC-K57,EU,Nordic Paints,120.0
2025-03-31,PVC-K57,EU,Nordic Paints,109.2
2025-04-07,PVC-K57,EU,Nordic Paints,71.9
2025-04-14,PVC-K57,EU,Nordic Paints,77.6
2025-04-21,PVC-K57,EU,Nordic Paints,82.4
2025-04-28,PVC-K57,EU,Nordic Paints,69.2
2025-05-05,PVC-K57,EU,Nordic Paints,88.0
2025-05-12,PVC-K57,EU,Nordic Paints,84.3
2025-05-19,PVC-K57,EU,Nordic Paints,59.7
2025-05-26,PVC-K57,EU,Nordic Paints,94.7
2025-06-02,PVC-K57,EU,Nordic Paints,71.7
2025-06-09,PVC-K57,EU,Nordic Paints,47.1
2025-06-16,PVC-K57,EU,Nordic Paints,67.5
2025-06-23,PVC-K57,EU,Nordic Paints,73.4
2025-06-30,PVC-K57,EU,Nordic Paints,87.3
2025-07-07,PVC-K57,EU,Nordic Paints,64.7
2025-07-14,PVC-K57,EU,Nordic Paints,81.7
2025-07-21,PVC-K57,EU,Nordic Paints,68.2
2025-07-28,PVC-K57,EU,Nordic Paints,48.6
2025-08-04,PVC-K57,EU,Nordic Paints,46.8
2025-08-11,PVC-K57,EU,Nordic Paints,81.2
2025-08-18,PVC-K57,EU,Nordic Paints,81.8
2025-08-25,PVC-K57,EU,Nordic Paints,67.8
2025-09-01,PVC-K57,EU,Nordic Paints,89.7
2025-09-08,PVC-K57,EU,Nordic Paints,82.3
2025-09-15,PVC-K57,EU,Nordic Paints,76.8
2025-09-22,PVC-K57,EU,Nordic Paints,54.1
2025-09-29,PVC-K57,EU,Nordic Paints,95.9
2025-10-06,PVC-K57,EU,Nordic Paints,74.8
2025-10-13,PVC-K57,EU,Nordic Paints,62.3
2025-10-20,PVC-K57,EU,Nordic Paints,61.4
2025-10-27,PVC-K57,EU,Nordic Paints,76.9
2025-11-03,PVC-K57,EU,Nordic Paints,52.2
2025-11-10,PVC-K57,EU,Nordic Paints,89.0
2025-11-17,PVC-K57,EU,Nordic Paints,62.3
2025-11-24,PVC-K57,EU,Nordic Paints,83.8
2025-12-01,PVC-K57,EU,Nordic Paints,69.5
2025-12-08,PVC-K57,EU,Nordic Paints,77.3
2025-12-15,PVC-K57,EU,Nordic Paints,69.9
2025-12-22,PVC-K57,EU,Nordic Paints,81.8
2025-12-29,PVC-K57,EU,Nordic Paints,128.9
2026-01-05,PVC-K57,EU,Nordic Paints,118.0
2026-01-12,PVC-K57,EU,Nordic Paints,96.0
2026-01-19,PVC-K57,EU,Nordic Paints,88.6
2026-01-26,PVC-K57,EU,Nordic Paints,107.9
2026-02-02,PVC-K57,EU,Nordic Paints,114.2
2026-02-09,PVC-K57,EU,Nordic Paints,74.7
2026-02-16,PVC-K57,EU,Nordic Paints,87.7
2026-02-23,PVC-K57,EU,Nordic Paints,58.6
2026-03-02,PVC-K57,EU,Nordic Paints,109.2
2026-03-09,PVC-K57,EU,Nordic Paints,134.1
2026-03-16,PVC-K57,EU,Nordic Paints,87.7
2026-03-23,PVC-K57,EU,Nordic Paints,53.4
2026-03-30,PVC-K57,EU,Nordic Paints,96.1
2026-04-06,PVC-K57,EU,Nordic Paints,68.2
2026-04-13,PVC-K57,EU,Nordic Paints,72.2
2026-04-20,PVC-K57,EU,Nordic Paints,94.2
2026-04-27,PVC-K57,EU,Nordic Paints,84.7
2026-05-04,PVC-K57,EU,Nordic Paints,71.6
2026-05-11,PVC-K57,EU,Nordic Paints,68.0
2026-05-18,PVC-K57,EU,Nordic Paints,80.8
2026-05-25,PVC-K57,EU,Nordic Paints,70.3
2026-06-01,PVC-K57,EU,Nordic Paints,58.1
2026-06-08,PVC-K57,EU,Nordic Paints,66.1
2026-06-15,PVC-K57,EU,Nordic Paints,77.0
2026-06-22,PVC-K57,EU,Nordic Paints,68.7
2026-06-29,PVC-K57,EU,Nordic Paints,51.4
2026-07-06,PVC-K57,EU,Nordic Paints,85.5
2026-07-13,PVC-K57,EU,Nordic Paints,37.8
2026-07-20,PVC-K57,EU,Nordic Paints,61.1
2026-07-27,PVC-K57,EU,Nordic Paints,57.5
2026-08-03,PVC-K57,EU,Nordic Paints,68.3
2026-08-10,PVC-K57,EU,Nordic Paints,74.3
2026-08-17,PVC-K57,EU,Nordic Paints,83.0
2026-08-24,PVC-K57,EU,Nordic Paints,54.5
2026-08-31,PVC-K57,EU,Nordic Paints,72.0
2026-09-07,PVC-K57,EU,Nordic Paints,67.1
2026-09-14,PVC-K57,EU,Nordic Paints,43.8
2026-09-21,PVC-K57,EU,Nordic Paints,97.8
2026-09-28,PVC-K57,EU,Nordic Paints,45.3
2024-10-07,PVC-K57,EU,Iberia Polymers,56.3
2024-10-14,PVC-K57,EU,Iberia Polymers,57.1
2024-10-21,PVC-K57,EU,Iberia Polymers,56.9
2024-10-28,PVC-K57,EU,Iberia Polymers,49.1
2024-11-04,PVC-K57,EU,Iberia Polymers,67.1
2024-11-11,PVC-K57,EU,Iberia Polymers,40.0
2024-11-18,PVC-K57,EU,Iberia Polymers,56.5
2024-11-25,PVC-K57,EU,Iberia Polymers,52.5
2024-12-02,PVC-K57,EU,Iberia Polymers,51.0
2024-12-09,PVC-K57,EU,Iberia Polymers,66.5
2024-12-16,PVC-K57,EU,Iberia Polymers,78.5
2024-12-23,PVC-K57,EU,Iberia Polymers,57.8
2024-12-30,PVC-K57,EU,Iberia Polymers,73.5
2025-01-06,PVC-K57,EU,Iberia Polymers,63.4
2025-01-13,PVC-K57,EU,Iberia Polymers,51.8
2025-01-20,PVC-K57,EU,Iberia Polymers,60.0
2025-01-27,PVC-K57,EU,Iberia Polymers,59.9
2025-02-03,PVC-K57,EU,Iberia Polymers,56.5
2025-02-10,PVC-K57,EU,Iberia Polymers,72.1
2025-02-17,PVC-K57,EU,Iberia Polymers,68.0
2025-02-24,PVC-K57,EU,Iberia Polymers,45.6
2025-03-03,PVC-K57,EU,Iberia Polymers,44.8
2025-03-10,PVC-K57,EU,Iberia Polymers,71.6
2025-03-17,PVC-K57,EU,Iberia Polymers,54.8
2025-03-24,PVC-K57,EU,Iberia Polymers,69.6
2025-03-31,PVC-K57,EU,Iberia Polymers,77.8
2025-04-07,PVC-K57,EU,Iberia Polymers,47.9
2025-04-14,PVC-K57,EU,Iberia Polymers,45.5
2025-04-21,PVC-K57,EU,Iberia Polymers,86.7
2025-04-28,PVC-K57,EU,Iberia Polymers,63.3
2025-05-05,PVC-K57,EU,Iberia Polymers,51.3
2025-05-12,PVC-K57,EU,Iberia Polymers,45.3
2025-05-19,PVC-K57,EU,Iberia Polymers,48.4
2025-05-26,PVC-K57,EU,Iberia Polymers,40.0
2025-06-02,PVC-K57,EU,Iberia Polymers,60.7
2025-06-09,PVC-K57,EU,Iberia Polymers,41.5
2025-06-16,PVC-K57,EU,Iberia Polymers,61.9
2025-06-23,PVC-K57,EU,Iberia Polymers,45.1
2025-06-30,PVC-K57,EU,Iberia Polymers,40.0
2025-07-07,PVC-K57,EU,Iberia Polymers,45.3
2025-07-14,PVC-K57,EU,Iberia Polymers,27.3
2025-07-21,PVC-K57,EU,Iberia Polymers,45.4
2025-07-28,PVC-K57,EU,Iberia Polymers,44.6
2025-08-04,PVC-K57,EU,Iberia Polymers,54.6
2025-08-11,PVC-K57,EU,Iberia Polymers,29.9
2025-08-18,PVC-K57,EU,Iberia Polymers,57.9
2025-08-25,PVC-K57,EU,Iberia Polymers,53.9
2025-09-01,PVC-K57,EU,Iberia Polymers,60.7
2025-09-08,PVC-K57,EU,Iberia Polymers,46.0
2025-09-15,PVC-K57,EU,Iberia Polymers,58.9
2025-09-22,PVC-K57,EU,Iberia Polymers,34.1
2025-09-29,PVC-K57,EU,Iberia Polymers,54.7
2025-10-06,PVC-K57,EU,Iberia Polymers,40.0
2025-10-13,PVC-K57,EU,Iberia Polymers,33.6
2025-10-20,PVC-K57,EU,Iberia Polymers,39.6
2025-10-27,PVC-K57,EU,Iberia Polymers,51.9
2025-11-03,PVC-K57,EU,Iberia Polymers,44.9
2025-11-10,PVC-K57,EU,Iberia Polymers,59.2
2025-11-17,PVC-K57,EU,Iberia Polymers,36.8
2025-11-24,PVC-K57,EU,Iberia Polymers,34.5
2025-12-01,PVC-K57,EU,Iberia Polymers,75.2
2025-12-08,PVC-K57,EU,Iberia Polymers,71.4
2025-12-15,PVC-K57,EU,Iberia Polymers,46.8
2025-12-22,PVC-K57,EU,Iberia Polymers,60.4
2025-12-29,PVC-K57,EU,Iberia Polymers,76.0
2026-01-05,PVC-K57,EU,Iberia Polymers,68.1
2026-01-12,PVC-K57,EU,Iberia Polymers,65.5
2026-01-19,PVC-K57,EU,Iberia Polymers,80.9
2026-01-26,PVC-K57,EU,Iberia Polymers,54.5
2026-02-02,PVC-K57,EU,Iberia Polymers,64.0
2026-02-09,PVC-K57,EU,Iberia Polymers,63.7
2026-02-16,PVC-K57,EU,Iberia Polymers,59.9
2026-02-23,PVC-K57,EU,Iberia Polymers,57.3
2026-03-02,PVC-K57,EU,Iberia Polymers,61.8
2026-03-09,PVC-K57,EU,Iberia Polymers,61.2
2026-03-16,PVC-K57,EU,Iberia Polymers,48.8
2026-03-23,PVC-K57,EU,Iberia Polymers,72.5
2026-03-30,PVC-K57,EU,Iberia Polymers,48.4
2026-04-06,PVC-K57,EU,Iberia Polymers,56.6
2026-04-13,PVC-K57,EU,Iberia Polymers,55.9
2026-04-20,PVC-K57,EU,Iberia Polymers,63.4
2026-04-27,PVC-K57,EU,Iberia Polymers,35.8
2026-05-04,PVC-K57,EU,Iberia Polymers,69.1
2026-05-11,PVC-K57,EU,Iberia Polymers,48.2
2026-05-18,PVC-K57,EU,Iberia Polymers,73.4
2026-05-25,PVC-K57,EU,Iberia Polymers,49.4
2026-06-01,PVC-K57,EU,Iberia Polymers,52.3
2026-06-08,PVC-K57,EU,Iberia Polymers,77.3
2026-06-15,PVC-K57,EU,Iberia Polymers,48.0
2026-06-22,PVC-K57,EU,Iberia Polymers,66.9
2026-06-29,PVC-K57,EU,Iberia Polymers,50.5
2026-07-06,PVC-K57,EU,Iberia Polymers,53.7
2026-07-13,PVC-K57,EU,Iberia Polymers,50.1
2026-07-20,PVC-K57,EU,Iberia Polymers,57.9
2026-07-27,PVC-K57,EU,Iberia Polymers,40.4
2026-08-03,PVC-K57,EU,Iberia Polymers,38.0
2026-08-10,PVC-K57,EU,Iberia Polymers,40.7
2026-08-17,PVC-K57,EU,Iberia Polymers,47.3
2026-08-24,PVC-K57,EU,Iberia Polymers,43.4
2026-08-31,PVC-K57,EU,Iberia Polymers,52.8
2026-09-07,PVC-K57,EU,Iberia Polymers,61.1
2026-09-14,PVC-K57,EU,Iberia Polymers,36.7
2026-09-21,PVC-K57,EU,Iberia Polymers,39.1
2026-09-28,PVC-K57,EU,Iberia Polymers,32.3
2024-10-07,PVC-K57,APAC,Pacific Coatings,152.2
2024-10-14,PVC-K57,APAC,Pacific Coatings,196.7
2024-10-21,PVC-K57,APAC,Pacific Coatings,94.4
2024-10-28,PVC-K57,APAC,Pacific Coatings,91.2
2024-11-04,PVC-K57,APAC,Pacific Coatings,91.8
2024-11-11,PVC-K57,APAC,Pacific Coatings,157.7
2024-11-18,PVC-K57,APAC,Pacific Coatings,133.8
2024-11-25,PVC-K57,APAC,Pacific Coatings,101.1
2024-12-02,PVC-K57,APAC,Pacific Coatings,102.3
2024-12-09,PVC-K57,APAC,Pacific Coatings,82.7
2024-12-16,PVC-K57,APAC,Pacific Coatings,119.8
2024-12-23,PVC-K57,APAC,Pacific Coatings,89.4
2024-12-30,PVC-K57,APAC,Pacific Coatings,92.0
2025-01-06,PVC-K57,APAC,Pacific Coatings,109.2
2025-01-13,PVC-K57,APAC,Pacific Coatings,89.6
2025-01-20,PVC-K57,APAC,Pacific Coatings,87.8
2025-01-27,PVC-K57,APAC,Pacific Coatings,92.4
2025-02-03,PVC-K57,APAC,Pacific Coatings,109.4
2025-02-10,PVC-K57,APAC,Pacific Coatings,129.9
2025-02-17,PVC-K57,APAC,Pacific Coatings,103.0
2025-02-24,PVC-K57,APAC,Pacific Coatings,109.2
2025-03-03,PVC-K57,APAC,Pacific Coatings,91.3
2025-03-10,PVC-K57,APAC,Pacific Coatings,84.5
2025-03-17,PVC-K57,APAC,Pacific Coatings,114.6
2025-03-24,PVC-K57,APAC,Pacific Coatings,104.2
2025-03-31,PVC-K57,APAC,Pacific Coatings,73.4
2025-04-07,PVC-K57,APAC,Pacific Coatings,94.3
2025-04-14,PVC-K57,APAC,Pacific Coatings,102.2
2025-04-21,PVC-K57,APAC,Pacific Coatings,96.9
2025-04-28,PVC-K57,APAC,Pacific Coatings,151.5
2025-05-05,PVC-K57,APAC,Pacific Coatings,123.8
2025-05-12,PVC-K57,APAC,Pacific Coatings,149.8
2025-05-19,PVC-K57,APAC,Pacific Coatings,119.4
2025-05-26,PVC-K57,APAC,Pacific Coatings,115.5
2025-06-02,PVC-K57,APAC,Pacific Coatings,93.8
2025-06-09,PVC-K57,APAC,Pacific Coatings,116.1
2025-06-16,PVC-K57,APAC,Pacific Coatings,118.3
2025-06-23,PVC-K57,APAC,Pacific Coatings,86.5
2025-06-30,PVC-K57,APAC,Pacific Coatings,103.1
2025-07-07,PVC-K57,APAC,Pacific Coatings,113.1
2025-07-14,PVC-K57,APAC,Pacific Coatings,131.7
2025-07-21,PVC-K57,APAC,Pacific Coatings,132.2
2025-07-28,PVC-K57,APAC,Pacific Coatings,108.7
2025-08-04,PVC-K57,APAC,Pacific Coatings,144.2
2025-08-11,PVC-K57,APAC,Pacific Coatings,122.7
2025-08-18,PVC-K57,APAC,Pacific Coatings,67.6
2025-08-25,PVC-K57,APAC,Pacific Coatings,114.7
2025-09-01,PVC-K57,APAC,Pacific Coatings,165.2
2025-09-08,PVC-K57,APAC,Pacific Coatings,88.1
2025-09-15,PVC-K57,APAC,Pacific Coatings,129.7
2025-09-22,PVC-K57,APAC,Pacific Coatings,179.3
2025-09-29,PVC-K57,APAC,Pacific Coatings,106.2
2025-10-06,PVC-K57,APAC,Pacific Coatings,123.3
2025-10-13,PVC-K57,APAC,Pacific Coatings,91.0
2025-10-20,PVC-K57,APAC,Pacific Coatings,167.1
2025-10-27,PVC-K57,APAC,Pacific Coatings,112.0
2025-11-03,PVC-K57,APAC,Pacific Coatings,112.5
2025-11-10,PVC-K57,APAC,Pacific Coatings,147.7
2025-11-17,PVC-K57,APAC,Pacific Coatings,122.9
2025-11-24,PVC-K57,APAC,Pacific Coatings,86.7
2025-12-01,PVC-K57,APAC,Pacific Coatings,90.7
2025-12-08,PVC-K57,APAC,Pacific Coatings,114.2
2025-12-15,PVC-K57,APAC,Pacific Coatings,88.0
2025-12-22,PVC-K57,APAC,Pacific Coatings,62.2
2025-12-29,PVC-K57,APAC,Pacific Coatings,96.3
2026-01-05,PVC-K57,APAC,Pacific Coatings,68.6
2026-01-12,PVC-K57,APAC,Pacific Coatings,134.5
2026-01-19,PVC-K57,APAC,Pacific Coatings,97.0
2026-01-26,PVC-K57,APAC,Pacific Coatings,78.2
2026-02-02,PVC-K57,APAC,Pacific Coatings,83.1
2026-02-09,PVC-K57,APAC,Pacific Coatings,64.2
2026-02-16,PVC-K57,APAC,Pacific Coatings,75.8
2026-02-23,PVC-K57,APAC,Pacific Coatings,119.6
2026-03-02,PVC-K57,APAC,Pacific Coatings,159.9
2026-03-09,PVC-K57,APAC,Pacific Coatings,116.6
2026-03-16,PVC-K57,APAC,Pacific Coatings,99.3
2026-03-23,PVC-K57,APAC,Pacific Coatings,91.3
2026-03-30,PVC-K57,APAC,Pacific Coatings,84.1
2026-04-06,PVC-K57,APAC,Pacific Coatings,167.4
2026-04-13,PVC-K57,APAC,Pacific Coatings,102.8
2026-04-20,PVC-K57,APAC,Pacific Coatings,173.6
2026-04-27,PVC-K57,APAC,Pacific Coatings,151.5
2026-05-04,PVC-K57,APAC,Pacific Coatings,78.2
2026-05-11,PVC-K57,APAC,Pacific Coatings,100.9
2026-05-18,PVC-K57,APAC,Pacific Coatings,103.1
2026-05-25,PVC-K57,APAC,Pacific Coatings,119.4
2026-06-01,PVC-K57,APAC,Pacific Coatings,122.4
2026-06-08,PVC-K57,APAC,Pacific Coatings,249.5
2026-06-15,PVC-K57,APAC,Pacific Coatings,100.2
2026-06-22,PVC-K57,APAC,Pacific Coatings,135.8
2026-06-29,PVC-K57,APAC,Pacific Coatings,150.1
2026-07-06,PVC-K57,APAC,Pacific Coatings,133.4
2026-07-13,PVC-K57,APAC,Pacific Coatings,137.6
2026-07-20,PVC-K57,APAC,Pacific Coatings,104.9
2026-07-27,PVC-K57,APAC,Pacific Coatings,136.8
2026-08-03,PVC-K57,APAC,Pacific Coatings,154.2
2026-08-10,PVC-K57,APAC,Pacific Coatings,144.7
2026-08-17,PVC-K57,APAC,Pacific Coatings,159.0
2026-08-24,PVC-K57,APAC,Pacific Coatings,194.8
2026-08-31,PVC-K57,APAC,Pacific Coatings,179.0
2026-09-07,PVC-K57,APAC,Pacific Coatings,148.4
2026-09-14,PVC-K57,APAC,Pacific Coatings,114.1
2026-09-21,PVC-K57,APAC,Pacific Coatings,132.7
2026-09-28,PVC-K57,APAC,Pacific Coatings,147.0
2024-10-07,PVC-K57,APAC,Shenzhen Electronic Materials,30.3
2024-10-14,PVC-K57,APAC,Shenzhen Electronic Materials,25.4
2024-10-21,PVC-K57,APAC,Shenzhen Electronic Materials,22.6
2024-10-28,PVC-K57,APAC,Shenzhen Electronic Materials,21.0
2024-11-04,PVC-K57,APAC,Shenzhen Electronic Materials,18.5
2024-11-11,PVC-K57,APAC,Shenzhen Electronic Materials,25.1
2024-11-18,PVC-K57,APAC,Shenzhen Electronic Materials,18.4
2024-11-25,PVC-K57,APAC,Shenzhen Electronic Materials,20.0
2024-12-02,PVC-K57,APAC,Shenzhen Electronic Materials,22.2
2024-12-09,PVC-K57,APAC,Shenzhen Electronic Materials,17.6
2024-12-16,PVC-K57,APAC,Shenzhen Electronic Materials,25.6
2024-12-23,PVC-K57,APAC,Shenzhen Electronic Materials,27.3
2024-12-30,PVC-K57,APAC,Shenzhen Electronic Materials,20.6
2025-01-06,PVC-K57,APAC,Shenzhen Electronic Materials,20.7
2025-01-13,PVC-K57,APAC,Shenzhen Electronic Materials,25.1
2025-01-20,PVC-K57,APAC,Shenzhen Electronic Materials,18.9
2025-01-27,PVC-K57,APAC,Shenzhen Electronic Materials,18.5
2025-02-03,PVC-K57,APAC,Shenzhen Electronic Materials,28.5
2025-02-10,PVC-K57,APAC,Shenzhen Electronic Materials,26.2
2025-02-17,PVC-K57,APAC,Shenzhen Electronic Materials,24.7
2025-02-24,PVC-K57,APAC,Shenzhen Electronic Materials,26.8
2025-03-03,PVC-K57,APAC,Shenzhen Electronic Materials,14.7
2025-03-10,PVC-K57,APAC,Shenzhen Electronic Materials,31.8
2025-03-17,PVC-K57,APAC,Shenzhen Electronic Materials,25.8
2025-03-24,PVC-K57,APAC,Shenzhen Electronic Materials,29.9
2025-03-31,PVC-K57,APAC,Shenzhen Electronic Materials,26.1
2025-04-07,PVC-K57,APAC,Shenzhen Electronic Materials,24.5
2025-04-14,PVC-K57,APAC,Shenzhen Electronic Materials,23.4
2025-04-21,PVC-K57,APAC,Shenzhen Electronic Materials,28.1
2025-04-28,PVC-K57,APAC,Shenzhen Electronic Materials,24.4
2025-05-05,PVC-K57,APAC,Shenzhen Electronic Materials,32.2
2025-05-12,PVC-K57,APAC,Shenzhen Electronic Materials,18.6
2025-05-19,PVC-K57,APAC,Shenzhen Electronic Materials,23.9
2025-05-26,PVC-K57,APAC,Shenzhen Electronic Materials,42.5
2025-06-02,PVC-K57,APAC,Shenzhen Electronic Materials,24.0
2025-06-09,PVC-K57,APAC,Shenzhen Electronic Materials,26.2
2025-06-16,PVC-K57,APAC,Shenzhen Electronic Materials,23.2
2025-06-23,PVC-K57,APAC,Shenzhen Electronic Materials,30.0
2025-06-30,PVC-K57,APAC,Shenzhen Electronic Materials,23.6
2025-07-07,PVC-K57,APAC,Shenzhen Electronic Materials,27.8
2025-07-14,PVC-K57,APAC,Shenzhen Electronic Materials,34.6
2025-07-21,PVC-K57,APAC,Shenzhen Electronic Materials,24.5
2025-07-28,PVC-K57,APAC,Shenzhen Electronic Materials,35.1
2025-08-04,PVC-K57,APAC,Shenzhen Electronic Materials,37.2
2025-08-11,PVC-K57,APAC,Shenzhen Electronic Materials,38.5
2025-08-18,PVC-K57,APAC,Shenzhen Electronic Materials,31.3
2025-08-25,PVC-K57,APAC,Shenzhen Electronic Materials,62.1
2025-09-01,PVC-K57,APAC,Shenzhen Electronic Materials,39.2
2025-09-08,PVC-K57,APAC,Shenzhen Electronic Materials,32.7
2025-09-15,PVC-K57,APAC,Shenzhen Electronic Materials,24.9
2025-09-22,PVC-K57,APAC,Shenzhen Electronic Materials,29.6
2025-09-29,PVC-K57,APAC,Shenzhen Electronic Materials,41.0
2025-10-06,PVC-K57,APAC,Shenzhen Electronic Materials,42.8
2025-10-13,PVC-K57,APAC,Shenzhen Electronic Materials,40.1
2025-10-20,PVC-K57,APAC,Shenzhen Electronic Materials,33.1
2025-10-27,PVC-K57,APAC,Shenzhen Electronic Materials,20.7
2025-11-03,PVC-K57,APAC,Shenzhen Electronic Materials,29.6
2025-11-10,PVC-K57,APAC,Shenzhen Electronic Materials,19.9
2025-11-17,PVC-K57,APAC,Shenzhen Electronic Materials,18.3
2025-11-24,PVC-K57,APAC,Shenzhen Electronic Materials,26.5
2025-12-01,PVC-K57,APAC,Shenzhen Electronic Materials,28.0
2025-12-08,PVC-K57,APAC,Shenzhen Electronic Materials,29.8
2025-12-15,PVC-K57,APAC,Shenzhen Electronic Materials,26.9
2025-12-22,PVC-K57,APAC,Shenzhen Electronic Materials,26.6
2025-12-29,PVC-K57,APAC,Shenzhen Electronic Materials,18.7
2026-01-05,PVC-K57,APAC,Shenzhen Electronic Materials,22.2
2026-01-12,PVC-K57,APAC,Shenzhen Electronic Materials,16.2
2026-01-19,PVC-K57,APAC,Shenzhen Electronic Materials,14.3
2026-01-26,PVC-K57,APAC,Shenzhen Electronic Materials,26.8
2026-02-02,PVC-K57,APAC,Shenzhen Electronic Materials,19.6
2026-02-09,PVC-K57,APAC,Shenzhen Electronic Materials,28.1
2026-02-16,PVC-K57,APAC,Shenzhen Electronic Materials,29.4
2026-02-23,PVC-K57,APAC,Shenzhen Electronic Materials,19.9
2026-03-02,PVC-K57,APAC,Shenzhen Electronic Materials,26.6
2026-03-09,PVC-K57,APAC,Shenzhen Electronic Materials,20.5
2026-03-16,PVC-K57,APAC,Shenzhen Electronic Materials,16.1
2026-03-23,PVC-K57,APAC,Shenzhen Electronic Materials,24.6
2026-03-30,PVC-K57,APAC,Shenzhen Electronic Materials,22.3
2026-04-06,PVC-K57,APAC,Shenzhen Electronic Materials,23.1
2026-04-13,PVC-K57,APAC,Shenzhen Electronic Materials,39.5
2026-04-20,PVC-K57,APAC,Shenzhen Electronic Materials,18.6
2026-04-27,PVC-K57,APAC,Shenzhen Electronic Materials,29.0
2026-05-04,PVC-K57,APAC,Shenzhen Electronic Materials,22.0
2026-05-11,PVC-K57,APAC,Shenzhen Electronic Materials,34.1
2026-05-18,PVC-K57,APAC,Shenzhen Electronic Materials,30.5
2026-05-25,PVC-K57,APAC,Shenzhen Electronic Materials,31.5
2026-06-01,PVC-K57,APAC,Shenzhen Electronic Materials,24.1
2026-06-08,PVC-K57,APAC,Shenzhen Electronic Materials,26.0
2026-06-15,PVC-K57,APAC,Shenzhen Electronic Materials,37.2
2026-06-22,PVC-K57,APAC,Shenzhen Electronic Materials,45.5
2026-06-29,PVC-K57,APAC,Shenzhen Electronic Materials,34.8
2026-07-06,PVC-K57,APAC,Shenzhen Electronic Materials,26.2
2026-07-13,PVC-K57,APAC,Shenzhen Electronic Materials,34.5
2026-07-20,PVC-K57,APAC,Shenzhen Electronic Materials,53.8
2026-07-27,PVC-K57,APAC,Shenzhen Electronic Materials,32.6
2026-08-03,PVC-K57,APAC,Shenzhen Electronic Materials,45.4
2026-08-10,PVC-K57,APAC,Shenzhen Electronic Materials,27.3
2026-08-17,PVC-K57,APAC,Shenzhen Electronic Materials,33.2
2026-08-24,PVC-K57,APAC,Shenzhen Electronic Materials,39.1
2026-08-31,PVC-K57,APAC,Shenzhen Electronic Materials,37.9
2026-09-07,PVC-K57,APAC,Shenzhen Electronic Materials,29.5
2026-09-14,PVC-K57,APAC,Shenzhen Electronic Materials,29.5
2026-09-21,PVC-K57,APAC,Shenzhen Electronic Materials,44.9
2026-09-28,PVC-K57,APAC,Shenzhen Electronic Materials,47.9
2024-10-07,PVC-K57,APAC,Jurong Construction Chem,94.5
2024-10-14,PVC-K57,APAC,Jurong Construction Chem,99.2
2024-10-21,PVC-K57,APAC,Jurong Construction Chem,67.5
2024-10-28,PVC-K57,APAC,Jurong Construction Chem,60.1
2024-11-04,PVC-K57,APAC,Jurong Construction Chem,84.6
2024-11-11,PVC-K57,APAC,Jurong Construction Chem,73.1
2024-11-18,PVC-K57,APAC,Jurong Construction Chem,48.3
2024-11-25,PVC-K57,APAC,Jurong Construction Chem,46.8
2024-12-02,PVC-K57,APAC,Jurong Construction Chem,63.8
2024-12-09,PVC-K57,APAC,Jurong Construction Chem,53.7
2024-12-16,PVC-K57,APAC,Jurong Construction Chem,55.2
2024-12-23,PVC-K57,APAC,Jurong Construction Chem,69.4
2024-12-30,PVC-K57,APAC,Jurong Construction Chem,64.9
2025-01-06,PVC-K57,APAC,Jurong Construction Chem,72.2
2025-01-13,PVC-K57,APAC,Jurong Construction Chem,34.4
2025-01-20,PVC-K57,APAC,Jurong Construction Chem,55.1
2025-01-27,PVC-K57,APAC,Jurong Construction Chem,60.6
2025-02-03,PVC-K57,APAC,Jurong Construction Chem,37.0
2025-02-10,PVC-K57,APAC,Jurong Construction Chem,44.1
2025-02-17,PVC-K57,APAC,Jurong Construction Chem,42.5
2025-02-24,PVC-K57,APAC,Jurong Construction Chem,51.8
2025-03-03,PVC-K57,APAC,Jurong Construction Chem,77.0
2025-03-10,PVC-K57,APAC,Jurong Construction Chem,86.9
2025-03-17,PVC-K57,APAC,Jurong Construction Chem,46.8
2025-03-24,PVC-K57,APAC,Jurong Construction Chem,63.6
2025-03-31,PVC-K57,APAC,Jurong Construction Chem,64.0
2025-04-07,PVC-K57,APAC,Jurong Construction Chem,62.2
2025-04-14,PVC-K57,APAC,Jurong Construction Chem,64.1
2025-04-21,PVC-K57,APAC,Jurong Construction Chem,65.4
2025-04-28,PVC-K57,APAC,Jurong Construction Chem,89.4
2025-05-05,PVC-K57,APAC,Jurong Construction Chem,80.1
2025-05-12,PVC-K57,APAC,Jurong Construction Chem,49.4
2025-05-19,PVC-K57,APAC,Jurong Construction Chem,75.7
2025-05-26,PVC-K57,APAC,Jurong Construction Chem,77.9
2025-06-02,PVC-K57,APAC,Jurong Construction Chem,69.7
2025-06-09,PVC-K57,APAC,Jurong Construction Chem,83.8
2025-06-16,PVC-K57,APAC,Jurong Construction Chem,69.3
2025-06-23,PVC-K57,APAC,Jurong Construction Chem,68.9
2025-06-30,PVC-K57,APAC,Jurong Construction Chem,67.3
2025-07-07,PVC-K57,APAC,Jurong Construction Chem,43.9
2025-07-14,PVC-K57,APAC,Jurong Construction Chem,66.6
2025-07-21,PVC-K57,APAC,Jurong Construction Chem,58.1
2025-07-28,PVC-K57,APAC,Jurong Construction Chem,53.7
2025-08-04,PVC-K57,APAC,Jurong Construction Chem,100.5
2025-08-11,PVC-K57,APAC,Jurong Construction Chem,80.5
2025-08-18,PVC-K57,APAC,Jurong Construction Chem,71.2
2025-08-25,PVC-K57,APAC,Jurong Construction Chem,63.5
2025-09-01,PVC-K57,APAC,Jurong Construction Chem,78.4
2025-09-08,PVC-K57,APAC,Jurong Construction Chem,89.5
2025-09-15,PVC-K57,APAC,Jurong Construction Chem,59.5
2025-09-22,PVC-K57,APAC,Jurong Construction Chem,71.2
2025-09-29,PVC-K57,APAC,Jurong Construction Chem,85.7
2025-10-06,PVC-K57,APAC,Jurong Construction Chem,45.4
2025-10-13,PVC-K57,APAC,Jurong Construction Chem,67.5
2025-10-20,PVC-K57,APAC,Jurong Construction Chem,59.9
2025-10-27,PVC-K57,APAC,Jurong Construction Chem,62.5
2025-11-03,PVC-K57,APAC,Jurong Construction Chem,56.2
2025-11-10,PVC-K57,APAC,Jurong Construction Chem,63.7
2025-11-17,PVC-K57,APAC,Jurong Construction Chem,91.5
2025-11-24,PVC-K57,APAC,Jurong Construction Chem,55.2
2025-12-01,PVC-K57,APAC,Jurong Construction Chem,62.9
2025-12-08,PVC-K57,APAC,Jurong Construction Chem,89.6
2025-12-15,PVC-K57,APAC,Jurong Construction Chem,50.4
2025-12-22,PVC-K57,APAC,Jurong Construction Chem,83.3
2025-12-29,PVC-K57,APAC,Jurong Construction Chem,55.0
2026-01-05,PVC-K57,APAC,Jurong Construction Chem,79.3
2026-01-12,PVC-K57,APAC,Jurong Construction Chem,62.7
2026-01-19,PVC-K57,APAC,Jurong Construction Chem,56.3
2026-01-26,PVC-K57,APAC,Jurong Construction Chem,53.1
2026-02-02,PVC-K57,APAC,Jurong Construction Chem,47.7
2026-02-09,PVC-K57,APAC,Jurong Construction Chem,55.8
2026-02-16,PVC-K57,APAC,Jurong Construction Chem,66.3
2026-02-23,PVC-K57,APAC,Jurong Construction Chem,53.8
2026-03-02,PVC-K57,APAC,Jurong Construction Chem,51.5
2026-03-09,PVC-K57,APAC,Jurong Construction Chem,53.1
2026-03-16,PVC-K57,APAC,Jurong Construction Chem,71.1
2026-03-23,PVC-K57,APAC,Jurong Construction Chem,74.2
2026-03-30,PVC-K57,APAC,Jurong Construction Chem,50.6
2026-04-06,PVC-K57,APAC,Jurong Construction Chem,51.8
2026-04-13,PVC-K57,APAC,Jurong Construction Chem,65.7
2026-04-20,PVC-K57,APAC,Jurong Construction Chem,86.0
2026-04-27,PVC-K57,APAC,Jurong Construction Chem,80.9
2026-05-04,PVC-K57,APAC,Jurong Construction Chem,49.1
2026-05-11,PVC-K57,APAC,Jurong Construction Chem,62.1
2026-05-18,PVC-K57,APAC,Jurong Construction Chem,54.9
2026-05-25,PVC-K57,APAC,Jurong Construction Chem,64.6
2026-06-01,PVC-K57,APAC,Jurong Construction Chem,99.6
2026-06-08,PVC-K57,APAC,Jurong Construction Chem,53.2
2026-06-15,PVC-K57,APAC,Jurong Construction Chem,50.1
2026-06-22,PVC-K57,APAC,Jurong Construction Chem,60.7
2026-06-29,PVC-K57,APAC,Jurong Construction Chem,78.7
2026-07-06,PVC-K57,APAC,Jurong Construction Chem,86.3
2026-07-13,PVC-K57,APAC,Jurong Construction Chem,83.4
2026-07-20,PVC-K57,APAC,Jurong Construction Chem,96.5
2026-07-27,PVC-K57,APAC,Jurong Construction Chem,51.1
2026-08-03,PVC-K57,APAC,Jurong Construction Chem,100.9
2026-08-10,PVC-K57,APAC,Jurong Construction Chem,70.9
2026-08-17,PVC-K57,APAC,Jurong Construction Chem,92.9
2026-08-24,PVC-K57,APAC,Jurong Construction Chem,60.2
2026-08-31,PVC-K57,APAC,Jurong Construction Chem,82.2
2026-09-07,PVC-K57,APAC,Jurong Construction Chem,86.8
2026-09-14,PVC-K57,APAC,Jurong Construction Chem,107.3
2026-09-21,PVC-K57,APAC,Jurong Construction Chem,60.3
2026-09-28,PVC-K57,APAC,Jurong Construction Chem,87.6
2024-10-07,PVC-K57,LATAM,Andes Plastics,21.0
2024-10-14,PVC-K57,LATAM,Andes Plastics,33.9
2024-10-21,PVC-K57,LATAM,Andes Plastics,35.9
2024-10-28,PVC-K57,LATAM,Andes Plastics,27.0
2024-11-04,PVC-K57,LATAM,Andes Plastics,21.7
2024-11-11,PVC-K57,LATAM,Andes Plastics,34.5
2024-11-18,PVC-K57,LATAM,Andes Plastics,21.0
2024-11-25,PVC-K57,LATAM,Andes Plastics,25.7
2024-12-02,PVC-K57,LATAM,Andes Plastics,25.7
2024-12-09,PVC-K57,LATAM,Andes Plastics,30.2
2024-12-16,PVC-K57,LATAM,Andes Plastics,21.7
2024-12-23,PVC-K57,LATAM,Andes Plastics,21.3
2024-12-30,PVC-K57,LATAM,Andes Plastics,24.7
2025-01-06,PVC-K57,LATAM,Andes Plastics,30.3
2025-01-13,PVC-K57,LATAM,Andes Plastics,40.1
2025-01-20,PVC-K57,LATAM,Andes Plastics,17.7
2025-01-27,PVC-K57,LATAM,Andes Plastics,26.4
2025-02-03,PVC-K57,LATAM,Andes Plastics,18.9
2025-02-10,PVC-K57,LATAM,Andes Plastics,29.9
2025-02-17,PVC-K57,LATAM,Andes Plastics,19.2
2025-02-24,PVC-K57,LATAM,Andes Plastics,20.4
2025-03-03,PVC-K57,LATAM,Andes Plastics,21.4
2025-03-10,PVC-K57,LATAM,Andes Plastics,24.4
2025-03-17,PVC-K57,LATAM,Andes Plastics,26.8
2025-03-24,PVC-K57,LATAM,Andes Plastics,27.8
2025-03-31,PVC-K57,LATAM,Andes Plastics,25.4
2025-04-07,PVC-K57,LATAM,Andes Plastics,19.0
2025-04-14,PVC-K57,LATAM,Andes Plastics,30.3
2025-04-21,PVC-K57,LATAM,Andes Plastics,26.1
2025-04-28,PVC-K57,LATAM,Andes Plastics,35.6
2025-05-05,PVC-K57,LATAM,Andes Plastics,24.3
2025-05-12,PVC-K57,LATAM,Andes Plastics,19.8
2025-05-19,PVC-K57,LATAM,Andes Plastics,28.7
2025-05-26,PVC-K57,LATAM,Andes Plastics,39.3
2025-06-02,PVC-K57,LATAM,Andes Plastics,31.5
2025-06-09,PVC-K57,LATAM,Andes Plastics,30.4
2025-06-16,PVC-K57,LATAM,Andes Plastics,25.9
2025-06-23,PVC-K57,LATAM,Andes Plastics,46.5
2025-06-30,PVC-K57,LATAM,Andes Plastics,25.8
2025-07-07,PVC-K57,LATAM,Andes Plastics,27.4
2025-07-14,PVC-K57,LATAM,Andes Plastics,37.6
2025-07-21,PVC-K57,LATAM,Andes Plastics,22.4
2025-07-28,PVC-K57,LATAM,Andes Plastics,45.3
2025-08-04,PVC-K57,LATAM,Andes Plastics,39.1
2025-08-11,PVC-K57,LATAM,Andes Plastics,42.3
2025-08-18,PVC-K57,LATAM,Andes Plastics,39.8
2025-08-25,PVC-K57,LATAM,Andes Plastics,33.9
2025-09-01,PVC-K57,LATAM,Andes Plastics,27.9
2025-09-08,PVC-K57,LATAM,Andes Plastics,34.1
2025-09-15,PVC-K57,LATAM,Andes Plastics,27.7
2025-09-22,PVC-K57,LATAM,Andes Plastics,37.8
2025-09-29,PVC-K57,LATAM,Andes Plastics,40.1
2025-10-06,PVC-K57,LATAM,Andes Plastics,46.0
2025-10-13,PVC-K57,LATAM,Andes Plastics,35.9
2025-10-20,PVC-K57,LATAM,Andes Plastics,39.3
2025-10-27,PVC-K57,LATAM,Andes Plastics,29.5
2025-11-03,PVC-K57,LATAM,Andes Plastics,28.3
2025-11-10,PVC-K57,LATAM,Andes Plastics,33.9
2025-11-17,PVC-K57,LATAM,Andes Plastics,27.2
2025-11-24,PVC-K57,LATAM,Andes Plastics,30.8
2025-12-01,PVC-K57,LATAM,Andes Plastics,22.8
2025-12-08,PVC-K57,LATAM,Andes Plastics,23.3
2025-12-15,PVC-K57,LATAM,Andes Plastics,32.5
2025-12-22,PVC-K57,LATAM,Andes Plastics,34.0
2025-12-29,PVC-K57,LATAM,Andes Plastics,22.4
2026-01-05,PVC-K57,LATAM,Andes Plastics,32.0
2026-01-12,PVC-K57,LATAM,Andes Plastics,24.9
2026-01-19,PVC-K57,LATAM,Andes Plastics,27.9
2026-01-26,PVC-K57,LATAM,Andes Plastics,36.6
2026-02-02,PVC-K57,LATAM,Andes Plastics,32.6
2026-02-09,PVC-K57,LATAM,Andes Plastics,32.2
2026-02-16,PVC-K57,LATAM,Andes Plastics,41.4
2026-02-23,PVC-K57,LATAM,Andes Plastics,23.7
2026-03-02,PVC-K57,LATAM,Andes Plastics,22.1
2026-03-09,PVC-K57,LATAM,Andes Plastics,23.2
2026-03-16,PVC-K57,LATAM,Andes Plastics,25.6
2026-03-23,PVC-K57,LATAM,Andes Plastics,16.2
2026-03-30,PVC-K57,LATAM,Andes Plastics,26.7
2026-04-06,PVC-K57,LATAM,Andes Plastics,25.4
2026-04-13,PVC-K57,LATAM,Andes Plastics,34.9
2026-04-20,PVC-K57,LATAM,Andes Plastics,31.8
2026-04-27,PVC-K57,LATAM,Andes Plastics,25.6
2026-05-04,PVC-K57,LATAM,Andes Plastics,34.1
2026-05-11,PVC-K57,LATAM,Andes Plastics,35.7
2026-05-18,PVC-K57,LATAM,Andes Plastics,26.4
2026-05-25,PVC-K57,LATAM,Andes Plastics,29.0
2026-06-01,PVC-K57,LATAM,Andes Plastics,20.2
2026-06-08,PVC-K57,LATAM,Andes Plastics,26.7
2026-06-15,PVC-K57,LATAM,Andes Plastics,29.6
2026-06-22,PVC-K57,LATAM,Andes Plastics,36.1
2026-06-29,PVC-K57,LATAM,Andes Plastics,29.0
2026-07-06,PVC-K57,LATAM,Andes Plastics,32.3
2026-07-13,PVC-K57,LATAM,Andes Plastics,28.1
2026-07-20,PVC-K57,LATAM,Andes Plastics,38.9
2026-07-27,PVC-K57,LATAM,Andes Plastics,41.3
2026-08-03,PVC-K57,LATAM,Andes Plastics,41.5
2026-08-10,PVC-K57,LATAM,Andes Plastics,38.0
2026-08-17,PVC-K57,LATAM,Andes Plastics,27.0
2026-08-24,PVC-K57,LATAM,Andes Plastics,33.3
2026-08-31,PVC-K57,LATAM,Andes Plastics,33.9
2026-09-07,PVC-K57,LATAM,Andes Plastics,33.1
2026-09-14,PVC-K57,LATAM,Andes Plastics,35.7
2026-09-21,PVC-K57,LATAM,Andes Plastics,46.1
2026-09-28,PVC-K57,LATAM,Andes Plastics,39.3
2024-10-07,PVC-K57,LATAM,Brasil Tintas,27.5
2024-10-14,PVC-K57,LATAM,Brasil Tintas,39.1
2024-10-21,PVC-K57,LATAM,Brasil Tintas,38.1
2024-10-28,PVC-K57,LATAM,Brasil Tintas,27.2
2024-11-04,PVC-K57,LATAM,Brasil Tintas,38.8
2024-11-11,PVC-K57,LATAM,Brasil Tintas,30.8
2024-11-18,PVC-K57,LATAM,Brasil Tintas,22.8
2024-11-25,PVC-K57,LATAM,Brasil Tintas,33.6
2024-12-02,PVC-K57,LATAM,Brasil Tintas,30.9
2024-12-09,PVC-K57,LATAM,Brasil Tintas,27.9
2024-12-16,PVC-K57,LATAM,Brasil Tintas,28.1
2024-12-23,PVC-K57,LATAM,Brasil Tintas,24.0
2024-12-30,PVC-K57,LATAM,Brasil Tintas,31.4
2025-01-06,PVC-K57,LATAM,Brasil Tintas,27.4
2025-01-13,PVC-K57,LATAM,Brasil Tintas,28.6
2025-01-20,PVC-K57,LATAM,Brasil Tintas,30.3
2025-01-27,PVC-K57,LATAM,Brasil Tintas,21.8
2025-02-03,PVC-K57,LATAM,Brasil Tintas,22.4
2025-02-10,PVC-K57,LATAM,Brasil Tintas,16.7
2025-02-17,PVC-K57,LATAM,Brasil Tintas,30.4
2025-02-24,PVC-K57,LATAM,Brasil Tintas,20.6
2025-03-03,PVC-K57,LATAM,Brasil Tintas,28.5
2025-03-10,PVC-K57,LATAM,Brasil Tintas,30.6
2025-03-17,PVC-K57,LATAM,Brasil Tintas,32.4
2025-03-24,PVC-K57,LATAM,Brasil Tintas,21.8
2025-03-31,PVC-K57,LATAM,Brasil Tintas,28.5
2025-04-07,PVC-K57,LATAM,Brasil Tintas,41.7
2025-04-14,PVC-K57,LATAM,Brasil Tintas,42.8
2025-04-21,PVC-K57,LATAM,Brasil Tintas,37.3
2025-04-28,PVC-K57,LATAM,Brasil Tintas,33.8
2025-05-05,PVC-K57,LATAM,Brasil Tintas,25.8
2025-05-12,PVC-K57,LATAM,Brasil Tintas,37.5
2025-05-19,PVC-K57,LATAM,Brasil Tintas,31.8
2025-05-26,PVC-K57,LATAM,Brasil Tintas,38.0
2025-06-02,PVC-K57,LATAM,Brasil Tintas,30.0
2025-06-09,PVC-K57,LATAM,Brasil Tintas,34.8
2025-06-16,PVC-K57,LATAM,Brasil Tintas,37.0
2025-06-23,PVC-K57,LATAM,Brasil Tintas,37.9
2025-06-30,PVC-K57,LATAM,Brasil Tintas,41.1
2025-07-07,PVC-K57,LATAM,Brasil Tintas,32.2
2025-07-14,PVC-K57,LATAM,Brasil Tintas,28.1
2025-07-21,PVC-K57,LATAM,Brasil Tintas,54.7
2025-07-28,PVC-K57,LATAM,Brasil Tintas,67.3
2025-08-04,PVC-K57,LATAM,Brasil Tintas,42.7
2025-08-11,PVC-K57,LATAM,Brasil Tintas,29.5
2025-08-18,PVC-K57,LATAM,Brasil Tintas,33.8
2025-08-25,PVC-K57,LATAM,Brasil Tintas,44.7
2025-09-01,PVC-K57,LATAM,Brasil Tintas,53.7
2025-09-08,PVC-K57,LATAM,Brasil Tintas,30.6
2025-09-15,PVC-K57,LATAM,Brasil Tintas,38.0
2025-09-22,PVC-K57,LATAM,Brasil Tintas,40.3
2025-09-29,PVC-K57,LATAM,Brasil Tintas,46.2
2025-10-06,PVC-K57,LATAM,Brasil Tintas,35.1
2025-10-13,PVC-K57,LATAM,Brasil Tintas,26.7
2025-10-20,PVC-K57,LATAM,Brasil Tintas,41.8
2025-10-27,PVC-K57,LATAM,Brasil Tintas,45.8
2025-11-03,PVC-K57,LATAM,Brasil Tintas,35.1
2025-11-10,PVC-K57,LATAM,Brasil Tintas,37.9
2025-11-17,PVC-K57,LATAM,Brasil Tintas,30.3
2025-11-24,PVC-K57,LATAM,Brasil Tintas,27.4
2025-12-01,PVC-K57,LATAM,Brasil Tintas,41.1
2025-12-08,PVC-K57,LATAM,Brasil Tintas,34.9
2025-12-15,PVC-K57,LATAM,Brasil Tintas,35.7
2025-12-22,PVC-K57,LATAM,Brasil Tintas,44.3
2025-12-29,PVC-K57,LATAM,Brasil Tintas,25.0
2026-01-05,PVC-K57,LATAM,Brasil Tintas,27.8
2026-01-12,PVC-K57,LATAM,Brasil Tintas,33.0
2026-01-19,PVC-K57,LATAM,Brasil Tintas,27.9
2026-01-26,PVC-K57,LATAM,Brasil Tintas,36.2
2026-02-02,PVC-K57,LATAM,Brasil Tintas,29.8
2026-02-09,PVC-K57,LATAM,Brasil Tintas,24.7
2026-02-16,PVC-K57,LATAM,Brasil Tintas,31.4
2026-02-23,PVC-K57,LATAM,Brasil Tintas,32.7
2026-03-02,PVC-K57,LATAM,Brasil Tintas,38.3
2026-03-09,PVC-K57,LATAM,Brasil Tintas,33.8
2026-03-16,PVC-K57,LATAM,Brasil Tintas,34.1
2026-03-23,PVC-K57,LATAM,Brasil Tintas,33.3
2026-03-30,PVC-K57,LATAM,Brasil Tintas,30.4
2026-04-06,PVC-K57,LATAM,Brasil Tintas,27.8
2026-04-13,PVC-K57,LATAM,Brasil Tintas,35.6
2026-04-20,PVC-K57,LATAM,Brasil Tintas,31.1
2026-04-27,PVC-K57,LATAM,Brasil Tintas,48.2
2026-05-04,PVC-K57,LATAM,Brasil Tintas,45.7
2026-05-11,PVC-K57,LATAM,Brasil Tintas,39.8
2026-05-18,PVC-K57,LATAM,Brasil Tintas,38.7
2026-05-25,PVC-K57,LATAM,Brasil Tintas,36.0
2026-06-01,PVC-K57,LATAM,Brasil Tintas,28.4
2026-06-08,PVC-K57,LATAM,Brasil Tintas,36.9
2026-06-15,PVC-K57,LATAM,Brasil Tintas,40.5
2026-06-22,PVC-K57,LATAM,Brasil Tintas,42.5
2026-06-29,PVC-K57,LATAM,Brasil Tintas,45.1
2026-07-06,PVC-K57,LATAM,Brasil Tintas,50.4
2026-07-13,PVC-K57,LATAM,Brasil Tintas,35.9
2026-07-20,PVC-K57,LATAM,Brasil Tintas,36.7
2026-07-27,PVC-K57,LATAM,Brasil Tintas,58.8
2026-08-03,PVC-K57,LATAM,Brasil Tintas,51.1
2026-08-10,PVC-K57,LATAM,Brasil Tintas,39.5
2026-08-17,PVC-K57,LATAM,Brasil Tintas,42.1
2026-08-24,PVC-K57,LATAM,Brasil Tintas,42.4
2026-08-31,PVC-K57,LATAM,Brasil Tintas,42.5
2026-09-07,PVC-K57,LATAM,Brasil Tintas,45.6
2026-09-14,PVC-K57,LATAM,Brasil Tintas,69.7
2026-09-21,PVC-K57,LATAM,Brasil Tintas,39.9
2026-09-28,PVC-K57,LATAM,Brasil Tintas,43.3
2024-10-07,PVC-K57,LATAM,Mexico Industrial,13.9
2024-10-14,PVC-K57,LATAM,Mexico Industrial,17.9
2024-10-21,PVC-K57,LATAM,Mexico Industrial,25.6
2024-10-28,PVC-K57,LATAM,Mexico Industrial,21.0
2024-11-04,PVC-K57,LATAM,Mexico Industrial,7.2
2024-11-11,PVC-K57,LATAM,Mexico Industrial,21.9
2024-11-18,PVC-K57,LATAM,Mexico Industrial,28.0
2024-11-25,PVC-K57,LATAM,Mexico Industrial,11.6
2024-12-02,PVC-K57,LATAM,Mexico Industrial,24.3
2024-12-09,PVC-K57,LATAM,Mexico Industrial,9.4
2024-12-16,PVC-K57,LATAM,Mexico Industrial,20.6
2024-12-23,PVC-K57,LATAM,Mexico Industrial,16.6
2024-12-30,PVC-K57,LATAM,Mexico Industrial,9.7
2025-01-06,PVC-K57,LATAM,Mexico Industrial,18.0
2025-01-13,PVC-K57,LATAM,Mexico Industrial,21.0
2025-01-20,PVC-K57,LATAM,Mexico Industrial,17.9
2025-01-27,PVC-K57,LATAM,Mexico Industrial,18.8
2025-02-03,PVC-K57,LATAM,Mexico Industrial,14.7
2025-02-10,PVC-K57,LATAM,Mexico Industrial,10.7
2025-02-17,PVC-K57,LATAM,Mexico Industrial,18.5
2025-02-24,PVC-K57,LATAM,Mexico Industrial,23.3
2025-03-03,PVC-K57,LATAM,Mexico Industrial,20.9
2025-03-10,PVC-K57,LATAM,Mexico Industrial,10.8
2025-03-17,PVC-K57,LATAM,Mexico Industrial,12.0
2025-03-24,PVC-K57,LATAM,Mexico Industrial,13.9
2025-03-31,PVC-K57,LATAM,Mexico Industrial,12.0
2025-04-07,PVC-K57,LATAM,Mexico Industrial,17.2
2025-04-14,PVC-K57,LATAM,Mexico Industrial,18.9
2025-04-21,PVC-K57,LATAM,Mexico Industrial,12.9
2025-04-28,PVC-K57,LATAM,Mexico Industrial,22.0
2025-05-05,PVC-K57,LATAM,Mexico Industrial,21.7
2025-05-12,PVC-K57,LATAM,Mexico Industrial,16.8
2025-05-19,PVC-K57,LATAM,Mexico Industrial,18.7
2025-05-26,PVC-K57,LATAM,Mexico Industrial,12.9
2025-06-02,PVC-K57,LATAM,Mexico Industrial,19.0
2025-06-09,PVC-K57,LATAM,Mexico Industrial,21.4
2025-06-16,PVC-K57,LATAM,Mexico Industrial,21.9
2025-06-23,PVC-K57,LATAM,Mexico Industrial,23.1
2025-06-30,PVC-K57,LATAM,Mexico Industrial,23.0
2025-07-07,PVC-K57,LATAM,Mexico Industrial,20.4
2025-07-14,PVC-K57,LATAM,Mexico Industrial,23.8
2025-07-21,PVC-K57,LATAM,Mexico Industrial,28.2
2025-07-28,PVC-K57,LATAM,Mexico Industrial,22.5
2025-08-04,PVC-K57,LATAM,Mexico Industrial,24.5
2025-08-11,PVC-K57,LATAM,Mexico Industrial,22.4
2025-08-18,PVC-K57,LATAM,Mexico Industrial,20.5
2025-08-25,PVC-K57,LATAM,Mexico Industrial,26.5
2025-09-01,PVC-K57,LATAM,Mexico Industrial,20.9
2025-09-08,PVC-K57,LATAM,Mexico Industrial,25.7
2025-09-15,PVC-K57,LATAM,Mexico Industrial,23.2
2025-09-22,PVC-K57,LATAM,Mexico Industrial,21.4
2025-09-29,PVC-K57,LATAM,Mexico Industrial,21.0
2025-10-06,PVC-K57,LATAM,Mexico Industrial,20.0
2025-10-13,PVC-K57,LATAM,Mexico Industrial,15.5
2025-10-20,PVC-K57,LATAM,Mexico Industrial,23.4
2025-10-27,PVC-K57,LATAM,Mexico Industrial,22.2
2025-11-03,PVC-K57,LATAM,Mexico Industrial,25.5
2025-11-10,PVC-K57,LATAM,Mexico Industrial,18.3
2025-11-17,PVC-K57,LATAM,Mexico Industrial,30.2
2025-11-24,PVC-K57,LATAM,Mexico Industrial,17.9
2025-12-01,PVC-K57,LATAM,Mexico Industrial,16.0
2025-12-08,PVC-K57,LATAM,Mexico Industrial,15.2
2025-12-15,PVC-K57,LATAM,Mexico Industrial,13.0
2025-12-22,PVC-K57,LATAM,Mexico Industrial,26.3
2025-12-29,PVC-K57,LATAM,Mexico Industrial,25.2
2026-01-05,PVC-K57,LATAM,Mexico Industrial,21.2
2026-01-12,PVC-K57,LATAM,Mexico Industrial,15.5
2026-01-19,PVC-K57,LATAM,Mexico Industrial,27.8
2026-01-26,PVC-K57,LATAM,Mexico Industrial,16.7
2026-02-02,PVC-K57,LATAM,Mexico Industrial,17.3
2026-02-09,PVC-K57,LATAM,Mexico Industrial,24.9
2026-02-16,PVC-K57,LATAM,Mexico Industrial,21.1
2026-02-23,PVC-K57,LATAM,Mexico Industrial,30.2
2026-03-02,PVC-K57,LATAM,Mexico Industrial,19.5
2026-03-09,PVC-K57,LATAM,Mexico Industrial,16.8
2026-03-16,PVC-K57,LATAM,Mexico Industrial,15.9
2026-03-23,PVC-K57,LATAM,Mexico Industrial,12.2
2026-03-30,PVC-K57,LATAM,Mexico Industrial,17.6
2026-04-06,PVC-K57,LATAM,Mexico Industrial,24.7
2026-04-13,PVC-K57,LATAM,Mexico Industrial,22.5
2026-04-20,PVC-K57,LATAM,Mexico Industrial,19.9
2026-04-27,PVC-K57,LATAM,Mexico Industrial,15.8
2026-05-04,PVC-K57,LATAM,Mexico Industrial,21.1
2026-05-11,PVC-K57,LATAM,Mexico Industrial,25.6
2026-05-18,PVC-K57,LATAM,Mexico Industrial,23.1
2026-05-25,PVC-K57,LATAM,Mexico Industrial,22.5
2026-06-01,PVC-K57,LATAM,Mexico Industrial,18.6
2026-06-08,PVC-K57,LATAM,Mexico Industrial,27.6
2026-06-15,PVC-K57,LATAM,Mexico Industrial,11.7
2026-06-22,PVC-K57,LATAM,Mexico Industrial,26.0
2026-06-29,PVC-K57,LATAM,Mexico Industrial,42.3
2026-07-06,PVC-K57,LATAM,Mexico Industrial,17.5
2026-07-13,PVC-K57,LATAM,Mexico Industrial,23.5
2026-07-20,PVC-K57,LATAM,Mexico Industrial,25.2
2026-07-27,PVC-K57,LATAM,Mexico Industrial,22.8
2026-08-03,PVC-K57,LATAM,Mexico Industrial,32.0
2026-08-10,PVC-K57,LATAM,Mexico Industrial,28.2
2026-08-17,PVC-K57,LATAM,Mexico Industrial,26.3
2026-08-24,PVC-K57,LATAM,Mexico Industrial,30.6
2026-08-31,PVC-K57,LATAM,Mexico Industrial,25.0
2026-09-07,PVC-K57,LATAM,Mexico Industrial,48.9
2026-09-14,PVC-K57,LATAM,Mexico Industrial,24.4
2026-09-21,PVC-K57,LATAM,Mexico Industrial,23.6
2026-09-28,PVC-K57,LATAM,Mexico Industrial,15.2
2024-10-07,POL-3000,NAM,Apex Coatings,67.0
2024-10-14,POL-3000,NAM,Apex Coatings,48.9
2024-10-21,POL-3000,NAM,Apex Coatings,83.1
2024-10-28,POL-3000,NAM,Apex Coatings,89.0
2024-11-04,POL-3000,NAM,Apex Coatings,52.4
2024-11-11,POL-3000,NAM,Apex Coatings,102.9
2024-11-18,POL-3000,NAM,Apex Coatings,97.9
2024-11-25,POL-3000,NAM,Apex Coatings,105.8
2024-12-02,POL-3000,NAM,Apex Coatings,93.7
2024-12-09,POL-3000,NAM,Apex Coatings,97.5
2024-12-16,POL-3000,NAM,Apex Coatings,95.9
2024-12-23,POL-3000,NAM,Apex Coatings,105.3
2024-12-30,POL-3000,NAM,Apex Coatings,58.2
2025-01-06,POL-3000,NAM,Apex Coatings,64.2
2025-01-13,POL-3000,NAM,Apex Coatings,77.6
2025-01-20,POL-3000,NAM,Apex Coatings,89.5
2025-01-27,POL-3000,NAM,Apex Coatings,102.5
2025-02-03,POL-3000,NAM,Apex Coatings,102.6
2025-02-10,POL-3000,NAM,Apex Coatings,120.5
2025-02-17,POL-3000,NAM,Apex Coatings,121.9
2025-02-24,POL-3000,NAM,Apex Coatings,77.2
2025-03-03,POL-3000,NAM,Apex Coatings,99.1
2025-03-10,POL-3000,NAM,Apex Coatings,77.5
2025-03-17,POL-3000,NAM,Apex Coatings,88.4
2025-03-24,POL-3000,NAM,Apex Coatings,97.4
2025-03-31,POL-3000,NAM,Apex Coatings,43.0
2025-04-07,POL-3000,NAM,Apex Coatings,152.4
2025-04-14,POL-3000,NAM,Apex Coatings,98.9
2025-04-21,POL-3000,NAM,Apex Coatings,74.9
2025-04-28,POL-3000,NAM,Apex Coatings,129.3
2025-05-05,POL-3000,NAM,Apex Coatings,77.2
2025-05-12,POL-3000,NAM,Apex Coatings,84.5
2025-05-19,POL-3000,NAM,Apex Coatings,72.5
2025-05-26,POL-3000,NAM,Apex Coatings,117.1
2025-06-02,POL-3000,NAM,Apex Coatings,77.5
2025-06-09,POL-3000,NAM,Apex Coatings,79.9
2025-06-16,POL-3000,NAM,Apex Coatings,97.2
2025-06-23,POL-3000,NAM,Apex Coatings,84.1
2025-06-30,POL-3000,NAM,Apex Coatings,72.9
2025-07-07,POL-3000,NAM,Apex Coatings,92.7
2025-07-14,POL-3000,NAM,Apex Coatings,124.0
2025-07-21,POL-3000,NAM,Apex Coatings,74.2
2025-07-28,POL-3000,NAM,Apex Coatings,71.1
2025-08-04,POL-3000,NAM,Apex Coatings,72.3
2025-08-11,POL-3000,NAM,Apex Coatings,93.7
2025-08-18,POL-3000,NAM,Apex Coatings,61.1
2025-08-25,POL-3000,NAM,Apex Coatings,65.8
2025-09-01,POL-3000,NAM,Apex Coatings,50.5
2025-09-08,POL-3000,NAM,Apex Coatings,55.2
2025-09-15,POL-3000,NAM,Apex Coatings,65.7
2025-09-22,POL-3000,NAM,Apex Coatings,73.9
2025-09-29,POL-3000,NAM,Apex Coatings,113.5
2025-10-06,POL-3000,NAM,Apex Coatings,88.7
2025-10-13,POL-3000,NAM,Apex Coatings,65.8
2025-10-20,POL-3000,NAM,Apex Coatings,70.7
2025-10-27,POL-3000,NAM,Apex Coatings,112.7
2025-11-03,POL-3000,NAM,Apex Coatings,108.7
2025-11-10,POL-3000,NAM,Apex Coatings,86.9
2025-11-17,POL-3000,NAM,Apex Coatings,79.3
2025-11-24,POL-3000,NAM,Apex Coatings,113.8
2025-12-01,POL-3000,NAM,Apex Coatings,74.3
2025-12-08,POL-3000,NAM,Apex Coatings,101.8
2025-12-15,POL-3000,NAM,Apex Coatings,159.0
2025-12-22,POL-3000,NAM,Apex Coatings,100.1
2025-12-29,POL-3000,NAM,Apex Coatings,81.5
2026-01-05,POL-3000,NAM,Apex Coatings,107.6
2026-01-12,POL-3000,NAM,Apex Coatings,90.1
2026-01-19,POL-3000,NAM,Apex Coatings,74.9
2026-01-26,POL-3000,NAM,Apex Coatings,120.6
2026-02-02,POL-3000,NAM,Apex Coatings,132.2
2026-02-09,POL-3000,NAM,Apex Coatings,96.3
2026-02-16,POL-3000,NAM,Apex Coatings,96.2
2026-02-23,POL-3000,NAM,Apex Coatings,84.0
2026-03-02,POL-3000,NAM,Apex Coatings,98.1
2026-03-09,POL-3000,NAM,Apex Coatings,87.7
2026-03-16,POL-3000,NAM,Apex Coatings,78.0
2026-03-23,POL-3000,NAM,Apex Coatings,146.8
2026-03-30,POL-3000,NAM,Apex Coatings,105.9
2026-04-06,POL-3000,NAM,Apex Coatings,107.9
2026-04-13,POL-3000,NAM,Apex Coatings,113.2
2026-04-20,POL-3000,NAM,Apex Coatings,109.0
2026-04-27,POL-3000,NAM,Apex Coatings,82.8
2026-05-04,POL-3000,NAM,Apex Coatings,94.4
2026-05-11,POL-3000,NAM,Apex Coatings,82.5
2026-05-18,POL-3000,NAM,Apex Coatings,93.4
2026-05-25,POL-3000,NAM,Apex Coatings,89.1
2026-06-01,POL-3000,NAM,Apex Coatings,74.0
2026-06-08,POL-3000,NAM,Apex Coatings,57.9
2026-06-15,POL-3000,NAM,Apex Coatings,79.0
2026-06-22,POL-3000,NAM,Apex Coatings,71.4
2026-06-29,POL-3000,NAM,Apex Coatings,48.4
2026-07-06,POL-3000,NAM,Apex Coatings,81.2
2026-07-13,POL-3000,NAM,Apex Coatings,89.0
2026-07-20,POL-3000,NAM,Apex Coatings,125.5
2026-07-27,POL-3000,NAM,Apex Coatings,65.5
2026-08-03,POL-3000,NAM,Apex Coatings,62.8
2026-08-10,POL-3000,NAM,Apex Coatings,55.0
2026-08-17,POL-3000,NAM,Apex Coatings,72.2
2026-08-24,POL-3000,NAM,Apex Coatings,70.9
2026-08-31,POL-3000,NAM,Apex Coatings,56.0
2026-09-07,POL-3000,NAM,Apex Coatings,64.1
2026-09-14,POL-3000,NAM,Apex Coatings,43.9
2026-09-21,POL-3000,NAM,Apex Coatings,83.6
2026-09-28,POL-3000,NAM,Apex Coatings,58.3
2024-10-07,POL-3000,NAM,Midwest Plastics,5.3
2024-10-14,POL-3000,NAM,Midwest Plastics,4.0
2024-10-21,POL-3000,NAM,Midwest Plastics,4.9
2024-10-28,POL-3000,NAM,Midwest Plastics,5.3
2024-11-04,POL-3000,NAM,Midwest Plastics,5.7
2024-11-11,POL-3000,NAM,Midwest Plastics,6.6
2024-11-18,POL-3000,NAM,Midwest Plastics,8.4
2024-11-25,POL-3000,NAM,Midwest Plastics,7.1
2024-12-02,POL-3000,NAM,Midwest Plastics,7.5
2024-12-09,POL-3000,NAM,Midwest Plastics,8.6
2024-12-16,POL-3000,NAM,Midwest Plastics,7.2
2024-12-23,POL-3000,NAM,Midwest Plastics,6.4
2024-12-30,POL-3000,NAM,Midwest Plastics,8.0
2025-01-06,POL-3000,NAM,Midwest Plastics,8.4
2025-01-13,POL-3000,NAM,Midwest Plastics,7.8
2025-01-20,POL-3000,NAM,Midwest Plastics,4.9
2025-01-27,POL-3000,NAM,Midwest Plastics,5.8
2025-02-03,POL-3000,NAM,Midwest Plastics,6.6
2025-02-10,POL-3000,NAM,Midwest Plastics,8.3
2025-02-17,POL-3000,NAM,Midwest Plastics,7.0
2025-02-24,POL-3000,NAM,Midwest Plastics,8.9
2025-03-03,POL-3000,NAM,Midwest Plastics,9.3
2025-03-10,POL-3000,NAM,Midwest Plastics,9.0
2025-03-17,POL-3000,NAM,Midwest Plastics,8.9
2025-03-24,POL-3000,NAM,Midwest Plastics,5.3
2025-03-31,POL-3000,NAM,Midwest Plastics,7.5
2025-04-07,POL-3000,NAM,Midwest Plastics,5.8
2025-04-14,POL-3000,NAM,Midwest Plastics,4.5
2025-04-21,POL-3000,NAM,Midwest Plastics,5.9
2025-04-28,POL-3000,NAM,Midwest Plastics,8.4
2025-05-05,POL-3000,NAM,Midwest Plastics,6.8
2025-05-12,POL-3000,NAM,Midwest Plastics,9.4
2025-05-19,POL-3000,NAM,Midwest Plastics,6.2
2025-05-26,POL-3000,NAM,Midwest Plastics,10.3
2025-06-02,POL-3000,NAM,Midwest Plastics,6.1
2025-06-09,POL-3000,NAM,Midwest Plastics,5.7
2025-06-16,POL-3000,NAM,Midwest Plastics,4.2
2025-06-23,POL-3000,NAM,Midwest Plastics,7.0
2025-06-30,POL-3000,NAM,Midwest Plastics,4.9
2025-07-07,POL-3000,NAM,Midwest Plastics,4.6
2025-07-14,POL-3000,NAM,Midwest Plastics,6.9
2025-07-21,POL-3000,NAM,Midwest Plastics,6.6
2025-07-28,POL-3000,NAM,Midwest Plastics,6.6
2025-08-04,POL-3000,NAM,Midwest Plastics,4.7
2025-08-11,POL-3000,NAM,Midwest Plastics,5.1
2025-08-18,POL-3000,NAM,Midwest Plastics,5.1
2025-08-25,POL-3000,NAM,Midwest Plastics,6.1
2025-09-01,POL-3000,NAM,Midwest Plastics,7.4
2025-09-08,POL-3000,NAM,Midwest Plastics,5.7
2025-09-15,POL-3000,NAM,Midwest Plastics,8.4
2025-09-22,POL-3000,NAM,Midwest Plastics,6.7
2025-09-29,POL-3000,NAM,Midwest Plastics,5.4
2025-10-06,POL-3000,NAM,Midwest Plastics,7.0
2025-10-13,POL-3000,NAM,Midwest Plastics,8.6
2025-10-20,POL-3000,NAM,Midwest Plastics,9.5
2025-10-27,POL-3000,NAM,Midwest Plastics,8.0
2025-11-03,POL-3000,NAM,Midwest Plastics,6.3
2025-11-10,POL-3000,NAM,Midwest Plastics,6.1
2025-11-17,POL-3000,NAM,Midwest Plastics,7.3
2025-11-24,POL-3000,NAM,Midwest Plastics,9.5
2025-12-01,POL-3000,NAM,Midwest Plastics,7.5
2025-12-08,POL-3000,NAM,Midwest Plastics,7.6
2025-12-15,POL-3000,NAM,Midwest Plastics,7.2
2025-12-22,POL-3000,NAM,Midwest Plastics,6.6
2025-12-29,POL-3000,NAM,Midwest Plastics,6.9
2026-01-05,POL-3000,NAM,Midwest Plastics,7.5
2026-01-12,POL-3000,NAM,Midwest Plastics,10.8
2026-01-19,POL-3000,NAM,Midwest Plastics,7.1
2026-01-26,POL-3000,NAM,Midwest Plastics,7.7
2026-02-02,POL-3000,NAM,Midwest Plastics,6.3
2026-02-09,POL-3000,NAM,Midwest Plastics,8.9
2026-02-16,POL-3000,NAM,Midwest Plastics,10.4
2026-02-23,POL-3000,NAM,Midwest Plastics,11.0
2026-03-02,POL-3000,NAM,Midwest Plastics,7.8
2026-03-09,POL-3000,NAM,Midwest Plastics,8.3
2026-03-16,POL-3000,NAM,Midwest Plastics,6.9
2026-03-23,POL-3000,NAM,Midwest Plastics,8.0
2026-03-30,POL-3000,NAM,Midwest Plastics,7.6
2026-04-06,POL-3000,NAM,Midwest Plastics,7.1
2026-04-13,POL-3000,NAM,Midwest Plastics,7.1
2026-04-20,POL-3000,NAM,Midwest Plastics,7.5
2026-04-27,POL-3000,NAM,Midwest Plastics,6.3
2026-05-04,POL-3000,NAM,Midwest Plastics,6.2
2026-05-11,POL-3000,NAM,Midwest Plastics,9.4
2026-05-18,POL-3000,NAM,Midwest Plastics,11.4
2026-05-25,POL-3000,NAM,Midwest Plastics,4.7
2026-06-01,POL-3000,NAM,Midwest Plastics,4.5
2026-06-08,POL-3000,NAM,Midwest Plastics,4.6
2026-06-15,POL-3000,NAM,Midwest Plastics,5.5
2026-06-22,POL-3000,NAM,Midwest Plastics,6.7
2026-06-29,POL-3000,NAM,Midwest Plastics,6.2
2026-07-06,POL-3000,NAM,Midwest Plastics,5.6
2026-07-13,POL-3000,NAM,Midwest Plastics,6.0
2026-07-20,POL-3000,NAM,Midwest Plastics,4.6
2026-07-27,POL-3000,NAM,Midwest Plastics,5.0
2026-08-03,POL-3000,NAM,Midwest Plastics,5.2
2026-08-10,POL-3000,NAM,Midwest Plastics,3.7
2026-08-17,POL-3000,NAM,Midwest Plastics,3.9
2026-08-24,POL-3000,NAM,Midwest Plastics,3.9
2026-08-31,POL-3000,NAM,Midwest Plastics,5.8
2026-09-07,POL-3000,NAM,Midwest Plastics,5.2
2026-09-14,POL-3000,NAM,Midwest Plastics,5.7
2026-09-21,POL-3000,NAM,Midwest Plastics,3.4
2026-09-28,POL-3000,NAM,Midwest Plastics,3.7
2024-10-07,POL-3000,NAM,Gulf Packaging,54.5
2024-10-14,POL-3000,NAM,Gulf Packaging,26.1
2024-10-21,POL-3000,NAM,Gulf Packaging,64.4
2024-10-28,POL-3000,NAM,Gulf Packaging,33.7
2024-11-04,POL-3000,NAM,Gulf Packaging,61.0
2024-11-11,POL-3000,NAM,Gulf Packaging,43.1
2024-11-18,POL-3000,NAM,Gulf Packaging,68.1
2024-11-25,POL-3000,NAM,Gulf Packaging,109.1
2024-12-02,POL-3000,NAM,Gulf Packaging,32.7
2024-12-09,POL-3000,NAM,Gulf Packaging,64.3
2024-12-16,POL-3000,NAM,Gulf Packaging,37.5
2024-12-23,POL-3000,NAM,Gulf Packaging,62.4
2024-12-30,POL-3000,NAM,Gulf Packaging,54.2
2025-01-06,POL-3000,NAM,Gulf Packaging,60.1
2025-01-13,POL-3000,NAM,Gulf Packaging,48.8
2025-01-20,POL-3000,NAM,Gulf Packaging,71.4
2025-01-27,POL-3000,NAM,Gulf Packaging,44.7
2025-02-03,POL-3000,NAM,Gulf Packaging,82.0
2025-02-10,POL-3000,NAM,Gulf Packaging,56.3
2025-02-17,POL-3000,NAM,Gulf Packaging,45.4
2025-02-24,POL-3000,NAM,Gulf Packaging,86.8
2025-03-03,POL-3000,NAM,Gulf Packaging,60.6
2025-03-10,POL-3000,NAM,Gulf Packaging,92.9
2025-03-17,POL-3000,NAM,Gulf Packaging,78.8
2025-03-24,POL-3000,NAM,Gulf Packaging,49.7
2025-03-31,POL-3000,NAM,Gulf Packaging,58.3
2025-04-07,POL-3000,NAM,Gulf Packaging,60.1
2025-04-14,POL-3000,NAM,Gulf Packaging,79.8
2025-04-21,POL-3000,NAM,Gulf Packaging,61.4
2025-04-28,POL-3000,NAM,Gulf Packaging,57.5
2025-05-05,POL-3000,NAM,Gulf Packaging,52.1
2025-05-12,POL-3000,NAM,Gulf Packaging,53.0
2025-05-19,POL-3000,NAM,Gulf Packaging,70.3
2025-05-26,POL-3000,NAM,Gulf Packaging,53.2
2025-06-02,POL-3000,NAM,Gulf Packaging,47.5
2025-06-09,POL-3000,NAM,Gulf Packaging,44.6
2025-06-16,POL-3000,NAM,Gulf Packaging,43.2
2025-06-23,POL-3000,NAM,Gulf Packaging,35.5
2025-06-30,POL-3000,NAM,Gulf Packaging,40.8
2025-07-07,POL-3000,NAM,Gulf Packaging,66.0
2025-07-14,POL-3000,NAM,Gulf Packaging,44.3
2025-07-21,POL-3000,NAM,Gulf Packaging,52.8
2025-07-28,POL-3000,NAM,Gulf Packaging,26.3
2025-08-04,POL-3000,NAM,Gulf Packaging,51.6
2025-08-11,POL-3000,NAM,Gulf Packaging,44.3
2025-08-18,POL-3000,NAM,Gulf Packaging,40.9
2025-08-25,POL-3000,NAM,Gulf Packaging,47.6
2025-09-01,POL-3000,NAM,Gulf Packaging,41.5
2025-09-08,POL-3000,NAM,Gulf Packaging,29.3
2025-09-15,POL-3000,NAM,Gulf Packaging,59.0
2025-09-22,POL-3000,NAM,Gulf Packaging,51.6
2025-09-29,POL-3000,NAM,Gulf Packaging,46.9
2025-10-06,POL-3000,NAM,Gulf Packaging,41.6
2025-10-13,POL-3000,NAM,Gulf Packaging,38.0
2025-10-20,POL-3000,NAM,Gulf Packaging,57.0
2025-10-27,POL-3000,NAM,Gulf Packaging,77.6
2025-11-03,POL-3000,NAM,Gulf Packaging,57.9
2025-11-10,POL-3000,NAM,Gulf Packaging,41.6
2025-11-17,POL-3000,NAM,Gulf Packaging,60.0
2025-11-24,POL-3000,NAM,Gulf Packaging,57.4
2025-12-01,POL-3000,NAM,Gulf Packaging,73.1
2025-12-08,POL-3000,NAM,Gulf Packaging,69.7
2025-12-15,POL-3000,NAM,Gulf Packaging,32.7
2025-12-22,POL-3000,NAM,Gulf Packaging,70.5
2025-12-29,POL-3000,NAM,Gulf Packaging,50.6
2026-01-05,POL-3000,NAM,Gulf Packaging,47.0
2026-01-12,POL-3000,NAM,Gulf Packaging,62.6
2026-01-19,POL-3000,NAM,Gulf Packaging,72.8
2026-01-26,POL-3000,NAM,Gulf Packaging,47.1
2026-02-02,POL-3000,NAM,Gulf Packaging,78.8
2026-02-09,POL-3000,NAM,Gulf Packaging,79.6
2026-02-16,POL-3000,NAM,Gulf Packaging,69.0
2026-02-23,POL-3000,NAM,Gulf Packaging,56.0
2026-03-02,POL-3000,NAM,Gulf Packaging,53.4
2026-03-09,POL-3000,NAM,Gulf Packaging,81.2
2026-03-16,POL-3000,NAM,Gulf Packaging,45.6
2026-03-23,POL-3000,NAM,Gulf Packaging,79.9
2026-03-30,POL-3000,NAM,Gulf Packaging,60.2
2026-04-06,POL-3000,NAM,Gulf Packaging,60.9
2026-04-13,POL-3000,NAM,Gulf Packaging,41.8
2026-04-20,POL-3000,NAM,Gulf Packaging,58.2
2026-04-27,POL-3000,NAM,Gulf Packaging,67.8
2026-05-04,POL-3000,NAM,Gulf Packaging,43.3
2026-05-11,POL-3000,NAM,Gulf Packaging,63.8
2026-05-18,POL-3000,NAM,Gulf Packaging,56.5
2026-05-25,POL-3000,NAM,Gulf Packaging,46.8
2026-06-01,POL-3000,NAM,Gulf Packaging,63.4
2026-06-08,POL-3000,NAM,Gulf Packaging,31.2
2026-06-15,POL-3000,NAM,Gulf Packaging,53.9
2026-06-22,POL-3000,NAM,Gulf Packaging,69.6
2026-06-29,POL-3000,NAM,Gulf Packaging,65.8
2026-07-06,POL-3000,NAM,Gulf Packaging,51.7
2026-07-13,POL-3000,NAM,Gulf Packaging,44.0
2026-07-20,POL-3000,NAM,Gulf Packaging,40.9
2026-07-27,POL-3000,NAM,Gulf Packaging,43.6
2026-08-03,POL-3000,NAM,Gulf Packaging,52.1
2026-08-10,POL-3000,NAM,Gulf Packaging,38.4
2026-08-17,POL-3000,NAM,Gulf Packaging,53.2
2026-08-24,POL-3000,NAM,Gulf Packaging,70.9
2026-08-31,POL-3000,NAM,Gulf Packaging,43.1
2026-09-07,POL-3000,NAM,Gulf Packaging,32.4
2026-09-14,POL-3000,NAM,Gulf Packaging,33.0
2026-09-21,POL-3000,NAM,Gulf Packaging,52.8
2026-09-28,POL-3000,NAM,Gulf Packaging,44.5
2024-10-07,POL-3000,EU,Rhein Composites,78.2
2024-10-14,POL-3000,EU,Rhein Composites,50.4
2024-10-21,POL-3000,EU,Rhein Composites,60.6
2024-10-28,POL-3000,EU,Rhein Composites,47.7
2024-11-04,POL-3000,EU,Rhein Composites,43.6
2024-11-11,POL-3000,EU,Rhein Composites,52.5
2024-11-18,POL-3000,EU,Rhein Composites,71.7
2024-11-25,POL-3000,EU,Rhein Composites,51.9
2024-12-02,POL-3000,EU,Rhein Composites,47.9
2024-12-09,POL-3000,EU,Rhein Composites,61.4
2024-12-16,POL-3000,EU,Rhein Composites,67.7
2024-12-23,POL-3000,EU,Rhein Composites,87.6
2024-12-30,POL-3000,EU,Rhein Composites,65.5
2025-01-06,POL-3000,EU,Rhein Composites,70.7
2025-01-13,POL-3000,EU,Rhein Composites,72.2
2025-01-20,POL-3000,EU,Rhein Composites,48.2
2025-01-27,POL-3000,EU,Rhein Composites,50.6
2025-02-03,POL-3000,EU,Rhein Composites,50.7
2025-02-10,POL-3000,EU,Rhein Composites,47.8
2025-02-17,POL-3000,EU,Rhein Composites,75.1
2025-02-24,POL-3000,EU,Rhein Composites,67.4
2025-03-03,POL-3000,EU,Rhein Composites,64.0
2025-03-10,POL-3000,EU,Rhein Composites,36.0
2025-03-17,POL-3000,EU,Rhein Composites,100.5
2025-03-24,POL-3000,EU,Rhein Composites,52.2
2025-03-31,POL-3000,EU,Rhein Composites,100.3
2025-04-07,POL-3000,EU,Rhein Composites,44.9
2025-04-14,POL-3000,EU,Rhein Composites,50.5
2025-04-21,POL-3000,EU,Rhein Composites,36.0
2025-04-28,POL-3000,EU,Rhein Composites,61.7
2025-05-05,POL-3000,EU,Rhein Composites,43.0
2025-05-12,POL-3000,EU,Rhein Composites,42.7
2025-05-19,POL-3000,EU,Rhein Composites,38.9
2025-05-26,POL-3000,EU,Rhein Composites,59.9
2025-06-02,POL-3000,EU,Rhein Composites,56.8
2025-06-09,POL-3000,EU,Rhein Composites,71.2
2025-06-16,POL-3000,EU,Rhein Composites,40.7
2025-06-23,POL-3000,EU,Rhein Composites,50.1
2025-06-30,POL-3000,EU,Rhein Composites,36.7
2025-07-07,POL-3000,EU,Rhein Composites,44.8
2025-07-14,POL-3000,EU,Rhein Composites,42.0
2025-07-21,POL-3000,EU,Rhein Composites,50.1
2025-07-28,POL-3000,EU,Rhein Composites,56.1
2025-08-04,POL-3000,EU,Rhein Composites,54.9
2025-08-11,POL-3000,EU,Rhein Composites,36.4
2025-08-18,POL-3000,EU,Rhein Composites,54.1
2025-08-25,POL-3000,EU,Rhein Composites,43.2
2025-09-01,POL-3000,EU,Rhein Composites,41.5
2025-09-08,POL-3000,EU,Rhein Composites,38.5
2025-09-15,POL-3000,EU,Rhein Composites,40.3
2025-09-22,POL-3000,EU,Rhein Composites,66.8
2025-09-29,POL-3000,EU,Rhein Composites,48.3
2025-10-06,POL-3000,EU,Rhein Composites,47.6
2025-10-13,POL-3000,EU,Rhein Composites,44.1
2025-10-20,POL-3000,EU,Rhein Composites,83.8
2025-10-27,POL-3000,EU,Rhein Composites,66.6
2025-11-03,POL-3000,EU,Rhein Composites,44.3
2025-11-10,POL-3000,EU,Rhein Composites,49.4
2025-11-17,POL-3000,EU,Rhein Composites,50.4
2025-11-24,POL-3000,EU,Rhein Composites,54.8
2025-12-01,POL-3000,EU,Rhein Composites,45.9
2025-12-08,POL-3000,EU,Rhein Composites,62.0
2025-12-15,POL-3000,EU,Rhein Composites,78.0
2025-12-22,POL-3000,EU,Rhein Composites,43.6
2025-12-29,POL-3000,EU,Rhein Composites,45.5
2026-01-05,POL-3000,EU,Rhein Composites,53.7
2026-01-12,POL-3000,EU,Rhein Composites,55.3
2026-01-19,POL-3000,EU,Rhein Composites,94.8
2026-01-26,POL-3000,EU,Rhein Composites,76.5
2026-02-02,POL-3000,EU,Rhein Composites,75.1
2026-02-09,POL-3000,EU,Rhein Composites,57.9
2026-02-16,POL-3000,EU,Rhein Composites,57.3
2026-02-23,POL-3000,EU,Rhein Composites,43.5
2026-03-02,POL-3000,EU,Rhein Composites,69.3
2026-03-09,POL-3000,EU,Rhein Composites,64.8
2026-03-16,POL-3000,EU,Rhein Composites,78.1
2026-03-23,POL-3000,EU,Rhein Composites,55.6
2026-03-30,POL-3000,EU,Rhein Composites,55.6
2026-04-06,POL-3000,EU,Rhein Composites,59.0
2026-04-13,POL-3000,EU,Rhein Composites,69.4
2026-04-20,POL-3000,EU,Rhein Composites,40.5
2026-04-27,POL-3000,EU,Rhein Composites,64.2
2026-05-04,POL-3000,EU,Rhein Composites,54.1
2026-05-11,POL-3000,EU,Rhein Composites,42.3
2026-05-18,POL-3000,EU,Rhein Composites,33.9
2026-05-25,POL-3000,EU,Rhein Composites,50.8
2026-06-01,POL-3000,EU,Rhein Composites,69.4
2026-06-08,POL-3000,EU,Rhein Composites,70.0
2026-06-15,POL-3000,EU,Rhein Composites,52.6
2026-06-22,POL-3000,EU,Rhein Composites,74.8
2026-06-29,POL-3000,EU,Rhein Composites,47.3
2026-07-06,POL-3000,EU,Rhein Composites,57.6
2026-07-13,POL-3000,EU,Rhein Composites,42.5
2026-07-20,POL-3000,EU,Rhein Composites,40.9
2026-07-27,POL-3000,EU,Rhein Composites,38.5
2026-08-03,POL-3000,EU,Rhein Composites,28.5
2026-08-10,POL-3000,EU,Rhein Composites,59.2
2026-08-17,POL-3000,EU,Rhein Composites,38.2
2026-08-24,POL-3000,EU,Rhein Composites,36.3
2026-08-31,POL-3000,EU,Rhein Composites,33.1
2026-09-07,POL-3000,EU,Rhein Composites,41.6
2026-09-14,POL-3000,EU,Rhein Composites,63.7
2026-09-21,POL-3000,EU,Rhein Composites,69.1
2026-09-28,POL-3000,EU,Rhein Composites,29.2
2024-10-07,POL-3000,EU,Nordic Paints,41.2
2024-10-14,POL-3000,EU,Nordic Paints,36.2
2024-10-21,POL-3000,EU,Nordic Paints,57.7
2024-10-28,POL-3000,EU,Nordic Paints,50.5
2024-11-04,POL-3000,EU,Nordic Paints,42.2
2024-11-11,POL-3000,EU,Nordic Paints,49.6
2024-11-18,POL-3000,EU,Nordic Paints,44.7
2024-11-25,POL-3000,EU,Nordic Paints,73.4
2024-12-02,POL-3000,EU,Nordic Paints,57.7
2024-12-09,POL-3000,EU,Nordic Paints,60.7
2024-12-16,POL-3000,EU,Nordic Paints,29.8
2024-12-23,POL-3000,EU,Nordic Paints,53.1
2024-12-30,POL-3000,EU,Nordic Paints,84.7
2025-01-06,POL-3000,EU,Nordic Paints,72.5
2025-01-13,POL-3000,EU,Nordic Paints,36.3
2025-01-20,POL-3000,EU,Nordic Paints,51.2
2025-01-27,POL-3000,EU,Nordic Paints,42.4
2025-02-03,POL-3000,EU,Nordic Paints,82.7
2025-02-10,POL-3000,EU,Nordic Paints,59.7
2025-02-17,POL-3000,EU,Nordic Paints,47.0
2025-02-24,POL-3000,EU,Nordic Paints,56.2
2025-03-03,POL-3000,EU,Nordic Paints,31.3
2025-03-10,POL-3000,EU,Nordic Paints,44.3
2025-03-17,POL-3000,EU,Nordic Paints,56.9
2025-03-24,POL-3000,EU,Nordic Paints,67.6
2025-03-31,POL-3000,EU,Nordic Paints,36.8
2025-04-07,POL-3000,EU,Nordic Paints,50.1
2025-04-14,POL-3000,EU,Nordic Paints,66.6
2025-04-21,POL-3000,EU,Nordic Paints,37.5
2025-04-28,POL-3000,EU,Nordic Paints,52.9
2025-05-05,POL-3000,EU,Nordic Paints,49.0
2025-05-12,POL-3000,EU,Nordic Paints,69.7
2025-05-19,POL-3000,EU,Nordic Paints,44.2
2025-05-26,POL-3000,EU,Nordic Paints,42.9
2025-06-02,POL-3000,EU,Nordic Paints,51.8
2025-06-09,POL-3000,EU,Nordic Paints,31.5
2025-06-16,POL-3000,EU,Nordic Paints,39.8
2025-06-23,POL-3000,EU,Nordic Paints,38.2
2025-06-30,POL-3000,EU,Nordic Paints,41.8
2025-07-07,POL-3000,EU,Nordic Paints,51.3
2025-07-14,POL-3000,EU,Nordic Paints,47.0
2025-07-21,POL-3000,EU,Nordic Paints,33.9
2025-07-28,POL-3000,EU,Nordic Paints,40.8
2025-08-04,POL-3000,EU,Nordic Paints,54.1
2025-08-11,POL-3000,EU,Nordic Paints,32.2
2025-08-18,POL-3000,EU,Nordic Paints,39.6
2025-08-25,POL-3000,EU,Nordic Paints,36.9
2025-09-01,POL-3000,EU,Nordic Paints,38.8
2025-09-08,POL-3000,EU,Nordic Paints,27.7
2025-09-15,POL-3000,EU,Nordic Paints,54.9
2025-09-22,POL-3000,EU,Nordic Paints,33.9
2025-09-29,POL-3000,EU,Nordic Paints,50.0
2025-10-06,POL-3000,EU,Nordic Paints,35.2
2025-10-13,POL-3000,EU,Nordic Paints,35.9
2025-10-20,POL-3000,EU,Nordic Paints,56.4
2025-10-27,POL-3000,EU,Nordic Paints,54.9
2025-11-03,POL-3000,EU,Nordic Paints,48.0
2025-11-10,POL-3000,EU,Nordic Paints,54.8
2025-11-17,POL-3000,EU,Nordic Paints,43.8
2025-11-24,POL-3000,EU,Nordic Paints,46.8
2025-12-01,POL-3000,EU,Nordic Paints,40.9
2025-12-08,POL-3000,EU,Nordic Paints,60.6
2025-12-15,POL-3000,EU,Nordic Paints,43.0
2025-12-22,POL-3000,EU,Nordic Paints,71.2
2025-12-29,POL-3000,EU,Nordic Paints,48.1
2026-01-05,POL-3000,EU,Nordic Paints,52.9
2026-01-12,POL-3000,EU,Nordic Paints,63.5
2026-01-19,POL-3000,EU,Nordic Paints,54.2
2026-01-26,POL-3000,EU,Nordic Paints,50.8
2026-02-02,POL-3000,EU,Nordic Paints,53.5
2026-02-09,POL-3000,EU,Nordic Paints,66.0
2026-02-16,POL-3000,EU,Nordic Paints,46.6
2026-02-23,POL-3000,EU,Nordic Paints,51.4
2026-03-02,POL-3000,EU,Nordic Paints,51.6
2026-03-09,POL-3000,EU,Nordic Paints,62.1
2026-03-16,POL-3000,EU,Nordic Paints,50.8
2026-03-23,POL-3000,EU,Nordic Paints,76.5
2026-03-30,POL-3000,EU,Nordic Paints,49.0
2026-04-06,POL-3000,EU,Nordic Paints,47.6
2026-04-13,POL-3000,EU,Nordic Paints,48.5
2026-04-20,POL-3000,EU,Nordic Paints,37.0
2026-04-27,POL-3000,EU,Nordic Paints,38.4
2026-05-04,POL-3000,EU,Nordic Paints,42.7
2026-05-11,POL-3000,EU,Nordic Paints,60.6
2026-05-18,POL-3000,EU,Nordic Paints,46.9
2026-05-25,POL-3000,EU,Nordic Paints,41.6
2026-06-01,POL-3000,EU,Nordic Paints,58.4
2026-06-08,POL-3000,EU,Nordic Paints,60.1
2026-06-15,POL-3000,EU,Nordic Paints,56.6
2026-06-22,POL-3000,EU,Nordic Paints,35.6
2026-06-29,POL-3000,EU,Nordic Paints,37.8
2026-07-06,POL-3000,EU,Nordic Paints,61.5
2026-07-13,POL-3000,EU,Nordic Paints,43.7
2026-07-20,POL-3000,EU,Nordic Paints,38.1
2026-07-27,POL-3000,EU,Nordic Paints,46.2
2026-08-03,POL-3000,EU,Nordic Paints,49.5
2026-08-10,POL-3000,EU,Nordic Paints,34.7
2026-08-17,POL-3000,EU,Nordic Paints,40.7
2026-08-24,POL-3000,EU,Nordic Paints,46.8
2026-08-31,POL-3000,EU,Nordic Paints,29.3
2026-09-07,POL-3000,EU,Nordic Paints,38.5
2026-09-14,POL-3000,EU,Nordic Paints,29.8
2026-09-21,POL-3000,EU,Nordic Paints,31.0
2026-09-28,POL-3000,EU,Nordic Paints,32.8
2024-10-07,POL-3000,EU,Iberia Polymers,24.6
2024-10-14,POL-3000,EU,Iberia Polymers,21.0
2024-10-21,POL-3000,EU,Iberia Polymers,20.0
2024-10-28,POL-3000,EU,Iberia Polymers,23.8
2024-11-04,POL-3000,EU,Iberia Polymers,18.7
2024-11-11,POL-3000,EU,Iberia Polymers,26.7
2024-11-18,POL-3000,EU,Iberia Polymers,31.6
2024-11-25,POL-3000,EU,Iberia Polymers,25.1
2024-12-02,POL-3000,EU,Iberia Polymers,24.3
2024-12-09,POL-3000,EU,Iberia Polymers,28.3
2024-12-16,POL-3000,EU,Iberia Polymers,17.0
2024-12-23,POL-3000,EU,Iberia Polymers,30.1
2024-12-30,POL-3000,EU,Iberia Polymers,52.6
2025-01-06,POL-3000,EU,Iberia Polymers,26.2
2025-01-13,POL-3000,EU,Iberia Polymers,26.4
2025-01-20,POL-3000,EU,Iberia Polymers,32.1
2025-01-27,POL-3000,EU,Iberia Polymers,39.4
2025-02-03,POL-3000,EU,Iberia Polymers,35.0
2025-02-10,POL-3000,EU,Iberia Polymers,17.5
2025-02-17,POL-3000,EU,Iberia Polymers,31.3
2025-02-24,POL-3000,EU,Iberia Polymers,48.8
2025-03-03,POL-3000,EU,Iberia Polymers,31.6
2025-03-10,POL-3000,EU,Iberia Polymers,21.7
2025-03-17,POL-3000,EU,Iberia Polymers,29.9
2025-03-24,POL-3000,EU,Iberia Polymers,21.0
2025-03-31,POL-3000,EU,Iberia Polymers,36.8
2025-04-07,POL-3000,EU,Iberia Polymers,21.9
2025-04-14,POL-3000,EU,Iberia Polymers,26.9
2025-04-21,POL-3000,EU,Iberia Polymers,21.2
2025-04-28,POL-3000,EU,Iberia Polymers,22.2
2025-05-05,POL-3000,EU,Iberia Polymers,33.3
2025-05-12,POL-3000,EU,Iberia Polymers,24.3
2025-05-19,POL-3000,EU,Iberia Polymers,20.4
2025-05-26,POL-3000,EU,Iberia Polymers,17.2
2025-06-02,POL-3000,EU,Iberia Polymers,14.1
2025-06-09,POL-3000,EU,Iberia Polymers,15.9
2025-06-16,POL-3000,EU,Iberia Polymers,21.3
2025-06-23,POL-3000,EU,Iberia Polymers,26.0
2025-06-30,POL-3000,EU,Iberia Polymers,18.9
2025-07-07,POL-3000,EU,Iberia Polymers,29.9
2025-07-14,POL-3000,EU,Iberia Polymers,17.6
2025-07-21,POL-3000,EU,Iberia Polymers,18.8
2025-07-28,POL-3000,EU,Iberia Polymers,15.5
2025-08-04,POL-3000,EU,Iberia Polymers,24.1
2025-08-11,POL-3000,EU,Iberia Polymers,30.5
2025-08-18,POL-3000,EU,Iberia Polymers,12.9
2025-08-25,POL-3000,EU,Iberia Polymers,17.7
2025-09-01,POL-3000,EU,Iberia Polymers,25.8
2025-09-08,POL-3000,EU,Iberia Polymers,14.4
2025-09-15,POL-3000,EU,Iberia Polymers,22.6
2025-09-22,POL-3000,EU,Iberia Polymers,26.1
2025-09-29,POL-3000,EU,Iberia Polymers,20.2
2025-10-06,POL-3000,EU,Iberia Polymers,22.7
2025-10-13,POL-3000,EU,Iberia Polymers,30.2
2025-10-20,POL-3000,EU,Iberia Polymers,33.0
2025-10-27,POL-3000,EU,Iberia Polymers,21.6
2025-11-03,POL-3000,EU,Iberia Polymers,20.2
2025-11-10,POL-3000,EU,Iberia Polymers,18.8
2025-11-17,POL-3000,EU,Iberia Polymers,28.7
2025-11-24,POL-3000,EU,Iberia Polymers,17.2
2025-12-01,POL-3000,EU,Iberia Polymers,22.2
2025-12-08,POL-3000,EU,Iberia Polymers,25.3
2025-12-15,POL-3000,EU,Iberia Polymers,22.3
2025-12-22,POL-3000,EU,Iberia Polymers,27.1
2025-12-29,POL-3000,EU,Iberia Polymers,45.0
2026-01-05,POL-3000,EU,Iberia Polymers,25.5
2026-01-12,POL-3000,EU,Iberia Polymers,24.3
2026-01-19,POL-3000,EU,Iberia Polymers,33.5
2026-01-26,POL-3000,EU,Iberia Polymers,28.4
2026-02-02,POL-3000,EU,Iberia Polymers,36.7
2026-02-09,POL-3000,EU,Iberia Polymers,27.9
2026-02-16,POL-3000,EU,Iberia Polymers,25.3
2026-02-23,POL-3000,EU,Iberia Polymers,17.7
2026-03-02,POL-3000,EU,Iberia Polymers,17.9
2026-03-09,POL-3000,EU,Iberia Polymers,17.0
2026-03-16,POL-3000,EU,Iberia Polymers,28.1
2026-03-23,POL-3000,EU,Iberia Polymers,18.9
2026-03-30,POL-3000,EU,Iberia Polymers,33.2
2026-04-06,POL-3000,EU,Iberia Polymers,25.1
2026-04-13,POL-3000,EU,Iberia Polymers,23.7
2026-04-20,POL-3000,EU,Iberia Polymers,20.4
2026-04-27,POL-3000,EU,Iberia Polymers,27.5
2026-05-04,POL-3000,EU,Iberia Polymers,20.0
2026-05-11,POL-3000,EU,Iberia Polymers,18.9
2026-05-18,POL-3000,EU,Iberia Polymers,30.5
2026-05-25,POL-3000,EU,Iberia Polymers,24.8
2026-06-01,POL-3000,EU,Iberia Polymers,21.0
2026-06-08,POL-3000,EU,Iberia Polymers,24.5
2026-06-15,POL-3000,EU,Iberia Polymers,21.4
2026-06-22,POL-3000,EU,Iberia Polymers,23.2
2026-06-29,POL-3000,EU,Iberia Polymers,17.5
2026-07-06,POL-3000,EU,Iberia Polymers,32.3
2026-07-13,POL-3000,EU,Iberia Polymers,18.1
2026-07-20,POL-3000,EU,Iberia Polymers,28.3
2026-07-27,POL-3000,EU,Iberia Polymers,18.8
2026-08-03,POL-3000,EU,Iberia Polymers,23.5
2026-08-10,POL-3000,EU,Iberia Polymers,23.0
2026-08-17,POL-3000,EU,Iberia Polymers,24.8
2026-08-24,POL-3000,EU,Iberia Polymers,15.8
2026-08-31,POL-3000,EU,Iberia Polymers,23.8
2026-09-07,POL-3000,EU,Iberia Polymers,28.7
2026-09-14,POL-3000,EU,Iberia Polymers,17.9
2026-09-21,POL-3000,EU,Iberia Polymers,19.3
2026-09-28,POL-3000,EU,Iberia Polymers,16.4
2024-10-07,POL-3000,APAC,Pacific Coatings,114.3
2024-10-14,POL-3000,APAC,Pacific Coatings,127.7
2024-10-21,POL-3000,APAC,Pacific Coatings,105.4
2024-10-28,POL-3000,APAC,Pacific Coatings,123.4
2024-11-04,POL-3000,APAC,Pacific Coatings,78.9
2024-11-11,POL-3000,APAC,Pacific Coatings,134.6
2024-11-18,POL-3000,APAC,Pacific Coatings,119.2
2024-11-25,POL-3000,APAC,Pacific Coatings,107.2
2024-12-02,POL-3000,APAC,Pacific Coatings,97.0
2024-12-09,POL-3000,APAC,Pacific Coatings,84.5
2024-12-16,POL-3000,APAC,Pacific Coatings,120.1
2024-12-23,POL-3000,APAC,Pacific Coatings,77.9
2024-12-30,POL-3000,APAC,Pacific Coatings,113.0
2025-01-06,POL-3000,APAC,Pacific Coatings,156.0
2025-01-13,POL-3000,APAC,Pacific Coatings,133.9
2025-01-20,POL-3000,APAC,Pacific Coatings,68.6
2025-01-27,POL-3000,APAC,Pacific Coatings,84.5
2025-02-03,POL-3000,APAC,Pacific Coatings,103.8
2025-02-10,POL-3000,APAC,Pacific Coatings,91.6
2025-02-17,POL-3000,APAC,Pacific Coatings,68.4
2025-02-24,POL-3000,APAC,Pacific Coatings,102.2
2025-03-03,POL-3000,APAC,Pacific Coatings,97.6
2025-03-10,POL-3000,APAC,Pacific Coatings,154.1
2025-03-17,POL-3000,APAC,Pacific Coatings,96.0
2025-03-24,POL-3000,APAC,Pacific Coatings,132.6
2025-03-31,POL-3000,APAC,Pacific Coatings,77.5
2025-04-07,POL-3000,APAC,Pacific Coatings,82.4
2025-04-14,POL-3000,APAC,Pacific Coatings,124.2
2025-04-21,POL-3000,APAC,Pacific Coatings,140.0
2025-04-28,POL-3000,APAC,Pacific Coatings,90.0
2025-05-05,POL-3000,APAC,Pacific Coatings,113.6
2025-05-12,POL-3000,APAC,Pacific Coatings,82.8
2025-05-19,POL-3000,APAC,Pacific Coatings,109.6
2025-05-26,POL-3000,APAC,Pacific Coatings,137.9
2025-06-02,POL-3000,APAC,Pacific Coatings,105.8
2025-06-09,POL-3000,APAC,Pacific Coatings,110.6
2025-06-16,POL-3000,APAC,Pacific Coatings,92.7
2025-06-23,POL-3000,APAC,Pacific Coatings,102.0
2025-06-30,POL-3000,APAC,Pacific Coatings,171.9
2025-07-07,POL-3000,APAC,Pacific Coatings,124.0
2025-07-14,POL-3000,APAC,Pacific Coatings,96.8
2025-07-21,POL-3000,APAC,Pacific Coatings,111.6
2025-07-28,POL-3000,APAC,Pacific Coatings,87.0
2025-08-04,POL-3000,APAC,Pacific Coatings,104.0
2025-08-11,POL-3000,APAC,Pacific Coatings,172.0
2025-08-18,POL-3000,APAC,Pacific Coatings,122.9
2025-08-25,POL-3000,APAC,Pacific Coatings,192.6
2025-09-01,POL-3000,APAC,Pacific Coatings,127.0
2025-09-08,POL-3000,APAC,Pacific Coatings,125.8
2025-09-15,POL-3000,APAC,Pacific Coatings,144.6
2025-09-22,POL-3000,APAC,Pacific Coatings,69.7
2025-09-29,POL-3000,APAC,Pacific Coatings,130.1
2025-10-06,POL-3000,APAC,Pacific Coatings,120.6
2025-10-13,POL-3000,APAC,Pacific Coatings,166.2
2025-10-20,POL-3000,APAC,Pacific Coatings,142.6
2025-10-27,POL-3000,APAC,Pacific Coatings,87.7
2025-11-03,POL-3000,APAC,Pacific Coatings,144.1
2025-11-10,POL-3000,APAC,Pacific Coatings,101.8
2025-11-17,POL-3000,APAC,Pacific Coatings,85.6
2025-11-24,POL-3000,APAC,Pacific Coatings,107.8
2025-12-01,POL-3000,APAC,Pacific Coatings,98.0
2025-12-08,POL-3000,APAC,Pacific Coatings,140.7
2025-12-15,POL-3000,APAC,Pacific Coatings,106.4
2025-12-22,POL-3000,APAC,Pacific Coatings,101.3
2025-12-29,POL-3000,APAC,Pacific Coatings,115.9
2026-01-05,POL-3000,APAC,Pacific Coatings,117.8
2026-01-12,POL-3000,APAC,Pacific Coatings,109.1
2026-01-19,POL-3000,APAC,Pacific Coatings,124.1
2026-01-26,POL-3000,APAC,Pacific Coatings,106.1
2026-02-02,POL-3000,APAC,Pacific Coatings,97.6
2026-02-09,POL-3000,APAC,Pacific Coatings,123.9
2026-02-16,POL-3000,APAC,Pacific Coatings,91.6
2026-02-23,POL-3000,APAC,Pacific Coatings,93.2
2026-03-02,POL-3000,APAC,Pacific Coatings,138.1
2026-03-09,POL-3000,APAC,Pacific Coatings,137.1
2026-03-16,POL-3000,APAC,Pacific Coatings,97.5
2026-03-23,POL-3000,APAC,Pacific Coatings,87.6
2026-03-30,POL-3000,APAC,Pacific Coatings,137.8
2026-04-06,POL-3000,APAC,Pacific Coatings,122.0
2026-04-13,POL-3000,APAC,Pacific Coatings,110.2
2026-04-20,POL-3000,APAC,Pacific Coatings,97.4
2026-04-27,POL-3000,APAC,Pacific Coatings,114.9
2026-05-04,POL-3000,APAC,Pacific Coatings,109.2
2026-05-11,POL-3000,APAC,Pacific Coatings,96.4
2026-05-18,POL-3000,APAC,Pacific Coatings,117.3
2026-05-25,POL-3000,APAC,Pacific Coatings,122.8
2026-06-01,POL-3000,APAC,Pacific Coatings,108.8
2026-06-08,POL-3000,APAC,Pacific Coatings,149.8
2026-06-15,POL-3000,APAC,Pacific Coatings,160.2
2026-06-22,POL-3000,APAC,Pacific Coatings,151.7
2026-06-29,POL-3000,APAC,Pacific Coatings,116.9
2026-07-06,POL-3000,APAC,Pacific Coatings,149.3
2026-07-13,POL-3000,APAC,Pacific Coatings,129.2
2026-07-20,POL-3000,APAC,Pacific Coatings,95.1
2026-07-27,POL-3000,APAC,Pacific Coatings,146.3
2026-08-03,POL-3000,APAC,Pacific Coatings,134.2
2026-08-10,POL-3000,APAC,Pacific Coatings,224.4
2026-08-17,POL-3000,APAC,Pacific Coatings,181.9
2026-08-24,POL-3000,APAC,Pacific Coatings,156.9
2026-08-31,POL-3000,APAC,Pacific Coatings,144.5
2026-09-07,POL-3000,APAC,Pacific Coatings,142.1
2026-09-14,POL-3000,APAC,Pacific Coatings,110.9
2026-09-21,POL-3000,APAC,Pacific Coatings,96.7
2026-09-28,POL-3000,APAC,Pacific Coatings,119.0
2024-10-07,POL-3000,APAC,Shenzhen Electronic Materials,21.9
2024-10-14,POL-3000,APAC,Shenzhen Electronic Materials,13.7
2024-10-21,POL-3000,APAC,Shenzhen Electronic Materials,19.0
2024-10-28,POL-3000,APAC,Shenzhen Electronic Materials,19.8
2024-11-04,POL-3000,APAC,Shenzhen Electronic Materials,19.5
2024-11-11,POL-3000,APAC,Shenzhen Electronic Materials,17.5
2024-11-18,POL-3000,APAC,Shenzhen Electronic Materials,18.1
2024-11-25,POL-3000,APAC,Shenzhen Electronic Materials,27.8
2024-12-02,POL-3000,APAC,Shenzhen Electronic Materials,21.4
2024-12-09,POL-3000,APAC,Shenzhen Electronic Materials,15.9
2024-12-16,POL-3000,APAC,Shenzhen Electronic Materials,17.7
2024-12-23,POL-3000,APAC,Shenzhen Electronic Materials,17.6
2024-12-30,POL-3000,APAC,Shenzhen Electronic Materials,14.9
2025-01-06,POL-3000,APAC,Shenzhen Electronic Materials,14.6
2025-01-13,POL-3000,APAC,Shenzhen Electronic Materials,21.1
2025-01-20,POL-3000,APAC,Shenzhen Electronic Materials,15.3
2025-01-27,POL-3000,APAC,Shenzhen Electronic Materials,13.1
2025-02-03,POL-3000,APAC,Shenzhen Electronic Materials,16.4
2025-02-10,POL-3000,APAC,Shenzhen Electronic Materials,16.7
2025-02-17,POL-3000,APAC,Shenzhen Electronic Materials,10.6
2025-02-24,POL-3000,APAC,Shenzhen Electronic Materials,16.3
2025-03-03,POL-3000,APAC,Shenzhen Electronic Materials,20.8
2025-03-10,POL-3000,APAC,Shenzhen Electronic Materials,19.6
2025-03-17,POL-3000,APAC,Shenzhen Electronic Materials,29.1
2025-03-24,POL-3000,APAC,Shenzhen Electronic Materials,23.7
2025-03-31,POL-3000,APAC,Shenzhen Electronic Materials,24.7
2025-04-07,POL-3000,APAC,Shenzhen Electronic Materials,33.5
2025-04-14,POL-3000,APAC,Shenzhen Electronic Materials,21.9
2025-04-21,POL-3000,APAC,Shenzhen Electronic Materials,20.0
2025-04-28,POL-3000,APAC,Shenzhen Electronic Materials,24.1
2025-05-05,POL-3000,APAC,Shenzhen Electronic Materials,17.5
2025-05-12,POL-3000,APAC,Shenzhen Electronic Materials,20.1
2025-05-19,POL-3000,APAC,Shenzhen Electronic Materials,17.3
2025-05-26,POL-3000,APAC,Shenzhen Electronic Materials,21.9
2025-06-02,POL-3000,APAC,Shenzhen Electronic Materials,17.7
2025-06-09,POL-3000,APAC,Shenzhen Electronic Materials,17.6
2025-06-16,POL-3000,APAC,Shenzhen Electronic Materials,22.8
2025-06-23,POL-3000,APAC,Shenzhen Electronic Materials,20.0
2025-06-30,POL-3000,APAC,Shenzhen Electronic Materials,13.4
2025-07-07,POL-3000,APAC,Shenzhen Electronic Materials,15.5
2025-07-14,POL-3000,APAC,Shenzhen Electronic Materials,16.4
2025-07-21,POL-3000,APAC,Shenzhen Electronic Materials,17.3
2025-07-28,POL-3000,APAC,Shenzhen Electronic Materials,23.7
2025-08-04,POL-3000,APAC,Shenzhen Electronic Materials,23.9
2025-08-11,POL-3000,APAC,Shenzhen Electronic Materials,28.3
2025-08-18,POL-3000,APAC,Shenzhen Electronic Materials,26.2
2025-08-25,POL-3000,APAC,Shenzhen Electronic Materials,28.2
2025-09-01,POL-3000,APAC,Shenzhen Electronic Materials,26.0
2025-09-08,POL-3000,APAC,Shenzhen Electronic Materials,23.3
2025-09-15,POL-3000,APAC,Shenzhen Electronic Materials,28.0
2025-09-22,POL-3000,APAC,Shenzhen Electronic Materials,26.9
2025-09-29,POL-3000,APAC,Shenzhen Electronic Materials,23.7
2025-10-06,POL-3000,APAC,Shenzhen Electronic Materials,28.3
2025-10-13,POL-3000,APAC,Shenzhen Electronic Materials,12.5
2025-10-20,POL-3000,APAC,Shenzhen Electronic Materials,19.0
2025-10-27,POL-3000,APAC,Shenzhen Electronic Materials,18.4
2025-11-03,POL-3000,APAC,Shenzhen Electronic Materials,24.8
2025-11-10,POL-3000,APAC,Shenzhen Electronic Materials,26.7
2025-11-17,POL-3000,APAC,Shenzhen Electronic Materials,13.3
2025-11-24,POL-3000,APAC,Shenzhen Electronic Materials,24.7
2025-12-01,POL-3000,APAC,Shenzhen Electronic Materials,13.9
2025-12-08,POL-3000,APAC,Shenzhen Electronic Materials,13.7
2025-12-15,POL-3000,APAC,Shenzhen Electronic Materials,16.4
2025-12-22,POL-3000,APAC,Shenzhen Electronic Materials,15.8
2025-12-29,POL-3000,APAC,Shenzhen Electronic Materials,11.8
2026-01-05,POL-3000,APAC,Shenzhen Electronic Materials,18.7
2026-01-12,POL-3000,APAC,Shenzhen Electronic Materials,18.7
2026-01-19,POL-3000,APAC,Shenzhen Electronic Materials,20.1
2026-01-26,POL-3000,APAC,Shenzhen Electronic Materials,14.8
2026-02-02,POL-3000,APAC,Shenzhen Electronic Materials,16.3
2026-02-09,POL-3000,APAC,Shenzhen Electronic Materials,16.4
2026-02-16,POL-3000,APAC,Shenzhen Electronic Materials,23.8
2026-02-23,POL-3000,APAC,Shenzhen Electronic Materials,8.7
2026-03-02,POL-3000,APAC,Shenzhen Electronic Materials,13.4
2026-03-09,POL-3000,APAC,Shenzhen Electronic Materials,16.8
2026-03-16,POL-3000,APAC,Shenzhen Electronic Materials,13.5
2026-03-23,POL-3000,APAC,Shenzhen Electronic Materials,16.0
2026-03-30,POL-3000,APAC,Shenzhen Electronic Materials,17.0
2026-04-06,POL-3000,APAC,Shenzhen Electronic Materials,15.5
2026-04-13,POL-3000,APAC,Shenzhen Electronic Materials,18.3
2026-04-20,POL-3000,APAC,Shenzhen Electronic Materials,21.0
2026-04-27,POL-3000,APAC,Shenzhen Electronic Materials,17.8
2026-05-04,POL-3000,APAC,Shenzhen Electronic Materials,17.4
2026-05-11,POL-3000,APAC,Shenzhen Electronic Materials,18.9
2026-05-18,POL-3000,APAC,Shenzhen Electronic Materials,20.0
2026-05-25,POL-3000,APAC,Shenzhen Electronic Materials,13.8
2026-06-01,POL-3000,APAC,Shenzhen Electronic Materials,22.9
2026-06-08,POL-3000,APAC,Shenzhen Electronic Materials,19.5
2026-06-15,POL-3000,APAC,Shenzhen Electronic Materials,27.9
2026-06-22,POL-3000,APAC,Shenzhen Electronic Materials,24.5
2026-06-29,POL-3000,APAC,Shenzhen Electronic Materials,28.2
2026-07-06,POL-3000,APAC,Shenzhen Electronic Materials,17.7
2026-07-13,POL-3000,APAC,Shenzhen Electronic Materials,20.5
2026-07-20,POL-3000,APAC,Shenzhen Electronic Materials,16.6
2026-07-27,POL-3000,APAC,Shenzhen Electronic Materials,18.9
2026-08-03,POL-3000,APAC,Shenzhen Electronic Materials,30.0
2026-08-10,POL-3000,APAC,Shenzhen Electronic Materials,30.8
2026-08-17,POL-3000,APAC,Shenzhen Electronic Materials,18.0
2026-08-24,POL-3000,APAC,Shenzhen Electronic Materials,21.3
2026-08-31,POL-3000,APAC,Shenzhen Electronic Materials,23.6
2026-09-07,POL-3000,APAC,Shenzhen Electronic Materials,27.3
2026-09-14,POL-3000,APAC,Shenzhen Electronic Materials,16.5
2026-09-21,POL-3000,APAC,Shenzhen Electronic Materials,17.5
2026-09-28,POL-3000,APAC,Shenzhen Electronic Materials,28.2
2024-10-07,POL-3000,APAC,Jurong Construction Chem,26.8
2024-10-14,POL-3000,APAC,Jurong Construction Chem,36.6
2024-10-21,POL-3000,APAC,Jurong Construction Chem,41.1
2024-10-28,POL-3000,APAC,Jurong Construction Chem,42.6
2024-11-04,POL-3000,APAC,Jurong Construction Chem,36.8
2024-11-11,POL-3000,APAC,Jurong Construction Chem,34.8
2024-11-18,POL-3000,APAC,Jurong Construction Chem,43.5
2024-11-25,POL-3000,APAC,Jurong Construction Chem,37.6
2024-12-02,POL-3000,APAC,Jurong Construction Chem,29.8
2024-12-09,POL-3000,APAC,Jurong Construction Chem,33.8
2024-12-16,POL-3000,APAC,Jurong Construction Chem,36.2
2024-12-23,POL-3000,APAC,Jurong Construction Chem,47.9
2024-12-30,POL-3000,APAC,Jurong Construction Chem,39.1
2025-01-06,POL-3000,APAC,Jurong Construction Chem,42.0
2025-01-13,POL-3000,APAC,Jurong Construction Chem,27.5
2025-01-20,POL-3000,APAC,Jurong Construction Chem,27.7
2025-01-27,POL-3000,APAC,Jurong Construction Chem,29.4
2025-02-03,POL-3000,APAC,Jurong Construction Chem,29.8
2025-02-10,POL-3000,APAC,Jurong Construction Chem,24.3
2025-02-17,POL-3000,APAC,Jurong Construction Chem,40.0
2025-02-24,POL-3000,APAC,Jurong Construction Chem,37.1
2025-03-03,POL-3000,APAC,Jurong Construction Chem,29.8
2025-03-10,POL-3000,APAC,Jurong Construction Chem,37.9
2025-03-17,POL-3000,APAC,Jurong Construction Chem,34.7
2025-03-24,POL-3000,APAC,Jurong Construction Chem,39.1
2025-03-31,POL-3000,APAC,Jurong Construction Chem,24.8
2025-04-07,POL-3000,APAC,Jurong Construction Chem,32.6
2025-04-14,POL-3000,APAC,Jurong Construction Chem,34.1
2025-04-21,POL-3000,APAC,Jurong Construction Chem,41.2
2025-04-28,POL-3000,APAC,Jurong Construction Chem,31.5
2025-05-05,POL-3000,APAC,Jurong Construction Chem,21.2
2025-05-12,POL-3000,APAC,Jurong Construction Chem,28.8
2025-05-19,POL-3000,APAC,Jurong Construction Chem,36.6
2025-05-26,POL-3000,APAC,Jurong Construction Chem,37.9
2025-06-02,POL-3000,APAC,Jurong Construction Chem,54.9
2025-06-09,POL-3000,APAC,Jurong Construction Chem,43.2
2025-06-16,POL-3000,APAC,Jurong Construction Chem,39.4
2025-06-23,POL-3000,APAC,Jurong Construction Chem,38.0
2025-06-30,POL-3000,APAC,Jurong Construction Chem,48.5
2025-07-07,POL-3000,APAC,Jurong Construction Chem,34.9
2025-07-14,POL-3000,APAC,Jurong Construction Chem,38.1
2025-07-21,POL-3000,APAC,Jurong Construction Chem,30.7
2025-07-28,POL-3000,APAC,Jurong Construction Chem,55.0
2025-08-04,POL-3000,APAC,Jurong Construction Chem,46.1
2025-08-11,POL-3000,APAC,Jurong Construction Chem,35.5
2025-08-18,POL-3000,APAC,Jurong Construction Chem,40.2
2025-08-25,POL-3000,APAC,Jurong Construction Chem,46.3
2025-09-01,POL-3000,APAC,Jurong Construction Chem,39.9
2025-09-08,POL-3000,APAC,Jurong Construction Chem,36.7
2025-09-15,POL-3000,APAC,Jurong Construction Chem,35.4
2025-09-22,POL-3000,APAC,Jurong Construction Chem,44.0
2025-09-29,POL-3000,APAC,Jurong Construction Chem,37.4
2025-10-06,POL-3000,APAC,Jurong Construction Chem,35.9
2025-10-13,POL-3000,APAC,Jurong Construction Chem,29.1
2025-10-20,POL-3000,APAC,Jurong Construction Chem,38.2
2025-10-27,POL-3000,APAC,Jurong Construction Chem,35.2
2025-11-03,POL-3000,APAC,Jurong Construction Chem,33.2
2025-11-10,POL-3000,APAC,Jurong Construction Chem,36.7
2025-11-17,POL-3000,APAC,Jurong Construction Chem,40.1
2025-11-24,POL-3000,APAC,Jurong Construction Chem,39.2
2025-12-01,POL-3000,APAC,Jurong Construction Chem,37.7
2025-12-08,POL-3000,APAC,Jurong Construction Chem,31.0
2025-12-15,POL-3000,APAC,Jurong Construction Chem,28.4
2025-12-22,POL-3000,APAC,Jurong Construction Chem,25.1
2025-12-29,POL-3000,APAC,Jurong Construction Chem,27.2
2026-01-05,POL-3000,APAC,Jurong Construction Chem,30.3
2026-01-12,POL-3000,APAC,Jurong Construction Chem,25.1
2026-01-19,POL-3000,APAC,Jurong Construction Chem,30.2
2026-01-26,POL-3000,APAC,Jurong Construction Chem,24.4
2026-02-02,POL-3000,APAC,Jurong Construction Chem,21.3
2026-02-09,POL-3000,APAC,Jurong Construction Chem,36.8
2026-02-16,POL-3000,APAC,Jurong Construction Chem,27.4
2026-02-23,POL-3000,APAC,Jurong Construction Chem,25.0
2026-03-02,POL-3000,APAC,Jurong Construction Chem,24.2
2026-03-09,POL-3000,APAC,Jurong Construction Chem,34.3
2026-03-16,POL-3000,APAC,Jurong Construction Chem,43.0
2026-03-23,POL-3000,APAC,Jurong Construction Chem,28.8
2026-03-30,POL-3000,APAC,Jurong Construction Chem,31.0
2026-04-06,POL-3000,APAC,Jurong Construction Chem,42.1
2026-04-13,POL-3000,APAC,Jurong Construction Chem,22.5
2026-04-20,POL-3000,APAC,Jurong Construction Chem,52.4
2026-04-27,POL-3000,APAC,Jurong Construction Chem,59.5
2026-05-04,POL-3000,APAC,Jurong Construction Chem,19.7
2026-05-11,POL-3000,APAC,Jurong Construction Chem,35.6
2026-05-18,POL-3000,APAC,Jurong Construction Chem,31.7
2026-05-25,POL-3000,APAC,Jurong Construction Chem,35.6
2026-06-01,POL-3000,APAC,Jurong Construction Chem,35.1
2026-06-08,POL-3000,APAC,Jurong Construction Chem,47.8
2026-06-15,POL-3000,APAC,Jurong Construction Chem,38.3
2026-06-22,POL-3000,APAC,Jurong Construction Chem,32.7
2026-06-29,POL-3000,APAC,Jurong Construction Chem,39.0
2026-07-06,POL-3000,APAC,Jurong Construction Chem,46.1
2026-07-13,POL-3000,APAC,Jurong Construction Chem,31.9
2026-07-20,POL-3000,APAC,Jurong Construction Chem,28.3
2026-07-27,POL-3000,APAC,Jurong Construction Chem,63.7
2026-08-03,POL-3000,APAC,Jurong Construction Chem,36.7
2026-08-10,POL-3000,APAC,Jurong Construction Chem,40.1
2026-08-17,POL-3000,APAC,Jurong Construction Chem,39.4
2026-08-24,POL-3000,APAC,Jurong Construction Chem,49.3
2026-08-31,POL-3000,APAC,Jurong Construction Chem,65.8
2026-09-07,POL-3000,APAC,Jurong Construction Chem,50.7
2026-09-14,POL-3000,APAC,Jurong Construction Chem,32.2
2026-09-21,POL-3000,APAC,Jurong Construction Chem,34.0
2026-09-28,POL-3000,APAC,Jurong Construction Chem,43.0
2024-10-07,POL-3000,LATAM,Andes Plastics,13.1
2024-10-14,POL-3000,LATAM,Andes Plastics,8.9
2024-10-21,POL-3000,LATAM,Andes Plastics,13.2
2024-10-28,POL-3000,LATAM,Andes Plastics,10.1
2024-11-04,POL-3000,LATAM,Andes Plastics,8.8
2024-11-11,POL-3000,LATAM,Andes Plastics,10.3
2024-11-18,POL-3000,LATAM,Andes Plastics,9.7
2024-11-25,POL-3000,LATAM,Andes Plastics,9.8
2024-12-02,POL-3000,LATAM,Andes Plastics,12.5
2024-12-09,POL-3000,LATAM,Andes Plastics,8.5
2024-12-16,POL-3000,LATAM,Andes Plastics,14.3
2024-12-23,POL-3000,LATAM,Andes Plastics,7.2
2024-12-30,POL-3000,LATAM,Andes Plastics,13.4
2025-01-06,POL-3000,LATAM,Andes Plastics,7.6
2025-01-13,POL-3000,LATAM,Andes Plastics,9.4
2025-01-20,POL-3000,LATAM,Andes Plastics,8.6
2025-01-27,POL-3000,LATAM,Andes Plastics,8.9
2025-02-03,POL-3000,LATAM,Andes Plastics,11.1
2025-02-10,POL-3000,LATAM,Andes Plastics,12.9
2025-02-17,POL-3000,LATAM,Andes Plastics,11.8
2025-02-24,POL-3000,LATAM,Andes Plastics,8.3
2025-03-03,POL-3000,LATAM,Andes Plastics,9.7
2025-03-10,POL-3000,LATAM,Andes Plastics,8.0
2025-03-17,POL-3000,LATAM,Andes Plastics,7.7
2025-03-24,POL-3000,LATAM,Andes Plastics,7.4
2025-03-31,POL-3000,LATAM,Andes Plastics,8.8
2025-04-07,POL-3000,LATAM,Andes Plastics,10.2
2025-04-14,POL-3000,LATAM,Andes Plastics,6.5
2025-04-21,POL-3000,LATAM,Andes Plastics,10.0
2025-04-28,POL-3000,LATAM,Andes Plastics,14.6
2025-05-05,POL-3000,LATAM,Andes Plastics,13.8
2025-05-12,POL-3000,LATAM,Andes Plastics,9.4
2025-05-19,POL-3000,LATAM,Andes Plastics,8.1
2025-05-26,POL-3000,LATAM,Andes Plastics,12.4
2025-06-02,POL-3000,LATAM,Andes Plastics,6.9
2025-06-09,POL-3000,LATAM,Andes Plastics,15.3
2025-06-16,POL-3000,LATAM,Andes Plastics,11.3
2025-06-23,POL-3000,LATAM,Andes Plastics,17.8
2025-06-30,POL-3000,LATAM,Andes Plastics,8.3
2025-07-07,POL-3000,LATAM,Andes Plastics,14.8
2025-07-14,POL-3000,LATAM,Andes Plastics,12.2
2025-07-21,POL-3000,LATAM,Andes Plastics,11.7
2025-07-28,POL-3000,LATAM,Andes Plastics,9.5
2025-08-04,POL-3000,LATAM,Andes Plastics,14.5
2025-08-11,POL-3000,LATAM,Andes Plastics,15.0
2025-08-18,POL-3000,LATAM,Andes Plastics,19.4
2025-08-25,POL-3000,LATAM,Andes Plastics,16.3
2025-09-01,POL-3000,LATAM,Andes Plastics,11.5
2025-09-08,POL-3000,LATAM,Andes Plastics,10.4
2025-09-15,POL-3000,LATAM,Andes Plastics,9.4
2025-09-22,POL-3000,LATAM,Andes Plastics,17.4
2025-09-29,POL-3000,LATAM,Andes Plastics,10.4
2025-10-06,POL-3000,LATAM,Andes Plastics,17.0
2025-10-13,POL-3000,LATAM,Andes Plastics,13.7
2025-10-20,POL-3000,LATAM,Andes Plastics,12.7
2025-10-27,POL-3000,LATAM,Andes Plastics,10.8
2025-11-03,POL-3000,LATAM,Andes Plastics,13.3
2025-11-10,POL-3000,LATAM,Andes Plastics,11.1
2025-11-17,POL-3000,LATAM,Andes Plastics,10.0
2025-11-24,POL-3000,LATAM,Andes Plastics,12.3
2025-12-01,POL-3000,LATAM,Andes Plastics,10.2
2025-12-08,POL-3000,LATAM,Andes Plastics,8.6
2025-12-15,POL-3000,LATAM,Andes Plastics,11.7
2025-12-22,POL-3000,LATAM,Andes Plastics,10.0
2025-12-29,POL-3000,LATAM,Andes Plastics,11.2
2026-01-05,POL-3000,LATAM,Andes Plastics,9.0
2026-01-12,POL-3000,LATAM,Andes Plastics,7.8
2026-01-19,POL-3000,LATAM,Andes Plastics,14.7
2026-01-26,POL-3000,LATAM,Andes Plastics,13.6
2026-02-02,POL-3000,LATAM,Andes Plastics,11.9
2026-02-09,POL-3000,LATAM,Andes Plastics,8.9
2026-02-16,POL-3000,LATAM,Andes Plastics,9.1
2026-02-23,POL-3000,LATAM,Andes Plastics,13.5
2026-03-02,POL-3000,LATAM,Andes Plastics,9.1
2026-03-09,POL-3000,LATAM,Andes Plastics,8.5
2026-03-16,POL-3000,LATAM,Andes Plastics,14.6
2026-03-23,POL-3000,LATAM,Andes Plastics,9.6
2026-03-30,POL-3000,LATAM,Andes Plastics,14.7
2026-04-06,POL-3000,LATAM,Andes Plastics,7.5
2026-04-13,POL-3000,LATAM,Andes Plastics,11.7
2026-04-20,POL-3000,LATAM,Andes Plastics,16.5
2026-04-27,POL-3000,LATAM,Andes Plastics,10.4
2026-05-04,POL-3000,LATAM,Andes Plastics,10.0
2026-05-11,POL-3000,LATAM,Andes Plastics,8.3
2026-05-18,POL-3000,LATAM,Andes Plastics,14.0
2026-05-25,POL-3000,LATAM,Andes Plastics,9.6
2026-06-01,POL-3000,LATAM,Andes Plastics,11.4
2026-06-08,POL-3000,LATAM,Andes Plastics,9.1
2026-06-15,POL-3000,LATAM,Andes Plastics,17.2
2026-06-22,POL-3000,LATAM,Andes Plastics,16.1
2026-06-29,POL-3000,LATAM,Andes Plastics,12.4
2026-07-06,POL-3000,LATAM,Andes Plastics,9.8
2026-07-13,POL-3000,LATAM,Andes Plastics,18.0
2026-07-20,POL-3000,LATAM,Andes Plastics,12.1
2026-07-27,POL-3000,LATAM,Andes Plastics,10.3
2026-08-03,POL-3000,LATAM,Andes Plastics,9.0
2026-08-10,POL-3000,LATAM,Andes Plastics,11.4
2026-08-17,POL-3000,LATAM,Andes Plastics,9.5
2026-08-24,POL-3000,LATAM,Andes Plastics,11.5
2026-08-31,POL-3000,LATAM,Andes Plastics,15.1
2026-09-07,POL-3000,LATAM,Andes Plastics,11.5
2026-09-14,POL-3000,LATAM,Andes Plastics,13.1
2026-09-21,POL-3000,LATAM,Andes Plastics,9.9
2026-09-28,POL-3000,LATAM,Andes Plastics,11.5
2024-10-07,POL-3000,LATAM,Brasil Tintas,18.2
2024-10-14,POL-3000,LATAM,Brasil Tintas,10.8
2024-10-21,POL-3000,LATAM,Brasil Tintas,12.5
2024-10-28,POL-3000,LATAM,Brasil Tintas,8.0
2024-11-04,POL-3000,LATAM,Brasil Tintas,15.6
2024-11-11,POL-3000,LATAM,Brasil Tintas,9.9
2024-11-18,POL-3000,LATAM,Brasil Tintas,13.5
2024-11-25,POL-3000,LATAM,Brasil Tintas,10.2
2024-12-02,POL-3000,LATAM,Brasil Tintas,11.6
2024-12-09,POL-3000,LATAM,Brasil Tintas,11.7
2024-12-16,POL-3000,LATAM,Brasil Tintas,8.8
2024-12-23,POL-3000,LATAM,Brasil Tintas,12.2
2024-12-30,POL-3000,LATAM,Brasil Tintas,8.0
2025-01-06,POL-3000,LATAM,Brasil Tintas,11.2
2025-01-13,POL-3000,LATAM,Brasil Tintas,8.6
2025-01-20,POL-3000,LATAM,Brasil Tintas,10.3
2025-01-27,POL-3000,LATAM,Brasil Tintas,8.6
2025-02-03,POL-3000,LATAM,Brasil Tintas,9.4
2025-02-10,POL-3000,LATAM,Brasil Tintas,7.3
2025-02-17,POL-3000,LATAM,Brasil Tintas,9.6
2025-02-24,POL-3000,LATAM,Brasil Tintas,9.2
2025-03-03,POL-3000,LATAM,Brasil Tintas,8.3
2025-03-10,POL-3000,LATAM,Brasil Tintas,9.4
2025-03-17,POL-3000,LATAM,Brasil Tintas,9.8
2025-03-24,POL-3000,LATAM,Brasil Tintas,8.3
2025-03-31,POL-3000,LATAM,Brasil Tintas,9.4
2025-04-07,POL-3000,LATAM,Brasil Tintas,7.8
2025-04-14,POL-3000,LATAM,Brasil Tintas,16.5
2025-04-21,POL-3000,LATAM,Brasil Tintas,12.7
2025-04-28,POL-3000,LATAM,Brasil Tintas,11.1
2025-05-05,POL-3000,LATAM,Brasil Tintas,13.9
2025-05-12,POL-3000,LATAM,Brasil Tintas,6.9
2025-05-19,POL-3000,LATAM,Brasil Tintas,6.2
2025-05-26,POL-3000,LATAM,Brasil Tintas,10.2
2025-06-02,POL-3000,LATAM,Brasil Tintas,8.5
2025-06-09,POL-3000,LATAM,Brasil Tintas,11.4
2025-06-16,POL-3000,LATAM,Brasil Tintas,12.3
2025-06-23,POL-3000,LATAM,Brasil Tintas,14.5
2025-06-30,POL-3000,LATAM,Brasil Tintas,9.5
2025-07-07,POL-3000,LATAM,Brasil Tintas,13.1
2025-07-14,POL-3000,LATAM,Brasil Tintas,12.5
2025-07-21,POL-3000,LATAM,Brasil Tintas,13.6
2025-07-28,POL-3000,LATAM,Brasil Tintas,11.4
2025-08-04,POL-3000,LATAM,Brasil Tintas,17.2
2025-08-11,POL-3000,LATAM,Brasil Tintas,12.6
2025-08-18,POL-3000,LATAM,Brasil Tintas,19.3
2025-08-25,POL-3000,LATAM,Brasil Tintas,11.0
2025-09-01,POL-3000,LATAM,Brasil Tintas,15.3
2025-09-08,POL-3000,LATAM,Brasil Tintas,12.8
2025-09-15,POL-3000,LATAM,Brasil Tintas,11.8
2025-09-22,POL-3000,LATAM,Brasil Tintas,14.4
2025-09-29,POL-3000,LATAM,Brasil Tintas,11.6
2025-10-06,POL-3000,LATAM,Brasil Tintas,6.8
2025-10-13,POL-3000,LATAM,Brasil Tintas,6.2
2025-10-20,POL-3000,LATAM,Brasil Tintas,15.5
2025-10-27,POL-3000,LATAM,Brasil Tintas,15.1
2025-11-03,POL-3000,LATAM,Brasil Tintas,17.4
2025-11-10,POL-3000,LATAM,Brasil Tintas,11.1
2025-11-17,POL-3000,LATAM,Brasil Tintas,8.1
2025-11-24,POL-3000,LATAM,Brasil Tintas,9.6
2025-12-01,POL-3000,LATAM,Brasil Tintas,10.5
2025-12-08,POL-3000,LATAM,Brasil Tintas,8.2
2025-12-15,POL-3000,LATAM,Brasil Tintas,14.7
2025-12-22,POL-3000,LATAM,Brasil Tintas,16.6
2025-12-29,POL-3000,LATAM,Brasil Tintas,11.2
2026-01-05,POL-3000,LATAM,Brasil Tintas,10.0
2026-01-12,POL-3000,LATAM,Brasil Tintas,7.6
2026-01-19,POL-3000,LATAM,Brasil Tintas,14.1
2026-01-26,POL-3000,LATAM,Brasil Tintas,9.8
2026-02-02,POL-3000,LATAM,Brasil Tintas,9.2
2026-02-09,POL-3000,LATAM,Brasil Tintas,10.8
2026-02-16,POL-3000,LATAM,Brasil Tintas,8.6
2026-02-23,POL-3000,LATAM,Brasil Tintas,10.2
2026-03-02,POL-3000,LATAM,Brasil Tintas,7.1
2026-03-09,POL-3000,LATAM,Brasil Tintas,12.3
2026-03-16,POL-3000,LATAM,Brasil Tintas,9.4
2026-03-23,POL-3000,LATAM,Brasil Tintas,12.5
2026-03-30,POL-3000,LATAM,Brasil Tintas,9.5
2026-04-06,POL-3000,LATAM,Brasil Tintas,9.9
2026-04-13,POL-3000,LATAM,Brasil Tintas,8.0
2026-04-20,POL-3000,LATAM,Brasil Tintas,12.3
2026-04-27,POL-3000,LATAM,Brasil Tintas,8.5
2026-05-04,POL-3000,LATAM,Brasil Tintas,9.5
2026-05-11,POL-3000,LATAM,Brasil Tintas,10.7
2026-05-18,POL-3000,LATAM,Brasil Tintas,11.3
2026-05-25,POL-3000,LATAM,Brasil Tintas,7.8
2026-06-01,POL-3000,LATAM,Brasil Tintas,11.0
2026-06-08,POL-3000,LATAM,Brasil Tintas,14.2
2026-06-15,POL-3000,LATAM,Brasil Tintas,11.2
2026-06-22,POL-3000,LATAM,Brasil Tintas,11.8
2026-06-29,POL-3000,LATAM,Brasil Tintas,12.9
2026-07-06,POL-3000,LATAM,Brasil Tintas,12.3
2026-07-13,POL-3000,LATAM,Brasil Tintas,10.2
2026-07-20,POL-3000,LATAM,Brasil Tintas,12.9
2026-07-27,POL-3000,LATAM,Brasil Tintas,16.3
2026-08-03,POL-3000,LATAM,Brasil Tintas,10.5
2026-08-10,POL-3000,LATAM,Brasil Tintas,12.1
2026-08-17,POL-3000,LATAM,Brasil Tintas,9.7
2026-08-24,POL-3000,LATAM,Brasil Tintas,16.2
2026-08-31,POL-3000,LATAM,Brasil Tintas,12.5
2026-09-07,POL-3000,LATAM,Brasil Tintas,10.3
2026-09-14,POL-3000,LATAM,Brasil Tintas,12.3
2026-09-21,POL-3000,LATAM,Brasil Tintas,8.9
2026-09-28,POL-3000,LATAM,Brasil Tintas,9.0
2024-10-07,POL-3000,LATAM,Mexico Industrial,36.3
2024-10-14,POL-3000,LATAM,Mexico Industrial,39.0
2024-10-21,POL-3000,LATAM,Mexico Industrial,65.2
2024-10-28,POL-3000,LATAM,Mexico Industrial,40.4
2024-11-04,POL-3000,LATAM,Mexico Industrial,52.0
2024-11-11,POL-3000,LATAM,Mexico Industrial,38.6
2024-11-18,POL-3000,LATAM,Mexico Industrial,53.3
2024-11-25,POL-3000,LATAM,Mexico Industrial,35.2
2024-12-02,POL-3000,LATAM,Mexico Industrial,43.1
2024-12-09,POL-3000,LATAM,Mexico Industrial,42.9
2024-12-16,POL-3000,LATAM,Mexico Industrial,68.3
2024-12-23,POL-3000,LATAM,Mexico Industrial,46.6
2024-12-30,POL-3000,LATAM,Mexico Industrial,34.8
2025-01-06,POL-3000,LATAM,Mexico Industrial,46.2
2025-01-13,POL-3000,LATAM,Mexico Industrial,63.4
2025-01-20,POL-3000,LATAM,Mexico Industrial,28.0
2025-01-27,POL-3000,LATAM,Mexico Industrial,33.4
2025-02-03,POL-3000,LATAM,Mexico Industrial,37.0
2025-02-10,POL-3000,LATAM,Mexico Industrial,35.5
2025-02-17,POL-3000,LATAM,Mexico Industrial,35.6
2025-02-24,POL-3000,LATAM,Mexico Industrial,28.7
2025-03-03,POL-3000,LATAM,Mexico Industrial,53.5
2025-03-10,POL-3000,LATAM,Mexico Industrial,29.3
2025-03-17,POL-3000,LATAM,Mexico Industrial,38.5
2025-03-24,POL-3000,LATAM,Mexico Industrial,50.6
2025-03-31,POL-3000,LATAM,Mexico Industrial,40.6
2025-04-07,POL-3000,LATAM,Mexico Industrial,32.9
2025-04-14,POL-3000,LATAM,Mexico Industrial,30.8
2025-04-21,POL-3000,LATAM,Mexico Industrial,40.2
2025-04-28,POL-3000,LATAM,Mexico Industrial,37.3
2025-05-05,POL-3000,LATAM,Mexico Industrial,47.4
2025-05-12,POL-3000,LATAM,Mexico Industrial,33.0
2025-05-19,POL-3000,LATAM,Mexico Industrial,55.1
2025-05-26,POL-3000,LATAM,Mexico Industrial,48.3
2025-06-02,POL-3000,LATAM,Mexico Industrial,50.3
2025-06-09,POL-3000,LATAM,Mexico Industrial,69.2
2025-06-16,POL-3000,LATAM,Mexico Industrial,45.1
2025-06-23,POL-3000,LATAM,Mexico Industrial,42.6
2025-06-30,POL-3000,LATAM,Mexico Industrial,45.4
2025-07-07,POL-3000,LATAM,Mexico Industrial,48.6
2025-07-14,POL-3000,LATAM,Mexico Industrial,51.2
2025-07-21,POL-3000,LATAM,Mexico Industrial,44.1
2025-07-28,POL-3000,LATAM,Mexico Industrial,34.5
2025-08-04,POL-3000,LATAM,Mexico Industrial,47.2
2025-08-11,POL-3000,LATAM,Mexico Industrial,58.8
2025-08-18,POL-3000,LATAM,Mexico Industrial,56.8
2025-08-25,POL-3000,LATAM,Mexico Industrial,71.5
2025-09-01,POL-3000,LATAM,Mexico Industrial,84.4
2025-09-08,POL-3000,LATAM,Mexico Industrial,64.7
2025-09-15,POL-3000,LATAM,Mexico Industrial,72.4
2025-09-22,POL-3000,LATAM,Mexico Industrial,62.5
2025-09-29,POL-3000,LATAM,Mexico Industrial,75.9
2025-10-06,POL-3000,LATAM,Mexico Industrial,77.5
2025-10-13,POL-3000,LATAM,Mexico Industrial,63.1
2025-10-20,POL-3000,LATAM,Mexico Industrial,57.8
2025-10-27,POL-3000,LATAM,Mexico Industrial,46.4
2025-11-03,POL-3000,LATAM,Mexico Industrial,48.0
2025-11-10,POL-3000,LATAM,Mexico Industrial,43.6
2025-11-17,POL-3000,LATAM,Mexico Industrial,52.2
2025-11-24,POL-3000,LATAM,Mexico Industrial,38.0
2025-12-01,POL-3000,LATAM,Mexico Industrial,42.3
2025-12-08,POL-3000,LATAM,Mexico Industrial,25.7
2025-12-15,POL-3000,LATAM,Mexico Industrial,63.0
2025-12-22,POL-3000,LATAM,Mexico Industrial,40.7
2025-12-29,POL-3000,LATAM,Mexico Industrial,46.8
2026-01-05,POL-3000,LATAM,Mexico Industrial,57.9
2026-01-12,POL-3000,LATAM,Mexico Industrial,45.5
2026-01-19,POL-3000,LATAM,Mexico Industrial,57.9
2026-01-26,POL-3000,LATAM,Mexico Industrial,30.9
2026-02-02,POL-3000,LATAM,Mexico Industrial,70.0
2026-02-09,POL-3000,LATAM,Mexico Industrial,51.9
2026-02-16,POL-3000,LATAM,Mexico Industrial,43.0
2026-02-23,POL-3000,LATAM,Mexico Industrial,57.2
2026-03-02,POL-3000,LATAM,Mexico Industrial,31.9
2026-03-09,POL-3000,LATAM,Mexico Industrial,38.4
2026-03-16,POL-3000,LATAM,Mexico Industrial,55.9
2026-03-23,POL-3000,LATAM,Mexico Industrial,27.1
2026-03-30,POL-3000,LATAM,Mexico Industrial,47.3
2026-04-06,POL-3000,LATAM,Mexico Industrial,48.1
2026-04-13,POL-3000,LATAM,Mexico Industrial,67.6
2026-04-20,POL-3000,LATAM,Mexico Industrial,31.0
2026-04-27,POL-3000,LATAM,Mexico Industrial,62.0
2026-05-04,POL-3000,LATAM,Mexico Industrial,39.3
2026-05-11,POL-3000,LATAM,Mexico Industrial,41.0
2026-05-18,POL-3000,LATAM,Mexico Industrial,35.5
2026-05-25,POL-3000,LATAM,Mexico Industrial,37.7
2026-06-01,POL-3000,LATAM,Mexico Industrial,53.4
2026-06-08,POL-3000,LATAM,Mexico Industrial,39.3
2026-06-15,POL-3000,LATAM,Mexico Industrial,60.4
2026-06-22,POL-3000,LATAM,Mexico Industrial,45.3
2026-06-29,POL-3000,LATAM,Mexico Industrial,40.3
2026-07-06,POL-3000,LATAM,Mexico Industrial,47.4
2026-07-13,POL-3000,LATAM,Mexico Industrial,58.2
2026-07-20,POL-3000,LATAM,Mexico Industrial,51.7
2026-07-27,POL-3000,LATAM,Mexico Industrial,55.4
2026-08-03,POL-3000,LATAM,Mexico Industrial,64.7
2026-08-10,POL-3000,LATAM,Mexico Industrial,70.1
2026-08-17,POL-3000,LATAM,Mexico Industrial,51.6
2026-08-24,POL-3000,LATAM,Mexico Industrial,44.2
2026-08-31,POL-3000,LATAM,Mexico Industrial,54.8
2026-09-07,POL-3000,LATAM,Mexico Industrial,58.2
2026-09-14,POL-3000,LATAM,Mexico Industrial,36.9
2026-09-21,POL-3000,LATAM,Mexico Industrial,40.1
2026-09-28,POL-3000,LATAM,Mexico Industrial,40.6
2024-10-07,POL-5600,NAM,Apex Coatings,24.2
2024-10-14,POL-5600,NAM,Apex Coatings,29.7
2024-10-21,POL-5600,NAM,Apex Coatings,31.8
2024-10-28,POL-5600,NAM,Apex Coatings,32.5
2024-11-04,POL-5600,NAM,Apex Coatings,36.9
2024-11-11,POL-5600,NAM,Apex Coatings,31.9
2024-11-18,POL-5600,NAM,Apex Coatings,52.7
2024-11-25,POL-5600,NAM,Apex Coatings,42.2
2024-12-02,POL-5600,NAM,Apex Coatings,31.7
2024-12-09,POL-5600,NAM,Apex Coatings,39.6
2024-12-16,POL-5600,NAM,Apex Coatings,40.3
2024-12-23,POL-5600,NAM,Apex Coatings,52.1
2024-12-30,POL-5600,NAM,Apex Coatings,34.8
2025-01-06,POL-5600,NAM,Apex Coatings,48.4
2025-01-13,POL-5600,NAM,Apex Coatings,42.1
2025-01-20,POL-5600,NAM,Apex Coatings,58.4
2025-01-27,POL-5600,NAM,Apex Coatings,57.1
2025-02-03,POL-5600,NAM,Apex Coatings,45.5
2025-02-10,POL-5600,NAM,Apex Coatings,40.6
2025-02-17,POL-5600,NAM,Apex Coatings,48.2
2025-02-24,POL-5600,NAM,Apex Coatings,40.9
2025-03-03,POL-5600,NAM,Apex Coatings,61.9
2025-03-10,POL-5600,NAM,Apex Coatings,43.2
2025-03-17,POL-5600,NAM,Apex Coatings,38.3
2025-03-24,POL-5600,NAM,Apex Coatings,37.2
2025-03-31,POL-5600,NAM,Apex Coatings,31.6
2025-04-07,POL-5600,NAM,Apex Coatings,45.9
2025-04-14,POL-5600,NAM,Apex Coatings,33.0
2025-04-21,POL-5600,NAM,Apex Coatings,49.2
2025-04-28,POL-5600,NAM,Apex Coatings,28.8
2025-05-05,POL-5600,NAM,Apex Coatings,38.8
2025-05-12,POL-5600,NAM,Apex Coatings,47.8
2025-05-19,POL-5600,NAM,Apex Coatings,22.7
2025-05-26,POL-5600,NAM,Apex Coatings,57.3
2025-06-02,POL-5600,NAM,Apex Coatings,32.6
2025-06-09,POL-5600,NAM,Apex Coatings,35.9
2025-06-16,POL-5600,NAM,Apex Coatings,38.1
2025-06-23,POL-5600,NAM,Apex Coatings,39.0
2025-06-30,POL-5600,NAM,Apex Coatings,35.2
2025-07-07,POL-5600,NAM,Apex Coatings,40.6
2025-07-14,POL-5600,NAM,Apex Coatings,35.7
2025-07-21,POL-5600,NAM,Apex Coatings,45.7
2025-07-28,POL-5600,NAM,Apex Coatings,34.9
2025-08-04,POL-5600,NAM,Apex Coatings,48.1
2025-08-11,POL-5600,NAM,Apex Coatings,38.3
2025-08-18,POL-5600,NAM,Apex Coatings,20.9
2025-08-25,POL-5600,NAM,Apex Coatings,55.6
2025-09-01,POL-5600,NAM,Apex Coatings,27.9
2025-09-08,POL-5600,NAM,Apex Coatings,44.4
2025-09-15,POL-5600,NAM,Apex Coatings,33.1
2025-09-22,POL-5600,NAM,Apex Coatings,42.1
2025-09-29,POL-5600,NAM,Apex Coatings,29.4
2025-10-06,POL-5600,NAM,Apex Coatings,40.3
2025-10-13,POL-5600,NAM,Apex Coatings,33.9
2025-10-20,POL-5600,NAM,Apex Coatings,52.2
2025-10-27,POL-5600,NAM,Apex Coatings,40.8
2025-11-03,POL-5600,NAM,Apex Coatings,46.3
2025-11-10,POL-5600,NAM,Apex Coatings,23.8
2025-11-17,POL-5600,NAM,Apex Coatings,38.0
2025-11-24,POL-5600,NAM,Apex Coatings,43.1
2025-12-01,POL-5600,NAM,Apex Coatings,43.0
2025-12-08,POL-5600,NAM,Apex Coatings,51.0
2025-12-15,POL-5600,NAM,Apex Coatings,39.3
2025-12-22,POL-5600,NAM,Apex Coatings,42.7
2025-12-29,POL-5600,NAM,Apex Coatings,55.3
2026-01-05,POL-5600,NAM,Apex Coatings,26.3
2026-01-12,POL-5600,NAM,Apex Coatings,50.1
2026-01-19,POL-5600,NAM,Apex Coatings,41.6
2026-01-26,POL-5600,NAM,Apex Coatings,37.2
2026-02-02,POL-5600,NAM,Apex Coatings,49.0
2026-02-09,POL-5600,NAM,Apex Coatings,59.4
2026-02-16,POL-5600,NAM,Apex Coatings,57.7
2026-02-23,POL-5600,NAM,Apex Coatings,44.2
2026-03-02,POL-5600,NAM,Apex Coatings,53.9
2026-03-09,POL-5600,NAM,Apex Coatings,52.6
2026-03-16,POL-5600,NAM,Apex Coatings,41.8
2026-03-23,POL-5600,NAM,Apex Coatings,36.4
2026-03-30,POL-5600,NAM,Apex Coatings,36.4
2026-04-06,POL-5600,NAM,Apex Coatings,50.0
2026-04-13,POL-5600,NAM,Apex Coatings,40.3
2026-04-20,POL-5600,NAM,Apex Coatings,31.9
2026-04-27,POL-5600,NAM,Apex Coatings,27.3
2026-05-04,POL-5600,NAM,Apex Coatings,46.5
2026-05-11,POL-5600,NAM,Apex Coatings,33.8
2026-05-18,POL-5600,NAM,Apex Coatings,39.7
2026-05-25,POL-5600,NAM,Apex Coatings,47.2
2026-06-01,POL-5600,NAM,Apex Coatings,26.2
2026-06-08,POL-5600,NAM,Apex Coatings,33.4
2026-06-15,POL-5600,NAM,Apex Coatings,32.0
2026-06-22,POL-5600,NAM,Apex Coatings,35.2
2026-06-29,POL-5600,NAM,Apex Coatings,41.8
2026-07-06,POL-5600,NAM,Apex Coatings,23.5
2026-07-13,POL-5600,NAM,Apex Coatings,35.3
2026-07-20,POL-5600,NAM,Apex Coatings,39.1
2026-07-27,POL-5600,NAM,Apex Coatings,29.6
2026-08-03,POL-5600,NAM,Apex Coatings,29.6
2026-08-10,POL-5600,NAM,Apex Coatings,33.2
2026-08-17,POL-5600,NAM,Apex Coatings,32.1
2026-08-24,POL-5600,NAM,Apex Coatings,33.2
2026-08-31,POL-5600,NAM,Apex Coatings,32.6
2026-09-07,POL-5600,NAM,Apex Coatings,23.1
2026-09-14,POL-5600,NAM,Apex Coatings,36.3
2026-09-21,POL-5600,NAM,Apex Coatings,37.9
2026-09-28,POL-5600,NAM,Apex Coatings,30.9
2024-10-07,POL-5600,NAM,Midwest Plastics,8.1
2024-10-14,POL-5600,NAM,Midwest Plastics,11.2
2024-10-21,POL-5600,NAM,Midwest Plastics,12.3
2024-10-28,POL-5600,NAM,Midwest Plastics,9.3
2024-11-04,POL-5600,NAM,Midwest Plastics,11.2
2024-11-11,POL-5600,NAM,Midwest Plastics,9.2
2024-11-18,POL-5600,NAM,Midwest Plastics,14.7
2024-11-25,POL-5600,NAM,Midwest Plastics,13.3
2024-12-02,POL-5600,NAM,Midwest Plastics,8.9
2024-12-09,POL-5600,NAM,Midwest Plastics,14.2
2024-12-16,POL-5600,NAM,Midwest Plastics,13.1
2024-12-23,POL-5600,NAM,Midwest Plastics,15.1
2024-12-30,POL-5600,NAM,Midwest Plastics,12.4
2025-01-06,POL-5600,NAM,Midwest Plastics,11.6
2025-01-13,POL-5600,NAM,Midwest Plastics,11.9
2025-01-20,POL-5600,NAM,Midwest Plastics,12.7
2025-01-27,POL-5600,NAM,Midwest Plastics,14.6
2025-02-03,POL-5600,NAM,Midwest Plastics,15.2
2025-02-10,POL-5600,NAM,Midwest Plastics,14.0
2025-02-17,POL-5600,NAM,Midwest Plastics,13.3
2025-02-24,POL-5600,NAM,Midwest Plastics,13.3
2025-03-03,POL-5600,NAM,Midwest Plastics,25.2
2025-03-10,POL-5600,NAM,Midwest Plastics,12.1
2025-03-17,POL-5600,NAM,Midwest Plastics,12.5
2025-03-24,POL-5600,NAM,Midwest Plastics,28.8
2025-03-31,POL-5600,NAM,Midwest Plastics,15.3
2025-04-07,POL-5600,NAM,Midwest Plastics,10.2
2025-04-14,POL-5600,NAM,Midwest Plastics,16.1
2025-04-21,POL-5600,NAM,Midwest Plastics,10.7
2025-04-28,POL-5600,NAM,Midwest Plastics,15.8
2025-05-05,POL-5600,NAM,Midwest Plastics,12.2
2025-05-12,POL-5600,NAM,Midwest Plastics,11.4
2025-05-19,POL-5600,NAM,Midwest Plastics,17.6
2025-05-26,POL-5600,NAM,Midwest Plastics,14.1
2025-06-02,POL-5600,NAM,Midwest Plastics,15.0
2025-06-09,POL-5600,NAM,Midwest Plastics,13.0
2025-06-16,POL-5600,NAM,Midwest Plastics,10.3
2025-06-23,POL-5600,NAM,Midwest Plastics,12.9
2025-06-30,POL-5600,NAM,Midwest Plastics,14.6
2025-07-07,POL-5600,NAM,Midwest Plastics,11.4
2025-07-14,POL-5600,NAM,Midwest Plastics,16.0
2025-07-21,POL-5600,NAM,Midwest Plastics,12.7
2025-07-28,POL-5600,NAM,Midwest Plastics,11.0
2025-08-04,POL-5600,NAM,Midwest Plastics,11.2
2025-08-11,POL-5600,NAM,Midwest Plastics,11.0
2025-08-18,POL-5600,NAM,Midwest Plastics,8.0
2025-08-25,POL-5600,NAM,Midwest Plastics,10.4
2025-09-01,POL-5600,NAM,Midwest Plastics,11.3
2025-09-08,POL-5600,NAM,Midwest Plastics,9.9
2025-09-15,POL-5600,NAM,Midwest Plastics,12.0
2025-09-22,POL-5600,NAM,Midwest Plastics,11.3
2025-09-29,POL-5600,NAM,Midwest Plastics,13.8
2025-10-06,POL-5600,NAM,Midwest Plastics,13.7
2025-10-13,POL-5600,NAM,Midwest Plastics,12.6
2025-10-20,POL-5600,NAM,Midwest Plastics,9.2
2025-10-27,POL-5600,NAM,Midwest Plastics,18.6
2025-11-03,POL-5600,NAM,Midwest Plastics,12.4
2025-11-10,POL-5600,NAM,Midwest Plastics,12.7
2025-11-17,POL-5600,NAM,Midwest Plastics,12.2
2025-11-24,POL-5600,NAM,Midwest Plastics,12.0
2025-12-01,POL-5600,NAM,Midwest Plastics,19.5
2025-12-08,POL-5600,NAM,Midwest Plastics,19.0
2025-12-15,POL-5600,NAM,Midwest Plastics,15.9
2025-12-22,POL-5600,NAM,Midwest Plastics,14.0
2025-12-29,POL-5600,NAM,Midwest Plastics,16.5
2026-01-05,POL-5600,NAM,Midwest Plastics,14.9
2026-01-12,POL-5600,NAM,Midwest Plastics,14.3
2026-01-19,POL-5600,NAM,Midwest Plastics,16.3
2026-01-26,POL-5600,NAM,Midwest Plastics,14.0
2026-02-02,POL-5600,NAM,Midwest Plastics,16.3
2026-02-09,POL-5600,NAM,Midwest Plastics,16.0
2026-02-16,POL-5600,NAM,Midwest Plastics,17.8
2026-02-23,POL-5600,NAM,Midwest Plastics,13.5
2026-03-02,POL-5600,NAM,Midwest Plastics,17.6
2026-03-09,POL-5600,NAM,Midwest Plastics,12.1
2026-03-16,POL-5600,NAM,Midwest Plastics,12.7
2026-03-23,POL-5600,NAM,Midwest Plastics,12.8
2026-03-30,POL-5600,NAM,Midwest Plastics,11.2
2026-04-06,POL-5600,NAM,Midwest Plastics,17.6
2026-04-13,POL-5600,NAM,Midwest Plastics,11.1
2026-04-20,POL-5600,NAM,Midwest Plastics,11.7
2026-04-27,POL-5600,NAM,Midwest Plastics,17.7
2026-05-04,POL-5600,NAM,Midwest Plastics,11.6
2026-05-11,POL-5600,NAM,Midwest Plastics,12.4
2026-05-18,POL-5600,NAM,Midwest Plastics,10.0
2026-05-25,POL-5600,NAM,Midwest Plastics,14.6
2026-06-01,POL-5600,NAM,Midwest Plastics,14.3
2026-06-08,POL-5600,NAM,Midwest Plastics,13.4
2026-06-15,POL-5600,NAM,Midwest Plastics,12.6
2026-06-22,POL-5600,NAM,Midwest Plastics,11.1
2026-06-29,POL-5600,NAM,Midwest Plastics,9.6
2026-07-06,POL-5600,NAM,Midwest Plastics,8.9
2026-07-13,POL-5600,NAM,Midwest Plastics,14.0
2026-07-20,POL-5600,NAM,Midwest Plastics,12.5
2026-07-27,POL-5600,NAM,Midwest Plastics,9.0
2026-08-03,POL-5600,NAM,Midwest Plastics,10.4
2026-08-10,POL-5600,NAM,Midwest Plastics,9.6
2026-08-17,POL-5600,NAM,Midwest Plastics,7.9
2026-08-24,POL-5600,NAM,Midwest Plastics,10.3
2026-08-31,POL-5600,NAM,Midwest Plastics,8.9
2026-09-07,POL-5600,NAM,Midwest Plastics,7.9
2026-09-14,POL-5600,NAM,Midwest Plastics,7.1
2026-09-21,POL-5600,NAM,Midwest Plastics,7.0
2026-09-28,POL-5600,NAM,Midwest Plastics,9.3
2024-10-07,POL-5600,NAM,Gulf Packaging,17.4
2024-10-14,POL-5600,NAM,Gulf Packaging,14.9
2024-10-21,POL-5600,NAM,Gulf Packaging,21.3
2024-10-28,POL-5600,NAM,Gulf Packaging,18.6
2024-11-04,POL-5600,NAM,Gulf Packaging,21.5
2024-11-11,POL-5600,NAM,Gulf Packaging,18.8
2024-11-18,POL-5600,NAM,Gulf Packaging,17.0
2024-11-25,POL-5600,NAM,Gulf Packaging,20.6
2024-12-02,POL-5600,NAM,Gulf Packaging,15.2
2024-12-09,POL-5600,NAM,Gulf Packaging,23.2
2024-12-16,POL-5600,NAM,Gulf Packaging,17.0
2024-12-23,POL-5600,NAM,Gulf Packaging,25.9
2024-12-30,POL-5600,NAM,Gulf Packaging,19.6
2025-01-06,POL-5600,NAM,Gulf Packaging,27.4
2025-01-13,POL-5600,NAM,Gulf Packaging,17.3
2025-01-20,POL-5600,NAM,Gulf Packaging,19.3
2025-01-27,POL-5600,NAM,Gulf Packaging,24.8
2025-02-03,POL-5600,NAM,Gulf Packaging,29.9
2025-02-10,POL-5600,NAM,Gulf Packaging,32.9
2025-02-17,POL-5600,NAM,Gulf Packaging,23.1
2025-02-24,POL-5600,NAM,Gulf Packaging,33.9
2025-03-03,POL-5600,NAM,Gulf Packaging,21.3
2025-03-10,POL-5600,NAM,Gulf Packaging,28.7
2025-03-17,POL-5600,NAM,Gulf Packaging,18.1
2025-03-24,POL-5600,NAM,Gulf Packaging,24.0
2025-03-31,POL-5600,NAM,Gulf Packaging,13.1
2025-04-07,POL-5600,NAM,Gulf Packaging,16.9
2025-04-14,POL-5600,NAM,Gulf Packaging,23.3
2025-04-21,POL-5600,NAM,Gulf Packaging,15.4
2025-04-28,POL-5600,NAM,Gulf Packaging,22.3
2025-05-05,POL-5600,NAM,Gulf Packaging,24.4
2025-05-12,POL-5600,NAM,Gulf Packaging,17.6
2025-05-19,POL-5600,NAM,Gulf Packaging,15.6
2025-05-26,POL-5600,NAM,Gulf Packaging,17.6
2025-06-02,POL-5600,NAM,Gulf Packaging,15.4
2025-06-09,POL-5600,NAM,Gulf Packaging,18.1
2025-06-16,POL-5600,NAM,Gulf Packaging,18.2
2025-06-23,POL-5600,NAM,Gulf Packaging,16.5
2025-06-30,POL-5600,NAM,Gulf Packaging,25.5
2025-07-07,POL-5600,NAM,Gulf Packaging,14.8
2025-07-14,POL-5600,NAM,Gulf Packaging,23.0
2025-07-21,POL-5600,NAM,Gulf Packaging,13.1
2025-07-28,POL-5600,NAM,Gulf Packaging,16.8
2025-08-04,POL-5600,NAM,Gulf Packaging,21.5
2025-08-11,POL-5600,NAM,Gulf Packaging,21.4
2025-08-18,POL-5600,NAM,Gulf Packaging,15.1
2025-08-25,POL-5600,NAM,Gulf Packaging,18.8
2025-09-01,POL-5600,NAM,Gulf Packaging,18.5
2025-09-08,POL-5600,NAM,Gulf Packaging,15.1
2025-09-15,POL-5600,NAM,Gulf Packaging,20.0
2025-09-22,POL-5600,NAM,Gulf Packaging,26.7
2025-09-29,POL-5600,NAM,Gulf Packaging,20.2
2025-10-06,POL-5600,NAM,Gulf Packaging,21.1
2025-10-13,POL-5600,NAM,Gulf Packaging,22.0
2025-10-20,POL-5600,NAM,Gulf Packaging,14.2
2025-10-27,POL-5600,NAM,Gulf Packaging,21.8
2025-11-03,POL-5600,NAM,Gulf Packaging,16.0
2025-11-10,POL-5600,NAM,Gulf Packaging,17.9
2025-11-17,POL-5600,NAM,Gulf Packaging,33.1
2025-11-24,POL-5600,NAM,Gulf Packaging,19.8
2025-12-01,POL-5600,NAM,Gulf Packaging,18.5
2025-12-08,POL-5600,NAM,Gulf Packaging,28.3
2025-12-15,POL-5600,NAM,Gulf Packaging,18.4
2025-12-22,POL-5600,NAM,Gulf Packaging,20.4
2025-12-29,POL-5600,NAM,Gulf Packaging,29.8
2026-01-05,POL-5600,NAM,Gulf Packaging,23.3
2026-01-12,POL-5600,NAM,Gulf Packaging,16.6
2026-01-19,POL-5600,NAM,Gulf Packaging,26.8
2026-01-26,POL-5600,NAM,Gulf Packaging,22.2
2026-02-02,POL-5600,NAM,Gulf Packaging,33.9
2026-02-09,POL-5600,NAM,Gulf Packaging,21.1
2026-02-16,POL-5600,NAM,Gulf Packaging,30.7
2026-02-23,POL-5600,NAM,Gulf Packaging,35.8
2026-03-02,POL-5600,NAM,Gulf Packaging,19.6
2026-03-09,POL-5600,NAM,Gulf Packaging,22.1
2026-03-16,POL-5600,NAM,Gulf Packaging,24.7
2026-03-23,POL-5600,NAM,Gulf Packaging,18.6
2026-03-30,POL-5600,NAM,Gulf Packaging,23.6
2026-04-06,POL-5600,NAM,Gulf Packaging,21.0
2026-04-13,POL-5600,NAM,Gulf Packaging,20.5
2026-04-20,POL-5600,NAM,Gulf Packaging,21.6
2026-04-27,POL-5600,NAM,Gulf Packaging,21.4
2026-05-04,POL-5600,NAM,Gulf Packaging,21.3
2026-05-11,POL-5600,NAM,Gulf Packaging,17.8
2026-05-18,POL-5600,NAM,Gulf Packaging,17.4
2026-05-25,POL-5600,NAM,Gulf Packaging,18.6
2026-06-01,POL-5600,NAM,Gulf Packaging,18.4
2026-06-08,POL-5600,NAM,Gulf Packaging,16.3
2026-06-15,POL-5600,NAM,Gulf Packaging,18.9
2026-06-22,POL-5600,NAM,Gulf Packaging,11.5
2026-06-29,POL-5600,NAM,Gulf Packaging,14.4
2026-07-06,POL-5600,NAM,Gulf Packaging,15.7
2026-07-13,POL-5600,NAM,Gulf Packaging,13.7
2026-07-20,POL-5600,NAM,Gulf Packaging,23.7
2026-07-27,POL-5600,NAM,Gulf Packaging,16.5
2026-08-03,POL-5600,NAM,Gulf Packaging,16.9
2026-08-10,POL-5600,NAM,Gulf Packaging,14.5
2026-08-17,POL-5600,NAM,Gulf Packaging,15.7
2026-08-24,POL-5600,NAM,Gulf Packaging,11.9
2026-08-31,POL-5600,NAM,Gulf Packaging,14.8
2026-09-07,POL-5600,NAM,Gulf Packaging,12.4
2026-09-14,POL-5600,NAM,Gulf Packaging,14.6
2026-09-21,POL-5600,NAM,Gulf Packaging,8.9
2026-09-28,POL-5600,NAM,Gulf Packaging,12.3
2024-10-07,POL-5600,EU,Rhein Composites,33.8
2024-10-14,POL-5600,EU,Rhein Composites,27.2
2024-10-21,POL-5600,EU,Rhein Composites,47.4
2024-10-28,POL-5600,EU,Rhein Composites,25.9
2024-11-04,POL-5600,EU,Rhein Composites,44.3
2024-11-11,POL-5600,EU,Rhein Composites,27.9
2024-11-18,POL-5600,EU,Rhein Composites,39.5
2024-11-25,POL-5600,EU,Rhein Composites,44.3
2024-12-02,POL-5600,EU,Rhein Composites,24.3
2024-12-09,POL-5600,EU,Rhein Composites,28.0
2024-12-16,POL-5600,EU,Rhein Composites,25.4
2024-12-23,POL-5600,EU,Rhein Composites,24.5
2024-12-30,POL-5600,EU,Rhein Composites,37.0
2025-01-06,POL-5600,EU,Rhein Composites,31.0
2025-01-13,POL-5600,EU,Rhein Composites,32.9
2025-01-20,POL-5600,EU,Rhein Composites,37.1
2025-01-27,POL-5600,EU,Rhein Composites,22.0
2025-02-03,POL-5600,EU,Rhein Composites,45.2
2025-02-10,POL-5600,EU,Rhein Composites,31.5
2025-02-17,POL-5600,EU,Rhein Composites,37.6
2025-02-24,POL-5600,EU,Rhein Composites,38.5
2025-03-03,POL-5600,EU,Rhein Composites,45.2
2025-03-10,POL-5600,EU,Rhein Composites,33.1
2025-03-17,POL-5600,EU,Rhein Composites,21.4
2025-03-24,POL-5600,EU,Rhein Composites,34.3
2025-03-31,POL-5600,EU,Rhein Composites,35.7
2025-04-07,POL-5600,EU,Rhein Composites,26.3
2025-04-14,POL-5600,EU,Rhein Composites,33.4
2025-04-21,POL-5600,EU,Rhein Composites,28.9
2025-04-28,POL-5600,EU,Rhein Composites,22.8
2025-05-05,POL-5600,EU,Rhein Composites,34.1
2025-05-12,POL-5600,EU,Rhein Composites,25.7
2025-05-19,POL-5600,EU,Rhein Composites,25.9
2025-05-26,POL-5600,EU,Rhein Composites,24.6
2025-06-02,POL-5600,EU,Rhein Composites,34.4
2025-06-09,POL-5600,EU,Rhein Composites,25.6
2025-06-16,POL-5600,EU,Rhein Composites,26.0
2025-06-23,POL-5600,EU,Rhein Composites,23.5
2025-06-30,POL-5600,EU,Rhein Composites,29.3
2025-07-07,POL-5600,EU,Rhein Composites,35.2
2025-07-14,POL-5600,EU,Rhein Composites,29.5
2025-07-21,POL-5600,EU,Rhein Composites,28.6
2025-07-28,POL-5600,EU,Rhein Composites,27.9
2025-08-04,POL-5600,EU,Rhein Composites,17.8
2025-08-11,POL-5600,EU,Rhein Composites,19.7
2025-08-18,POL-5600,EU,Rhein Composites,22.7
2025-08-25,POL-5600,EU,Rhein Composites,20.3
2025-09-01,POL-5600,EU,Rhein Composites,19.3
2025-09-08,POL-5600,EU,Rhein Composites,16.3
2025-09-15,POL-5600,EU,Rhein Composites,18.6
2025-09-22,POL-5600,EU,Rhein Composites,23.7
2025-09-29,POL-5600,EU,Rhein Composites,24.5
2025-10-06,POL-5600,EU,Rhein Composites,21.2
2025-10-13,POL-5600,EU,Rhein Composites,26.2
2025-10-20,POL-5600,EU,Rhein Composites,24.5
2025-10-27,POL-5600,EU,Rhein Composites,35.1
2025-11-03,POL-5600,EU,Rhein Composites,27.7
2025-11-10,POL-5600,EU,Rhein Composites,33.9
2025-11-17,POL-5600,EU,Rhein Composites,30.6
2025-11-24,POL-5600,EU,Rhein Composites,21.6
2025-12-01,POL-5600,EU,Rhein Composites,29.2
2025-12-08,POL-5600,EU,Rhein Composites,23.9
2025-12-15,POL-5600,EU,Rhein Composites,30.8
2025-12-22,POL-5600,EU,Rhein Composites,27.5
2025-12-29,POL-5600,EU,Rhein Composites,35.4
2026-01-05,POL-5600,EU,Rhein Composites,24.8
2026-01-12,POL-5600,EU,Rhein Composites,34.2
2026-01-19,POL-5600,EU,Rhein Composites,38.8
2026-01-26,POL-5600,EU,Rhein Composites,42.0
2026-02-02,POL-5600,EU,Rhein Composites,28.9
2026-02-09,POL-5600,EU,Rhein Composites,34.6
2026-02-16,POL-5600,EU,Rhein Composites,35.7
2026-02-23,POL-5600,EU,Rhein Composites,47.4
2026-03-02,POL-5600,EU,Rhein Composites,23.7
2026-03-09,POL-5600,EU,Rhein Composites,26.9
2026-03-16,POL-5600,EU,Rhein Composites,61.6
2026-03-23,POL-5600,EU,Rhein Composites,31.0
2026-03-30,POL-5600,EU,Rhein Composites,21.4
2026-04-06,POL-5600,EU,Rhein Composites,28.3
2026-04-13,POL-5600,EU,Rhein Composites,17.6
2026-04-20,POL-5600,EU,Rhein Composites,33.5
2026-04-27,POL-5600,EU,Rhein Composites,37.1
2026-05-04,POL-5600,EU,Rhein Composites,25.3
2026-05-11,POL-5600,EU,Rhein Composites,27.4
2026-05-18,POL-5600,EU,Rhein Composites,37.4
2026-05-25,POL-5600,EU,Rhein Composites,20.3
2026-06-01,POL-5600,EU,Rhein Composites,21.6
2026-06-08,POL-5600,EU,Rhein Composites,26.3
2026-06-15,POL-5600,EU,Rhein Composites,23.6
2026-06-22,POL-5600,EU,Rhein Composites,26.1
2026-06-29,POL-5600,EU,Rhein Composites,20.7
2026-07-06,POL-5600,EU,Rhein Composites,28.1
2026-07-13,POL-5600,EU,Rhein Composites,26.1
2026-07-20,POL-5600,EU,Rhein Composites,29.7
2026-07-27,POL-5600,EU,Rhein Composites,26.9
2026-08-03,POL-5600,EU,Rhein Composites,27.1
2026-08-10,POL-5600,EU,Rhein Composites,18.7
2026-08-17,POL-5600,EU,Rhein Composites,28.3
2026-08-24,POL-5600,EU,Rhein Composites,23.3
2026-08-31,POL-5600,EU,Rhein Composites,23.9
2026-09-07,POL-5600,EU,Rhein Composites,31.8
2026-09-14,POL-5600,EU,Rhein Composites,21.4
2026-09-21,POL-5600,EU,Rhein Composites,34.1
2026-09-28,POL-5600,EU,Rhein Composites,33.6
2024-10-07,POL-5600,EU,Nordic Paints,31.7
2024-10-14,POL-5600,EU,Nordic Paints,22.1
2024-10-21,POL-5600,EU,Nordic Paints,17.4
2024-10-28,POL-5600,EU,Nordic Paints,36.4
2024-11-04,POL-5600,EU,Nordic Paints,30.1
2024-11-11,POL-5600,EU,Nordic Paints,25.2
2024-11-18,POL-5600,EU,Nordic Paints,39.0
2024-11-25,POL-5600,EU,Nordic Paints,25.9
2024-12-02,POL-5600,EU,Nordic Paints,28.4
2024-12-09,POL-5600,EU,Nordic Paints,35.8
2024-12-16,POL-5600,EU,Nordic Paints,25.6
2024-12-23,POL-5600,EU,Nordic Paints,32.1
2024-12-30,POL-5600,EU,Nordic Paints,41.6
2025-01-06,POL-5600,EU,Nordic Paints,34.7
2025-01-13,POL-5600,EU,Nordic Paints,43.9
2025-01-20,POL-5600,EU,Nordic Paints,43.2
2025-01-27,POL-5600,EU,Nordic Paints,34.0
2025-02-03,POL-5600,EU,Nordic Paints,20.9
2025-02-10,POL-5600,EU,Nordic Paints,27.3
2025-02-17,POL-5600,EU,Nordic Paints,40.6
2025-02-24,POL-5600,EU,Nordic Paints,24.5
2025-03-03,POL-5600,EU,Nordic Paints,31.9
2025-03-10,POL-5600,EU,Nordic Paints,37.4
2025-03-17,POL-5600,EU,Nordic Paints,48.3
2025-03-24,POL-5600,EU,Nordic Paints,30.6
2025-03-31,POL-5600,EU,Nordic Paints,30.4
2025-04-07,POL-5600,EU,Nordic Paints,33.5
2025-04-14,POL-5600,EU,Nordic Paints,35.8
2025-04-21,POL-5600,EU,Nordic Paints,31.0
2025-04-28,POL-5600,EU,Nordic Paints,39.5
2025-05-05,POL-5600,EU,Nordic Paints,25.3
2025-05-12,POL-5600,EU,Nordic Paints,30.6
2025-05-19,POL-5600,EU,Nordic Paints,32.1
2025-05-26,POL-5600,EU,Nordic Paints,25.5
2025-06-02,POL-5600,EU,Nordic Paints,32.3
2025-06-09,POL-5600,EU,Nordic Paints,27.4
2025-06-16,POL-5600,EU,Nordic Paints,31.2
2025-06-23,POL-5600,EU,Nordic Paints,27.7
2025-06-30,POL-5600,EU,Nordic Paints,29.5
2025-07-07,POL-5600,EU,Nordic Paints,23.4
2025-07-14,POL-5600,EU,Nordic Paints,22.8
2025-07-21,POL-5600,EU,Nordic Paints,33.0
2025-07-28,POL-5600,EU,Nordic Paints,28.8
2025-08-04,POL-5600,EU,Nordic Paints,19.7
2025-08-11,POL-5600,EU,Nordic Paints,25.5
2025-08-18,POL-5600,EU,Nordic Paints,14.4
2025-08-25,POL-5600,EU,Nordic Paints,21.5
2025-09-01,POL-5600,EU,Nordic Paints,30.9
2025-09-08,POL-5600,EU,Nordic Paints,24.6
2025-09-15,POL-5600,EU,Nordic Paints,26.3
2025-09-22,POL-5600,EU,Nordic Paints,13.2
2025-09-29,POL-5600,EU,Nordic Paints,23.4
2025-10-06,POL-5600,EU,Nordic Paints,27.8
2025-10-13,POL-5600,EU,Nordic Paints,29.2
2025-10-20,POL-5600,EU,Nordic Paints,34.2
2025-10-27,POL-5600,EU,Nordic Paints,27.0
2025-11-03,POL-5600,EU,Nordic Paints,28.4
2025-11-10,POL-5600,EU,Nordic Paints,22.2
2025-11-17,POL-5600,EU,Nordic Paints,28.7
2025-11-24,POL-5600,EU,Nordic Paints,22.9
2025-12-01,POL-5600,EU,Nordic Paints,20.3
2025-12-08,POL-5600,EU,Nordic Paints,25.3
2025-12-15,POL-5600,EU,Nordic Paints,45.1
2025-12-22,POL-5600,EU,Nordic Paints,31.3
2025-12-29,POL-5600,EU,Nordic Paints,35.0
2026-01-05,POL-5600,EU,Nordic Paints,30.5
2026-01-12,POL-5600,EU,Nordic Paints,23.5
2026-01-19,POL-5600,EU,Nordic Paints,43.0
2026-01-26,POL-5600,EU,Nordic Paints,21.9
2026-02-02,POL-5600,EU,Nordic Paints,31.0
2026-02-09,POL-5600,EU,Nordic Paints,34.9
2026-02-16,POL-5600,EU,Nordic Paints,37.0
2026-02-23,POL-5600,EU,Nordic Paints,29.4
2026-03-02,POL-5600,EU,Nordic Paints,22.5
2026-03-09,POL-5600,EU,Nordic Paints,28.2
2026-03-16,POL-5600,EU,Nordic Paints,28.9
2026-03-23,POL-5600,EU,Nordic Paints,28.4
2026-03-30,POL-5600,EU,Nordic Paints,41.2
2026-04-06,POL-5600,EU,Nordic Paints,25.3
2026-04-13,POL-5600,EU,Nordic Paints,35.4
2026-04-20,POL-5600,EU,Nordic Paints,33.7
2026-04-27,POL-5600,EU,Nordic Paints,39.3
2026-05-04,POL-5600,EU,Nordic Paints,30.8
2026-05-11,POL-5600,EU,Nordic Paints,37.1
2026-05-18,POL-5600,EU,Nordic Paints,30.1
2026-05-25,POL-5600,EU,Nordic Paints,33.7
2026-06-01,POL-5600,EU,Nordic Paints,21.2
2026-06-08,POL-5600,EU,Nordic Paints,15.9
2026-06-15,POL-5600,EU,Nordic Paints,31.0
2026-06-22,POL-5600,EU,Nordic Paints,31.4
2026-06-29,POL-5600,EU,Nordic Paints,31.2
2026-07-06,POL-5600,EU,Nordic Paints,24.5
2026-07-13,POL-5600,EU,Nordic Paints,38.4
2026-07-20,POL-5600,EU,Nordic Paints,24.4
2026-07-27,POL-5600,EU,Nordic Paints,29.0
2026-08-03,POL-5600,EU,Nordic Paints,30.3
2026-08-10,POL-5600,EU,Nordic Paints,38.5
2026-08-17,POL-5600,EU,Nordic Paints,24.3
2026-08-24,POL-5600,EU,Nordic Paints,22.2
2026-08-31,POL-5600,EU,Nordic Paints,18.3
2026-09-07,POL-5600,EU,Nordic Paints,36.4
2026-09-14,POL-5600,EU,Nordic Paints,28.2
2026-09-21,POL-5600,EU,Nordic Paints,28.7
2026-09-28,POL-5600,EU,Nordic Paints,49.8
2024-10-07,POL-5600,EU,Iberia Polymers,5.9
2024-10-14,POL-5600,EU,Iberia Polymers,4.2
2024-10-21,POL-5600,EU,Iberia Polymers,5.5
2024-10-28,POL-5600,EU,Iberia Polymers,4.7
2024-11-04,POL-5600,EU,Iberia Polymers,5.5
2024-11-11,POL-5600,EU,Iberia Polymers,5.5
2024-11-18,POL-5600,EU,Iberia Polymers,5.4
2024-11-25,POL-5600,EU,Iberia Polymers,4.7
2024-12-02,POL-5600,EU,Iberia Polymers,9.0
2024-12-09,POL-5600,EU,Iberia Polymers,6.9
2024-12-16,POL-5600,EU,Iberia Polymers,6.3
2024-12-23,POL-5600,EU,Iberia Polymers,7.9
2024-12-30,POL-5600,EU,Iberia Polymers,7.4
2025-01-06,POL-5600,EU,Iberia Polymers,7.2
2025-01-13,POL-5600,EU,Iberia Polymers,7.9
2025-01-20,POL-5600,EU,Iberia Polymers,7.1
2025-01-27,POL-5600,EU,Iberia Polymers,8.0
2025-02-03,POL-5600,EU,Iberia Polymers,8.4
2025-02-10,POL-5600,EU,Iberia Polymers,7.4
2025-02-17,POL-5600,EU,Iberia Polymers,6.7
2025-02-24,POL-5600,EU,Iberia Polymers,9.8
2025-03-03,POL-5600,EU,Iberia Polymers,6.3
2025-03-10,POL-5600,EU,Iberia Polymers,7.7
2025-03-17,POL-5600,EU,Iberia Polymers,7.8
2025-03-24,POL-5600,EU,Iberia Polymers,6.2
2025-03-31,POL-5600,EU,Iberia Polymers,6.0
2025-04-07,POL-5600,EU,Iberia Polymers,6.4
2025-04-14,POL-5600,EU,Iberia Polymers,6.1
2025-04-21,POL-5600,EU,Iberia Polymers,4.7
2025-04-28,POL-5600,EU,Iberia Polymers,5.5
2025-05-05,POL-5600,EU,Iberia Polymers,6.5
2025-05-12,POL-5600,EU,Iberia Polymers,8.0
2025-05-19,POL-5600,EU,Iberia Polymers,6.7
2025-05-26,POL-5600,EU,Iberia Polymers,3.2
2025-06-02,POL-5600,EU,Iberia Polymers,6.3
2025-06-09,POL-5600,EU,Iberia Polymers,4.8
2025-06-16,POL-5600,EU,Iberia Polymers,5.9
2025-06-23,POL-5600,EU,Iberia Polymers,5.4
2025-06-30,POL-5600,EU,Iberia Polymers,5.3
2025-07-07,POL-5600,EU,Iberia Polymers,5.3
2025-07-14,POL-5600,EU,Iberia Polymers,5.3
2025-07-21,POL-5600,EU,Iberia Polymers,6.9
2025-07-28,POL-5600,EU,Iberia Polymers,5.1
2025-08-04,POL-5600,EU,Iberia Polymers,6.4
2025-08-11,POL-5600,EU,Iberia Polymers,6.1
2025-08-18,POL-5600,EU,Iberia Polymers,5.7
2025-08-25,POL-5600,EU,Iberia Polymers,3.4
2025-09-01,POL-5600,EU,Iberia Polymers,6.5
2025-09-08,POL-5600,EU,Iberia Polymers,4.7
2025-09-15,POL-5600,EU,Iberia Polymers,6.1
2025-09-22,POL-5600,EU,Iberia Polymers,4.2
2025-09-29,POL-5600,EU,Iberia Polymers,4.0
2025-10-06,POL-5600,EU,Iberia Polymers,8.1
2025-10-13,POL-5600,EU,Iberia Polymers,4.4
2025-10-20,POL-5600,EU,Iberia Polymers,7.3
2025-10-27,POL-5600,EU,Iberia Polymers,5.9
2025-11-03,POL-5600,EU,Iberia Polymers,5.5
2025-11-10,POL-5600,EU,Iberia Polymers,6.0
2025-11-17,POL-5600,EU,Iberia Polymers,4.6
2025-11-24,POL-5600,EU,Iberia Polymers,6.1
2025-12-01,POL-5600,EU,Iberia Polymers,4.9
2025-12-08,POL-5600,EU,Iberia Polymers,6.0
2025-12-15,POL-5600,EU,Iberia Polymers,8.1
2025-12-22,POL-5600,EU,Iberia Polymers,7.2
2025-12-29,POL-5600,EU,Iberia Polymers,4.9
2026-01-05,POL-5600,EU,Iberia Polymers,8.4
2026-01-12,POL-5600,EU,Iberia Polymers,7.1
2026-01-19,POL-5600,EU,Iberia Polymers,6.3
2026-01-26,POL-5600,EU,Iberia Polymers,8.5
2026-02-02,POL-5600,EU,Iberia Polymers,6.9
2026-02-09,POL-5600,EU,Iberia Polymers,5.6
2026-02-16,POL-5600,EU,Iberia Polymers,10.8
2026-02-23,POL-5600,EU,Iberia Polymers,7.0
2026-03-02,POL-5600,EU,Iberia Polymers,6.7
2026-03-09,POL-5600,EU,Iberia Polymers,6.3
2026-03-16,POL-5600,EU,Iberia Polymers,9.0
2026-03-23,POL-5600,EU,Iberia Polymers,6.1
2026-03-30,POL-5600,EU,Iberia Polymers,4.8
2026-04-06,POL-5600,EU,Iberia Polymers,5.8
2026-04-13,POL-5600,EU,Iberia Polymers,9.0
2026-04-20,POL-5600,EU,Iberia Polymers,8.0
2026-04-27,POL-5600,EU,Iberia Polymers,6.1
2026-05-04,POL-5600,EU,Iberia Polymers,8.7
2026-05-11,POL-5600,EU,Iberia Polymers,7.5
2026-05-18,POL-5600,EU,Iberia Polymers,6.0
2026-05-25,POL-5600,EU,Iberia Polymers,6.0
2026-06-01,POL-5600,EU,Iberia Polymers,6.5
2026-06-08,POL-5600,EU,Iberia Polymers,4.8
2026-06-15,POL-5600,EU,Iberia Polymers,5.8
2026-06-22,POL-5600,EU,Iberia Polymers,6.2
2026-06-29,POL-5600,EU,Iberia Polymers,3.9
2026-07-06,POL-5600,EU,Iberia Polymers,5.4
2026-07-13,POL-5600,EU,Iberia Polymers,5.3
2026-07-20,POL-5600,EU,Iberia Polymers,6.9
2026-07-27,POL-5600,EU,Iberia Polymers,3.6
2026-08-03,POL-5600,EU,Iberia Polymers,5.0
2026-08-10,POL-5600,EU,Iberia Polymers,4.8
2026-08-17,POL-5600,EU,Iberia Polymers,6.6
2026-08-24,POL-5600,EU,Iberia Polymers,5.2
2026-08-31,POL-5600,EU,Iberia Polymers,7.7
2026-09-07,POL-5600,EU,Iberia Polymers,6.1
2026-09-14,POL-5600,EU,Iberia Polymers,4.8
2026-09-21,POL-5600,EU,Iberia Polymers,5.6
2026-09-28,POL-5600,EU,Iberia Polymers,4.7
2024-10-07,POL-5600,APAC,Pacific Coatings,28.9
2024-10-14,POL-5600,APAC,Pacific Coatings,19.4
2024-10-21,POL-5600,APAC,Pacific Coatings,14.9
2024-10-28,POL-5600,APAC,Pacific Coatings,20.2
2024-11-04,POL-5600,APAC,Pacific Coatings,27.4
2024-11-11,POL-5600,APAC,Pacific Coatings,26.9
2024-11-18,POL-5600,APAC,Pacific Coatings,30.1
2024-11-25,POL-5600,APAC,Pacific Coatings,22.7
2024-12-02,POL-5600,APAC,Pacific Coatings,19.5
2024-12-09,POL-5600,APAC,Pacific Coatings,22.2
2024-12-16,POL-5600,APAC,Pacific Coatings,24.3
2024-12-23,POL-5600,APAC,Pacific Coatings,25.0
2024-12-30,POL-5600,APAC,Pacific Coatings,20.0
2025-01-06,POL-5600,APAC,Pacific Coatings,28.4
2025-01-13,POL-5600,APAC,Pacific Coatings,19.9
2025-01-20,POL-5600,APAC,Pacific Coatings,18.6
2025-01-27,POL-5600,APAC,Pacific Coatings,19.9
2025-02-03,POL-5600,APAC,Pacific Coatings,28.2
2025-02-10,POL-5600,APAC,Pacific Coatings,21.3
2025-02-17,POL-5600,APAC,Pacific Coatings,18.8
2025-02-24,POL-5600,APAC,Pacific Coatings,27.1
2025-03-03,POL-5600,APAC,Pacific Coatings,36.9
2025-03-10,POL-5600,APAC,Pacific Coatings,24.9
2025-03-17,POL-5600,APAC,Pacific Coatings,31.3
2025-03-24,POL-5600,APAC,Pacific Coatings,30.3
2025-03-31,POL-5600,APAC,Pacific Coatings,21.1
2025-04-07,POL-5600,APAC,Pacific Coatings,24.5
2025-04-14,POL-5600,APAC,Pacific Coatings,18.8
2025-04-21,POL-5600,APAC,Pacific Coatings,24.8
2025-04-28,POL-5600,APAC,Pacific Coatings,22.8
2025-05-05,POL-5600,APAC,Pacific Coatings,24.3
2025-05-12,POL-5600,APAC,Pacific Coatings,22.4
2025-05-19,POL-5600,APAC,Pacific Coatings,25.2
2025-05-26,POL-5600,APAC,Pacific Coatings,30.3
2025-06-02,POL-5600,APAC,Pacific Coatings,26.7
2025-06-09,POL-5600,APAC,Pacific Coatings,18.2
2025-06-16,POL-5600,APAC,Pacific Coatings,23.7
2025-06-23,POL-5600,APAC,Pacific Coatings,19.8
2025-06-30,POL-5600,APAC,Pacific Coatings,28.9
2025-07-07,POL-5600,APAC,Pacific Coatings,32.0
2025-07-14,POL-5600,APAC,Pacific Coatings,30.0
2025-07-21,POL-5600,APAC,Pacific Coatings,23.6
2025-07-28,POL-5600,APAC,Pacific Coatings,30.6
2025-08-04,POL-5600,APAC,Pacific Coatings,27.5
2025-08-11,POL-5600,APAC,Pacific Coatings,23.3
2025-08-18,POL-5600,APAC,Pacific Coatings,35.0
2025-08-25,POL-5600,APAC,Pacific Coatings,35.7
2025-09-01,POL-5600,APAC,Pacific Coatings,37.5
2025-09-08,POL-5600,APAC,Pacific Coatings,26.0
2025-09-15,POL-5600,APAC,Pacific Coatings,38.2
2025-09-22,POL-5600,APAC,Pacific Coatings,26.4
2025-09-29,POL-5600,APAC,Pacific Coatings,33.7
2025-10-06,POL-5600,APAC,Pacific Coatings,25.5
2025-10-13,POL-5600,APAC,Pacific Coatings,26.7
2025-10-20,POL-5600,APAC,Pacific Coatings,15.9
2025-10-27,POL-5600,APAC,Pacific Coatings,24.7
2025-11-03,POL-5600,APAC,Pacific Coatings,26.2
2025-11-10,POL-5600,APAC,Pacific Coatings,23.1
2025-11-17,POL-5600,APAC,Pacific Coatings,36.0
2025-11-24,POL-5600,APAC,Pacific Coatings,18.7
2025-12-01,POL-5600,APAC,Pacific Coatings,21.2
2025-12-08,POL-5600,APAC,Pacific Coatings,19.2
2025-12-15,POL-5600,APAC,Pacific Coatings,20.4
2025-12-22,POL-5600,APAC,Pacific Coatings,28.4
2025-12-29,POL-5600,APAC,Pacific Coatings,30.8
2026-01-05,POL-5600,APAC,Pacific Coatings,18.6
2026-01-12,POL-5600,APAC,Pacific Coatings,18.3
2026-01-19,POL-5600,APAC,Pacific Coatings,16.5
2026-01-26,POL-5600,APAC,Pacific Coatings,28.9
2026-02-02,POL-5600,APAC,Pacific Coatings,28.1
2026-02-09,POL-5600,APAC,Pacific Coatings,21.5
2026-02-16,POL-5600,APAC,Pacific Coatings,16.1
2026-02-23,POL-5600,APAC,Pacific Coatings,16.2
2026-03-02,POL-5600,APAC,Pacific Coatings,22.9
2026-03-09,POL-5600,APAC,Pacific Coatings,25.3
2026-03-16,POL-5600,APAC,Pacific Coatings,14.5
2026-03-23,POL-5600,APAC,Pacific Coatings,21.0
2026-03-30,POL-5600,APAC,Pacific Coatings,33.3
2026-04-06,POL-5600,APAC,Pacific Coatings,22.8
2026-04-13,POL-5600,APAC,Pacific Coatings,33.3
2026-04-20,POL-5600,APAC,Pacific Coatings,28.1
2026-04-27,POL-5600,APAC,Pacific Coatings,19.6
2026-05-04,POL-5600,APAC,Pacific Coatings,24.0
2026-05-11,POL-5600,APAC,Pacific Coatings,25.3
2026-05-18,POL-5600,APAC,Pacific Coatings,21.6
2026-05-25,POL-5600,APAC,Pacific Coatings,21.8
2026-06-01,POL-5600,APAC,Pacific Coatings,38.4
2026-06-08,POL-5600,APAC,Pacific Coatings,23.1
2026-06-15,POL-5600,APAC,Pacific Coatings,35.6
2026-06-22,POL-5600,APAC,Pacific Coatings,25.9
2026-06-29,POL-5600,APAC,Pacific Coatings,28.8
2026-07-06,POL-5600,APAC,Pacific Coatings,33.3
2026-07-13,POL-5600,APAC,Pacific Coatings,25.9
2026-07-20,POL-5600,APAC,Pacific Coatings,32.9
2026-07-27,POL-5600,APAC,Pacific Coatings,18.7
2026-08-03,POL-5600,APAC,Pacific Coatings,33.3
2026-08-10,POL-5600,APAC,Pacific Coatings,17.2
2026-08-17,POL-5600,APAC,Pacific Coatings,29.2
2026-08-24,POL-5600,APAC,Pacific Coatings,37.7
2026-08-31,POL-5600,APAC,Pacific Coatings,36.5
2026-09-07,POL-5600,APAC,Pacific Coatings,24.0
2026-09-14,POL-5600,APAC,Pacific Coatings,24.9
2026-09-21,POL-5600,APAC,Pacific Coatings,28.3
2026-09-28,POL-5600,APAC,Pacific Coatings,34.9
2024-10-07,POL-5600,APAC,Shenzhen Electronic Materials,40.0
2024-10-14,POL-5600,APAC,Shenzhen Electronic Materials,61.3
2024-10-21,POL-5600,APAC,Shenzhen Electronic Materials,64.6
2024-10-28,POL-5600,APAC,Shenzhen Electronic Materials,55.6
2024-11-04,POL-5600,APAC,Shenzhen Electronic Materials,64.7
2024-11-11,POL-5600,APAC,Shenzhen Electronic Materials,60.2
2024-11-18,POL-5600,APAC,Shenzhen Electronic Materials,48.8
2024-11-25,POL-5600,APAC,Shenzhen Electronic Materials,35.1
2024-12-02,POL-5600,APAC,Shenzhen Electronic Materials,53.8
2024-12-09,POL-5600,APAC,Shenzhen Electronic Materials,41.3
2024-12-16,POL-5600,APAC,Shenzhen Electronic Materials,44.5
2024-12-23,POL-5600,APAC,Shenzhen Electronic Materials,55.4
2024-12-30,POL-5600,APAC,Shenzhen Electronic Materials,68.1
2025-01-06,POL-5600,APAC,Shenzhen Electronic Materials,48.4
2025-01-13,POL-5600,APAC,Shenzhen Electronic Materials,53.9
2025-01-20,POL-5600,APAC,Shenzhen Electronic Materials,34.3
2025-01-27,POL-5600,APAC,Shenzhen Electronic Materials,49.6
2025-02-03,POL-5600,APAC,Shenzhen Electronic Materials,46.1
2025-02-10,POL-5600,APAC,Shenzhen Electronic Materials,60.2
2025-02-17,POL-5600,APAC,Shenzhen Electronic Materials,40.8
2025-02-24,POL-5600,APAC,Shenzhen Electronic Materials,44.0
2025-03-03,POL-5600,APAC,Shenzhen Electronic Materials,60.9
2025-03-10,POL-5600,APAC,Shenzhen Electronic Materials,48.9
2025-03-17,POL-5600,APAC,Shenzhen Electronic Materials,39.2
2025-03-24,POL-5600,APAC,Shenzhen Electronic Materials,88.7
2025-03-31,POL-5600,APAC,Shenzhen Electronic Materials,39.8
2025-04-07,POL-5600,APAC,Shenzhen Electronic Materials,50.2
2025-04-14,POL-5600,APAC,Shenzhen Electronic Materials,56.4
2025-04-21,POL-5600,APAC,Shenzhen Electronic Materials,57.7
2025-04-28,POL-5600,APAC,Shenzhen Electronic Materials,52.5
2025-05-05,POL-5600,APAC,Shenzhen Electronic Materials,53.5
2025-05-12,POL-5600,APAC,Shenzhen Electronic Materials,52.5
2025-05-19,POL-5600,APAC,Shenzhen Electronic Materials,44.0
2025-05-26,POL-5600,APAC,Shenzhen Electronic Materials,90.7
2025-06-02,POL-5600,APAC,Shenzhen Electronic Materials,54.6
2025-06-09,POL-5600,APAC,Shenzhen Electronic Materials,65.6
2025-06-16,POL-5600,APAC,Shenzhen Electronic Materials,54.4
2025-06-23,POL-5600,APAC,Shenzhen Electronic Materials,53.6
2025-06-30,POL-5600,APAC,Shenzhen Electronic Materials,52.0
2025-07-07,POL-5600,APAC,Shenzhen Electronic Materials,42.7
2025-07-14,POL-5600,APAC,Shenzhen Electronic Materials,57.3
2025-07-21,POL-5600,APAC,Shenzhen Electronic Materials,53.8
2025-07-28,POL-5600,APAC,Shenzhen Electronic Materials,78.7
2025-08-04,POL-5600,APAC,Shenzhen Electronic Materials,49.1
2025-08-11,POL-5600,APAC,Shenzhen Electronic Materials,55.2
2025-08-18,POL-5600,APAC,Shenzhen Electronic Materials,51.2
2025-08-25,POL-5600,APAC,Shenzhen Electronic Materials,85.8
2025-09-01,POL-5600,APAC,Shenzhen Electronic Materials,52.6
2025-09-08,POL-5600,APAC,Shenzhen Electronic Materials,70.5
2025-09-15,POL-5600,APAC,Shenzhen Electronic Materials,76.4
2025-09-22,POL-5600,APAC,Shenzhen Electronic Materials,59.7
2025-09-29,POL-5600,APAC,Shenzhen Electronic Materials,45.1
2025-10-06,POL-5600,APAC,Shenzhen Electronic Materials,44.3
2025-10-13,POL-5600,APAC,Shenzhen Electronic Materials,71.1
2025-10-20,POL-5600,APAC,Shenzhen Electronic Materials,42.9
2025-10-27,POL-5600,APAC,Shenzhen Electronic Materials,60.2
2025-11-03,POL-5600,APAC,Shenzhen Electronic Materials,55.2
2025-11-10,POL-5600,APAC,Shenzhen Electronic Materials,57.5
2025-11-17,POL-5600,APAC,Shenzhen Electronic Materials,56.8
2025-11-24,POL-5600,APAC,Shenzhen Electronic Materials,41.2
2025-12-01,POL-5600,APAC,Shenzhen Electronic Materials,40.6
2025-12-08,POL-5600,APAC,Shenzhen Electronic Materials,57.6
2025-12-15,POL-5600,APAC,Shenzhen Electronic Materials,42.2
2025-12-22,POL-5600,APAC,Shenzhen Electronic Materials,25.9
2025-12-29,POL-5600,APAC,Shenzhen Electronic Materials,53.8
2026-01-05,POL-5600,APAC,Shenzhen Electronic Materials,36.1
2026-01-12,POL-5600,APAC,Shenzhen Electronic Materials,49.9
2026-01-19,POL-5600,APAC,Shenzhen Electronic Materials,60.4
2026-01-26,POL-5600,APAC,Shenzhen Electronic Materials,45.6
2026-02-02,POL-5600,APAC,Shenzhen Electronic Materials,57.4
2026-02-09,POL-5600,APAC,Shenzhen Electronic Materials,47.8
2026-02-16,POL-5600,APAC,Shenzhen Electronic Materials,64.9
2026-02-23,POL-5600,APAC,Shenzhen Electronic Materials,35.9
2026-03-02,POL-5600,APAC,Shenzhen Electronic Materials,46.2
2026-03-09,POL-5600,APAC,Shenzhen Electronic Materials,54.5
2026-03-16,POL-5600,APAC,Shenzhen Electronic Materials,45.8
2026-03-23,POL-5600,APAC,Shenzhen Electronic Materials,61.0
2026-03-30,POL-5600,APAC,Shenzhen Electronic Materials,44.4
2026-04-06,POL-5600,APAC,Shenzhen Electronic Materials,78.9
2026-04-13,POL-5600,APAC,Shenzhen Electronic Materials,80.2
2026-04-20,POL-5600,APAC,Shenzhen Electronic Materials,54.4
2026-04-27,POL-5600,APAC,Shenzhen Electronic Materials,59.0
2026-05-04,POL-5600,APAC,Shenzhen Electronic Materials,69.7
2026-05-11,POL-5600,APAC,Shenzhen Electronic Materials,42.0
2026-05-18,POL-5600,APAC,Shenzhen Electronic Materials,41.8
2026-05-25,POL-5600,APAC,Shenzhen Electronic Materials,74.6
2026-06-01,POL-5600,APAC,Shenzhen Electronic Materials,61.3
2026-06-08,POL-5600,APAC,Shenzhen Electronic Materials,57.1
2026-06-15,POL-5600,APAC,Shenzhen Electronic Materials,59.1
2026-06-22,POL-5600,APAC,Shenzhen Electronic Materials,35.4
2026-06-29,POL-5600,APAC,Shenzhen Electronic Materials,58.2
2026-07-06,POL-5600,APAC,Shenzhen Electronic Materials,52.3
2026-07-13,POL-5600,APAC,Shenzhen Electronic Materials,75.9
2026-07-20,POL-5600,APAC,Shenzhen Electronic Materials,75.8
2026-07-27,POL-5600,APAC,Shenzhen Electronic Materials,69.9
2026-08-03,POL-5600,APAC,Shenzhen Electronic Materials,69.2
2026-08-10,POL-5600,APAC,Shenzhen Electronic Materials,44.5
2026-08-17,POL-5600,APAC,Shenzhen Electronic Materials,73.3
2026-08-24,POL-5600,APAC,Shenzhen Electronic Materials,75.2
2026-08-31,POL-5600,APAC,Shenzhen Electronic Materials,87.7
2026-09-07,POL-5600,APAC,Shenzhen Electronic Materials,106.5
2026-09-14,POL-5600,APAC,Shenzhen Electronic Materials,46.4
2026-09-21,POL-5600,APAC,Shenzhen Electronic Materials,63.4
2026-09-28,POL-5600,APAC,Shenzhen Electronic Materials,59.7
2024-10-07,POL-5600,APAC,Jurong Construction Chem,2.5
2024-10-14,POL-5600,APAC,Jurong Construction Chem,2.4
2024-10-21,POL-5600,APAC,Jurong Construction Chem,2.2
2024-10-28,POL-5600,APAC,Jurong Construction Chem,2.9
2024-11-04,POL-5600,APAC,Jurong Construction Chem,1.7
2024-11-11,POL-5600,APAC,Jurong Construction Chem,1.8
2024-11-18,POL-5600,APAC,Jurong Construction Chem,1.7
2024-11-25,POL-5600,APAC,Jurong Construction Chem,1.9
2024-12-02,POL-5600,APAC,Jurong Construction Chem,1.5
2024-12-09,POL-5600,APAC,Jurong Construction Chem,1.9
2024-12-16,POL-5600,APAC,Jurong Construction Chem,1.9
2024-12-23,POL-5600,APAC,Jurong Construction Chem,1.6
2024-12-30,POL-5600,APAC,Jurong Construction Chem,2.3
2025-01-06,POL-5600,APAC,Jurong Construction Chem,1.9
2025-01-13,POL-5600,APAC,Jurong Construction Chem,2.3
2025-01-20,POL-5600,APAC,Jurong Construction Chem,1.7
2025-01-27,POL-5600,APAC,Jurong Construction Chem,1.8
2025-02-03,POL-5600,APAC,Jurong Construction Chem,1.6
2025-02-10,POL-5600,APAC,Jurong Construction Chem,1.8
2025-02-17,POL-5600,APAC,Jurong Construction Chem,2.1
2025-02-24,POL-5600,APAC,Jurong Construction Chem,1.6
2025-03-03,POL-5600,APAC,Jurong Construction Chem,2.1
2025-03-10,POL-5600,APAC,Jurong Construction Chem,1.6
2025-03-17,POL-5600,APAC,Jurong Construction Chem,2.3
2025-03-24,POL-5600,APAC,Jurong Construction Chem,1.7
2025-03-31,POL-5600,APAC,Jurong Construction Chem,2.3
2025-04-07,POL-5600,APAC,Jurong Construction Chem,2.0
2025-04-14,POL-5600,APAC,Jurong Construction Chem,2.8
2025-04-21,POL-5600,APAC,Jurong Construction Chem,1.6
2025-04-28,POL-5600,APAC,Jurong Construction Chem,1.5
2025-05-05,POL-5600,APAC,Jurong Construction Chem,1.9
2025-05-12,POL-5600,APAC,Jurong Construction Chem,1.6
2025-05-19,POL-5600,APAC,Jurong Construction Chem,1.6
2025-05-26,POL-5600,APAC,Jurong Construction Chem,2.5
2025-06-02,POL-5600,APAC,Jurong Construction Chem,2.2
2025-06-09,POL-5600,APAC,Jurong Construction Chem,2.0
2025-06-16,POL-5600,APAC,Jurong Construction Chem,2.1
2025-06-23,POL-5600,APAC,Jurong Construction Chem,2.0
2025-06-30,POL-5600,APAC,Jurong Construction Chem,3.2
2025-07-07,POL-5600,APAC,Jurong Construction Chem,2.0
2025-07-14,POL-5600,APAC,Jurong Construction Chem,1.7
2025-07-21,POL-5600,APAC,Jurong Construction Chem,2.7
2025-07-28,POL-5600,APAC,Jurong Construction Chem,2.2
2025-08-04,POL-5600,APAC,Jurong Construction Chem,3.8
2025-08-11,POL-5600,APAC,Jurong Construction Chem,2.1
2025-08-18,POL-5600,APAC,Jurong Construction Chem,2.9
2025-08-25,POL-5600,APAC,Jurong Construction Chem,3.0
2025-09-01,POL-5600,APAC,Jurong Construction Chem,2.2
2025-09-08,POL-5600,APAC,Jurong Construction Chem,2.0
2025-09-15,POL-5600,APAC,Jurong Construction Chem,2.8
2025-09-22,POL-5600,APAC,Jurong Construction Chem,2.7
2025-09-29,POL-5600,APAC,Jurong Construction Chem,1.7
2025-10-06,POL-5600,APAC,Jurong Construction Chem,1.8
2025-10-13,POL-5600,APAC,Jurong Construction Chem,1.3
2025-10-20,POL-5600,APAC,Jurong Construction Chem,2.5
2025-10-27,POL-5600,APAC,Jurong Construction Chem,2.0
2025-11-03,POL-5600,APAC,Jurong Construction Chem,2.0
2025-11-10,POL-5600,APAC,Jurong Construction Chem,1.4
2025-11-17,POL-5600,APAC,Jurong Construction Chem,1.5
2025-11-24,POL-5600,APAC,Jurong Construction Chem,1.8
2025-12-01,POL-5600,APAC,Jurong Construction Chem,1.7
2025-12-08,POL-5600,APAC,Jurong Construction Chem,1.9
2025-12-15,POL-5600,APAC,Jurong Construction Chem,2.1
2025-12-22,POL-5600,APAC,Jurong Construction Chem,3.0
2025-12-29,POL-5600,APAC,Jurong Construction Chem,1.8
2026-01-05,POL-5600,APAC,Jurong Construction Chem,2.2
2026-01-12,POL-5600,APAC,Jurong Construction Chem,1.4
2026-01-19,POL-5600,APAC,Jurong Construction Chem,1.2
2026-01-26,POL-5600,APAC,Jurong Construction Chem,1.6
2026-02-02,POL-5600,APAC,Jurong Construction Chem,1.2
2026-02-09,POL-5600,APAC,Jurong Construction Chem,1.8
2026-02-16,POL-5600,APAC,Jurong Construction Chem,1.5
2026-02-23,POL-5600,APAC,Jurong Construction Chem,1.1
2026-03-02,POL-5600,APAC,Jurong Construction Chem,2.6
2026-03-09,POL-5600,APAC,Jurong Construction Chem,1.6
2026-03-16,POL-5600,APAC,Jurong Construction Chem,1.3
2026-03-23,POL-5600,APAC,Jurong Construction Chem,2.2
2026-03-30,POL-5600,APAC,Jurong Construction Chem,1.6
2026-04-06,POL-5600,APAC,Jurong Construction Chem,2.4
2026-04-13,POL-5600,APAC,Jurong Construction Chem,1.6
2026-04-20,POL-5600,APAC,Jurong Construction Chem,1.7
2026-04-27,POL-5600,APAC,Jurong Construction Chem,2.2
2026-05-04,POL-5600,APAC,Jurong Construction Chem,2.3
2026-05-11,POL-5600,APAC,Jurong Construction Chem,2.5
2026-05-18,POL-5600,APAC,Jurong Construction Chem,2.1
2026-05-25,POL-5600,APAC,Jurong Construction Chem,2.4
2026-06-01,POL-5600,APAC,Jurong Construction Chem,2.6
2026-06-08,POL-5600,APAC,Jurong Construction Chem,2.4
2026-06-15,POL-5600,APAC,Jurong Construction Chem,2.2
2026-06-22,POL-5600,APAC,Jurong Construction Chem,1.7
2026-06-29,POL-5600,APAC,Jurong Construction Chem,2.7
2026-07-06,POL-5600,APAC,Jurong Construction Chem,2.4
2026-07-13,POL-5600,APAC,Jurong Construction Chem,2.2
2026-07-20,POL-5600,APAC,Jurong Construction Chem,3.1
2026-07-27,POL-5600,APAC,Jurong Construction Chem,1.7
2026-08-03,POL-5600,APAC,Jurong Construction Chem,3.5
2026-08-10,POL-5600,APAC,Jurong Construction Chem,2.4
2026-08-17,POL-5600,APAC,Jurong Construction Chem,2.7
2026-08-24,POL-5600,APAC,Jurong Construction Chem,2.3
2026-08-31,POL-5600,APAC,Jurong Construction Chem,1.8
2026-09-07,POL-5600,APAC,Jurong Construction Chem,2.5
2026-09-14,POL-5600,APAC,Jurong Construction Chem,2.8
2026-09-21,POL-5600,APAC,Jurong Construction Chem,3.1
2026-09-28,POL-5600,APAC,Jurong Construction Chem,2.6
2024-10-07,POL-5600,LATAM,Andes Plastics,17.8
2024-10-14,POL-5600,LATAM,Andes Plastics,12.8
2024-10-21,POL-5600,LATAM,Andes Plastics,21.3
2024-10-28,POL-5600,LATAM,Andes Plastics,15.0
2024-11-04,POL-5600,LATAM,Andes Plastics,16.2
2024-11-11,POL-5600,LATAM,Andes Plastics,13.6
2024-11-18,POL-5600,LATAM,Andes Plastics,16.3
2024-11-25,POL-5600,LATAM,Andes Plastics,19.5
2024-12-02,POL-5600,LATAM,Andes Plastics,13.0
2024-12-09,POL-5600,LATAM,Andes Plastics,19.4
2024-12-16,POL-5600,LATAM,Andes Plastics,11.2
2024-12-23,POL-5600,LATAM,Andes Plastics,15.0
2024-12-30,POL-5600,LATAM,Andes Plastics,13.8
2025-01-06,POL-5600,LATAM,Andes Plastics,9.9
2025-01-13,POL-5600,LATAM,Andes Plastics,13.0
2025-01-20,POL-5600,LATAM,Andes Plastics,12.6
2025-01-27,POL-5600,LATAM,Andes Plastics,10.5
2025-02-03,POL-5600,LATAM,Andes Plastics,13.3
2025-02-10,POL-5600,LATAM,Andes Plastics,12.6
2025-02-17,POL-5600,LATAM,Andes Plastics,11.9
2025-02-24,POL-5600,LATAM,Andes Plastics,11.9
2025-03-03,POL-5600,LATAM,Andes Plastics,12.2
2025-03-10,POL-5600,LATAM,Andes Plastics,11.7
2025-03-17,POL-5600,LATAM,Andes Plastics,13.1
2025-03-24,POL-5600,LATAM,Andes Plastics,11.0
2025-03-31,POL-5600,LATAM,Andes Plastics,23.2
2025-04-07,POL-5600,LATAM,Andes Plastics,9.5
2025-04-14,POL-5600,LATAM,Andes Plastics,11.5
2025-04-21,POL-5600,LATAM,Andes Plastics,12.0
2025-04-28,POL-5600,LATAM,Andes Plastics,22.0
2025-05-05,POL-5600,LATAM,Andes Plastics,10.8
2025-05-12,POL-5600,LATAM,Andes Plastics,15.7
2025-05-19,POL-5600,LATAM,Andes Plastics,15.5
2025-05-26,POL-5600,LATAM,Andes Plastics,16.1
2025-06-02,POL-5600,LATAM,Andes Plastics,20.2
2025-06-09,POL-5600,LATAM,Andes Plastics,21.0
2025-06-16,POL-5600,LATAM,Andes Plastics,14.4
2025-06-23,POL-5600,LATAM,Andes Plastics,16.7
2025-06-30,POL-5600,LATAM,Andes Plastics,10.9
2025-07-07,POL-5600,LATAM,Andes Plastics,16.6
2025-07-14,POL-5600,LATAM,Andes Plastics,14.1
2025-07-21,POL-5600,LATAM,Andes Plastics,16.3
2025-07-28,POL-5600,LATAM,Andes Plastics,11.9
2025-08-04,POL-5600,LATAM,Andes Plastics,18.8
2025-08-11,POL-5600,LATAM,Andes Plastics,12.0
2025-08-18,POL-5600,LATAM,Andes Plastics,18.3
2025-08-25,POL-5600,LATAM,Andes Plastics,13.5
2025-09-01,POL-5600,LATAM,Andes Plastics,14.7
2025-09-08,POL-5600,LATAM,Andes Plastics,22.8
2025-09-15,POL-5600,LATAM,Andes Plastics,19.6
2025-09-22,POL-5600,LATAM,Andes Plastics,22.0
2025-09-29,POL-5600,LATAM,Andes Plastics,23.8
2025-10-06,POL-5600,LATAM,Andes Plastics,14.1
2025-10-13,POL-5600,LATAM,Andes Plastics,23.1
2025-10-20,POL-5600,LATAM,Andes Plastics,11.6
2025-10-27,POL-5600,LATAM,Andes Plastics,18.6
2025-11-03,POL-5600,LATAM,Andes Plastics,14.1
2025-11-10,POL-5600,LATAM,Andes Plastics,12.5
2025-11-17,POL-5600,LATAM,Andes Plastics,17.0
2025-11-24,POL-5600,LATAM,Andes Plastics,17.8
2025-12-01,POL-5600,LATAM,Andes Plastics,17.6
2025-12-08,POL-5600,LATAM,Andes Plastics,14.8
2025-12-15,POL-5600,LATAM,Andes Plastics,14.5
2025-12-22,POL-5600,LATAM,Andes Plastics,15.7
2025-12-29,POL-5600,LATAM,Andes Plastics,14.8
2026-01-05,POL-5600,LATAM,Andes Plastics,15.5
2026-01-12,POL-5600,LATAM,Andes Plastics,14.6
2026-01-19,POL-5600,LATAM,Andes Plastics,16.6
2026-01-26,POL-5600,LATAM,Andes Plastics,9.3
2026-02-02,POL-5600,LATAM,Andes Plastics,13.2
2026-02-09,POL-5600,LATAM,Andes Plastics,9.9
2026-02-16,POL-5600,LATAM,Andes Plastics,14.4
2026-02-23,POL-5600,LATAM,Andes Plastics,19.8
2026-03-02,POL-5600,LATAM,Andes Plastics,12.3
2026-03-09,POL-5600,LATAM,Andes Plastics,13.9
2026-03-16,POL-5600,LATAM,Andes Plastics,15.9
2026-03-23,POL-5600,LATAM,Andes Plastics,8.6
2026-03-30,POL-5600,LATAM,Andes Plastics,12.3
2026-04-06,POL-5600,LATAM,Andes Plastics,15.3
2026-04-13,POL-5600,LATAM,Andes Plastics,7.7
2026-04-20,POL-5600,LATAM,Andes Plastics,11.7
2026-04-27,POL-5600,LATAM,Andes Plastics,18.4
2026-05-04,POL-5600,LATAM,Andes Plastics,18.4
2026-05-11,POL-5600,LATAM,Andes Plastics,16.3
2026-05-18,POL-5600,LATAM,Andes Plastics,18.8
2026-05-25,POL-5600,LATAM,Andes Plastics,16.7
2026-06-01,POL-5600,LATAM,Andes Plastics,18.4
2026-06-08,POL-5600,LATAM,Andes Plastics,15.6
2026-06-15,POL-5600,LATAM,Andes Plastics,17.6
2026-06-22,POL-5600,LATAM,Andes Plastics,15.2
2026-06-29,POL-5600,LATAM,Andes Plastics,23.2
2026-07-06,POL-5600,LATAM,Andes Plastics,24.9
2026-07-13,POL-5600,LATAM,Andes Plastics,24.5
2026-07-20,POL-5600,LATAM,Andes Plastics,16.8
2026-07-27,POL-5600,LATAM,Andes Plastics,15.0
2026-08-03,POL-5600,LATAM,Andes Plastics,24.7
2026-08-10,POL-5600,LATAM,Andes Plastics,20.9
2026-08-17,POL-5600,LATAM,Andes Plastics,20.0
2026-08-24,POL-5600,LATAM,Andes Plastics,16.3
2026-08-31,POL-5600,LATAM,Andes Plastics,19.9
2026-09-07,POL-5600,LATAM,Andes Plastics,13.9
2026-09-14,POL-5600,LATAM,Andes Plastics,19.7
2026-09-21,POL-5600,LATAM,Andes Plastics,22.3
2026-09-28,POL-5600,LATAM,Andes Plastics,23.0
2024-10-07,POL-5600,LATAM,Brasil Tintas,15.8
2024-10-14,POL-5600,LATAM,Brasil Tintas,9.8
2024-10-21,POL-5600,LATAM,Brasil Tintas,13.7
2024-10-28,POL-5600,LATAM,Brasil Tintas,20.6
2024-11-04,POL-5600,LATAM,Brasil Tintas,10.5
2024-11-11,POL-5600,LATAM,Brasil Tintas,12.4
2024-11-18,POL-5600,LATAM,Brasil Tintas,16.7
2024-11-25,POL-5600,LATAM,Brasil Tintas,13.7
2024-12-02,POL-5600,LATAM,Brasil Tintas,20.0
2024-12-09,POL-5600,LATAM,Brasil Tintas,9.8
2024-12-16,POL-5600,LATAM,Brasil Tintas,9.0
2024-12-23,POL-5600,LATAM,Brasil Tintas,14.5
2024-12-30,POL-5600,LATAM,Brasil Tintas,8.3
2025-01-06,POL-5600,LATAM,Brasil Tintas,10.4
2025-01-13,POL-5600,LATAM,Brasil Tintas,10.7
2025-01-20,POL-5600,LATAM,Brasil Tintas,13.8
2025-01-27,POL-5600,LATAM,Brasil Tintas,12.6
2025-02-03,POL-5600,LATAM,Brasil Tintas,11.8
2025-02-10,POL-5600,LATAM,Brasil Tintas,9.8
2025-02-17,POL-5600,LATAM,Brasil Tintas,13.7
2025-02-24,POL-5600,LATAM,Brasil Tintas,25.5
2025-03-03,POL-5600,LATAM,Brasil Tintas,12.6
2025-03-10,POL-5600,LATAM,Brasil Tintas,11.3
2025-03-17,POL-5600,LATAM,Brasil Tintas,8.3
2025-03-24,POL-5600,LATAM,Brasil Tintas,9.6
2025-03-31,POL-5600,LATAM,Brasil Tintas,10.8
2025-04-07,POL-5600,LATAM,Brasil Tintas,10.0
2025-04-14,POL-5600,LATAM,Brasil Tintas,11.4
2025-04-21,POL-5600,LATAM,Brasil Tintas,17.3
2025-04-28,POL-5600,LATAM,Brasil Tintas,16.1
2025-05-05,POL-5600,LATAM,Brasil Tintas,12.1
2025-05-12,POL-5600,LATAM,Brasil Tintas,9.5
2025-05-19,POL-5600,LATAM,Brasil Tintas,17.2
2025-05-26,POL-5600,LATAM,Brasil Tintas,12.9
2025-06-02,POL-5600,LATAM,Brasil Tintas,9.2
2025-06-09,POL-5600,LATAM,Brasil Tintas,16.4
2025-06-16,POL-5600,LATAM,Brasil Tintas,17.3
2025-06-23,POL-5600,LATAM,Brasil Tintas,8.2
2025-06-30,POL-5600,LATAM,Brasil Tintas,11.9
2025-07-07,POL-5600,LATAM,Brasil Tintas,13.8
2025-07-14,POL-5600,LATAM,Brasil Tintas,17.2
2025-07-21,POL-5600,LATAM,Brasil Tintas,13.2
2025-07-28,POL-5600,LATAM,Brasil Tintas,12.5
2025-08-04,POL-5600,LATAM,Brasil Tintas,17.6
2025-08-11,POL-5600,LATAM,Brasil Tintas,13.7
2025-08-18,POL-5600,LATAM,Brasil Tintas,17.4
2025-08-25,POL-5600,LATAM,Brasil Tintas,12.1
2025-09-01,POL-5600,LATAM,Brasil Tintas,11.5
2025-09-08,POL-5600,LATAM,Brasil Tintas,18.2
2025-09-15,POL-5600,LATAM,Brasil Tintas,15.9
2025-09-22,POL-5600,LATAM,Brasil Tintas,18.2
2025-09-29,POL-5600,LATAM,Brasil Tintas,13.1
2025-10-06,POL-5600,LATAM,Brasil Tintas,12.2
2025-10-13,POL-5600,LATAM,Brasil Tintas,19.5
2025-10-20,POL-5600,LATAM,Brasil Tintas,10.0
2025-10-27,POL-5600,LATAM,Brasil Tintas,18.1
2025-11-03,POL-5600,LATAM,Brasil Tintas,18.4
2025-11-10,POL-5600,LATAM,Brasil Tintas,16.1
2025-11-17,POL-5600,LATAM,Brasil Tintas,11.1
2025-11-24,POL-5600,LATAM,Brasil Tintas,10.5
2025-12-01,POL-5600,LATAM,Brasil Tintas,12.0
2025-12-08,POL-5600,LATAM,Brasil Tintas,9.2
2025-12-15,POL-5600,LATAM,Brasil Tintas,9.9
2025-12-22,POL-5600,LATAM,Brasil Tintas,14.0
2025-12-29,POL-5600,LATAM,Brasil Tintas,13.9
2026-01-05,POL-5600,LATAM,Brasil Tintas,9.5
2026-01-12,POL-5600,LATAM,Brasil Tintas,14.1
2026-01-19,POL-5600,LATAM,Brasil Tintas,13.3
2026-01-26,POL-5600,LATAM,Brasil Tintas,16.2
2026-02-02,POL-5600,LATAM,Brasil Tintas,13.4
2026-02-09,POL-5600,LATAM,Brasil Tintas,14.8
2026-02-16,POL-5600,LATAM,Brasil Tintas,13.1
2026-02-23,POL-5600,LATAM,Brasil Tintas,14.9
2026-03-02,POL-5600,LATAM,Brasil Tintas,8.9
2026-03-09,POL-5600,LATAM,Brasil Tintas,11.5
2026-03-16,POL-5600,LATAM,Brasil Tintas,11.6
2026-03-23,POL-5600,LATAM,Brasil Tintas,11.2
2026-03-30,POL-5600,LATAM,Brasil Tintas,13.3
2026-04-06,POL-5600,LATAM,Brasil Tintas,14.2
2026-04-13,POL-5600,LATAM,Brasil Tintas,13.8
2026-04-20,POL-5600,LATAM,Brasil Tintas,12.2
2026-04-27,POL-5600,LATAM,Brasil Tintas,10.7
2026-05-04,POL-5600,LATAM,Brasil Tintas,16.4
2026-05-11,POL-5600,LATAM,Brasil Tintas,14.1
2026-05-18,POL-5600,LATAM,Brasil Tintas,10.8
2026-05-25,POL-5600,LATAM,Brasil Tintas,13.3
2026-06-01,POL-5600,LATAM,Brasil Tintas,9.7
2026-06-08,POL-5600,LATAM,Brasil Tintas,14.7
2026-06-15,POL-5600,LATAM,Brasil Tintas,14.3
2026-06-22,POL-5600,LATAM,Brasil Tintas,13.4
2026-06-29,POL-5600,LATAM,Brasil Tintas,21.7
2026-07-06,POL-5600,LATAM,Brasil Tintas,12.0
2026-07-13,POL-5600,LATAM,Brasil Tintas,18.4
2026-07-20,POL-5600,LATAM,Brasil Tintas,26.0
2026-07-27,POL-5600,LATAM,Brasil Tintas,20.4
2026-08-03,POL-5600,LATAM,Brasil Tintas,16.1
2026-08-10,POL-5600,LATAM,Brasil Tintas,12.6
2026-08-17,POL-5600,LATAM,Brasil Tintas,12.0
2026-08-24,POL-5600,LATAM,Brasil Tintas,14.9
2026-08-31,POL-5600,LATAM,Brasil Tintas,13.6
2026-09-07,POL-5600,LATAM,Brasil Tintas,13.1
2026-09-14,POL-5600,LATAM,Brasil Tintas,13.9
2026-09-21,POL-5600,LATAM,Brasil Tintas,14.0
2026-09-28,POL-5600,LATAM,Brasil Tintas,15.6
2024-10-07,POL-5600,LATAM,Mexico Industrial,6.0
2024-10-14,POL-5600,LATAM,Mexico Industrial,6.7
2024-10-21,POL-5600,LATAM,Mexico Industrial,7.4
2024-10-28,POL-5600,LATAM,Mexico Industrial,7.2
2024-11-04,POL-5600,LATAM,Mexico Industrial,11.1
2024-11-11,POL-5600,LATAM,Mexico Industrial,7.7
2024-11-18,POL-5600,LATAM,Mexico Industrial,5.0
2024-11-25,POL-5600,LATAM,Mexico Industrial,7.7
2024-12-02,POL-5600,LATAM,Mexico Industrial,7.6
2024-12-09,POL-5600,LATAM,Mexico Industrial,6.5
2024-12-16,POL-5600,LATAM,Mexico Industrial,5.0
2024-12-23,POL-5600,LATAM,Mexico Industrial,9.5
2024-12-30,POL-5600,LATAM,Mexico Industrial,5.0
2025-01-06,POL-5600,LATAM,Mexico Industrial,7.3
2025-01-13,POL-5600,LATAM,Mexico Industrial,6.6
2025-01-20,POL-5600,LATAM,Mexico Industrial,7.3
2025-01-27,POL-5600,LATAM,Mexico Industrial,9.3
2025-02-03,POL-5600,LATAM,Mexico Industrial,7.0
2025-02-10,POL-5600,LATAM,Mexico Industrial,5.5
2025-02-17,POL-5600,LATAM,Mexico Industrial,7.8
2025-02-24,POL-5600,LATAM,Mexico Industrial,5.3
2025-03-03,POL-5600,LATAM,Mexico Industrial,6.5
2025-03-10,POL-5600,LATAM,Mexico Industrial,4.8
2025-03-17,POL-5600,LATAM,Mexico Industrial,5.1
2025-03-24,POL-5600,LATAM,Mexico Industrial,6.5
2025-03-31,POL-5600,LATAM,Mexico Industrial,7.1
2025-04-07,POL-5600,LATAM,Mexico Industrial,4.5
2025-04-14,POL-5600,LATAM,Mexico Industrial,7.4
2025-04-21,POL-5600,LATAM,Mexico Industrial,5.7
2025-04-28,POL-5600,LATAM,Mexico Industrial,9.4
2025-05-05,POL-5600,LATAM,Mexico Industrial,6.8
2025-05-12,POL-5600,LATAM,Mexico Industrial,5.7
2025-05-19,POL-5600,LATAM,Mexico Industrial,7.6
2025-05-26,POL-5600,LATAM,Mexico Industrial,6.2
2025-06-02,POL-5600,LATAM,Mexico Industrial,10.3
2025-06-09,POL-5600,LATAM,Mexico Industrial,8.2
2025-06-16,POL-5600,LATAM,Mexico Industrial,7.8
2025-06-23,POL-5600,LATAM,Mexico Industrial,9.2
2025-06-30,POL-5600,LATAM,Mexico Industrial,6.7
2025-07-07,POL-5600,LATAM,Mexico Industrial,6.2
2025-07-14,POL-5600,LATAM,Mexico Industrial,9.3
2025-07-21,POL-5600,LATAM,Mexico Industrial,6.8
2025-07-28,POL-5600,LATAM,Mexico Industrial,6.9
2025-08-04,POL-5600,LATAM,Mexico Industrial,10.5
2025-08-11,POL-5600,LATAM,Mexico Industrial,10.0
2025-08-18,POL-5600,LATAM,Mexico Industrial,6.8
2025-08-25,POL-5600,LATAM,Mexico Industrial,7.8
2025-09-01,POL-5600,LATAM,Mexico Industrial,7.4
2025-09-08,POL-5600,LATAM,Mexico Industrial,13.3
2025-09-15,POL-5600,LATAM,Mexico Industrial,10.7
2025-09-22,POL-5600,LATAM,Mexico Industrial,7.9
2025-09-29,POL-5600,LATAM,Mexico Industrial,9.7
2025-10-06,POL-5600,LATAM,Mexico Industrial,6.3
2025-10-13,POL-5600,LATAM,Mexico Industrial,7.3
2025-10-20,POL-5600,LATAM,Mexico Industrial,8.3
2025-10-27,POL-5600,LATAM,Mexico Industrial,8.8
2025-11-03,POL-5600,LATAM,Mexico Industrial,7.8
2025-11-10,POL-5600,LATAM,Mexico Industrial,8.2
2025-11-17,POL-5600,LATAM,Mexico Industrial,7.6
2025-11-24,POL-5600,LATAM,Mexico Industrial,7.1
2025-12-01,POL-5600,LATAM,Mexico Industrial,6.8
2025-12-08,POL-5600,LATAM,Mexico Industrial,6.5
2025-12-15,POL-5600,LATAM,Mexico Industrial,7.5
2025-12-22,POL-5600,LATAM,Mexico Industrial,7.7
2025-12-29,POL-5600,LATAM,Mexico Industrial,7.3
2026-01-05,POL-5600,LATAM,Mexico Industrial,5.4
2026-01-12,POL-5600,LATAM,Mexico Industrial,5.7
2026-01-19,POL-5600,LATAM,Mexico Industrial,7.6
2026-01-26,POL-5600,LATAM,Mexico Industrial,9.3
2026-02-02,POL-5600,LATAM,Mexico Industrial,7.1
2026-02-09,POL-5600,LATAM,Mexico Industrial,6.2
2026-02-16,POL-5600,LATAM,Mexico Industrial,7.2
2026-02-23,POL-5600,LATAM,Mexico Industrial,5.4
2026-03-02,POL-5600,LATAM,Mexico Industrial,9.2
2026-03-09,POL-5600,LATAM,Mexico Industrial,7.1
2026-03-16,POL-5600,LATAM,Mexico Industrial,5.9
2026-03-23,POL-5600,LATAM,Mexico Industrial,6.6
2026-03-30,POL-5600,LATAM,Mexico Industrial,6.2
2026-04-06,POL-5600,LATAM,Mexico Industrial,9.6
2026-04-13,POL-5600,LATAM,Mexico Industrial,7.0
2026-04-20,POL-5600,LATAM,Mexico Industrial,7.6
2026-04-27,POL-5600,LATAM,Mexico Industrial,8.3
2026-05-04,POL-5600,LATAM,Mexico Industrial,6.4
2026-05-11,POL-5600,LATAM,Mexico Industrial,8.0
2026-05-18,POL-5600,LATAM,Mexico Industrial,8.3
2026-05-25,POL-5600,LATAM,Mexico Industrial,5.7
2026-06-01,POL-5600,LATAM,Mexico Industrial,8.7
2026-06-08,POL-5600,LATAM,Mexico Industrial,8.4
2026-06-15,POL-5600,LATAM,Mexico Industrial,8.9
2026-06-22,POL-5600,LATAM,Mexico Industrial,8.9
2026-06-29,POL-5600,LATAM,Mexico Industrial,9.4
2026-07-06,POL-5600,LATAM,Mexico Industrial,12.1
2026-07-13,POL-5600,LATAM,Mexico Industrial,7.1
2026-07-20,POL-5600,LATAM,Mexico Industrial,8.7
2026-07-27,POL-5600,LATAM,Mexico Industrial,10.8
2026-08-03,POL-5600,LATAM,Mexico Industrial,10.5
2026-08-10,POL-5600,LATAM,Mexico Industrial,10.4
2026-08-17,POL-5600,LATAM,Mexico Industrial,17.3
2026-08-24,POL-5600,LATAM,Mexico Industrial,10.9
2026-08-31,POL-5600,LATAM,Mexico Industrial,11.8
2026-09-07,POL-5600,LATAM,Mexico Industrial,8.4
2026-09-14,POL-5600,LATAM,Mexico Industrial,7.0
2026-09-21,POL-5600,LATAM,Mexico Industrial,7.8
2026-09-28,POL-5600,LATAM,Mexico Industrial,9.5
2024-10-07,SOL-MEK,NAM,Apex Coatings,73.2
2024-10-14,SOL-MEK,NAM,Apex Coatings,109.0
2024-10-21,SOL-MEK,NAM,Apex Coatings,80.6
2024-10-28,SOL-MEK,NAM,Apex Coatings,104.0
2024-11-04,SOL-MEK,NAM,Apex Coatings,89.4
2024-11-11,SOL-MEK,NAM,Apex Coatings,134.2
2024-11-18,SOL-MEK,NAM,Apex Coatings,88.4
2024-11-25,SOL-MEK,NAM,Apex Coatings,99.2
2024-12-02,SOL-MEK,NAM,Apex Coatings,107.7
2024-12-09,SOL-MEK,NAM,Apex Coatings,78.8
2024-12-16,SOL-MEK,NAM,Apex Coatings,94.3
2024-12-23,SOL-MEK,NAM,Apex Coatings,91.0
2024-12-30,SOL-MEK,NAM,Apex Coatings,85.4
2025-01-06,SOL-MEK,NAM,Apex Coatings,88.7
2025-01-13,SOL-MEK,NAM,Apex Coatings,126.8
2025-01-20,SOL-MEK,NAM,Apex Coatings,87.4
2025-01-27,SOL-MEK,NAM,Apex Coatings,115.1
2025-02-03,SOL-MEK,NAM,Apex Coatings,110.2
2025-02-10,SOL-MEK,NAM,Apex Coatings,74.6
2025-02-17,SOL-MEK,NAM,Apex Coatings,114.4
2025-02-24,SOL-MEK,NAM,Apex Coatings,74.0
2025-03-03,SOL-MEK,NAM,Apex Coatings,117.0
2025-03-10,SOL-MEK,NAM,Apex Coatings,90.9
2025-03-17,SOL-MEK,NAM,Apex Coatings,101.0
2025-03-24,SOL-MEK,NAM,Apex Coatings,75.1
2025-03-31,SOL-MEK,NAM,Apex Coatings,103.7
2025-04-07,SOL-MEK,NAM,Apex Coatings,123.1
2025-04-14,SOL-MEK,NAM,Apex Coatings,82.7
2025-04-21,SOL-MEK,NAM,Apex Coatings,85.4
2025-04-28,SOL-MEK,NAM,Apex Coatings,108.3
2025-05-05,SOL-MEK,NAM,Apex Coatings,108.6
2025-05-12,SOL-MEK,NAM,Apex Coatings,57.1
2025-05-19,SOL-MEK,NAM,Apex Coatings,151.5
2025-05-26,SOL-MEK,NAM,Apex Coatings,111.7
2025-06-02,SOL-MEK,NAM,Apex Coatings,114.5
2025-06-09,SOL-MEK,NAM,Apex Coatings,94.0
2025-06-16,SOL-MEK,NAM,Apex Coatings,63.1
2025-06-23,SOL-MEK,NAM,Apex Coatings,110.6
2025-06-30,SOL-MEK,NAM,Apex Coatings,84.9
2025-07-07,SOL-MEK,NAM,Apex Coatings,107.9
2025-07-14,SOL-MEK,NAM,Apex Coatings,90.0
2025-07-21,SOL-MEK,NAM,Apex Coatings,97.7
2025-07-28,SOL-MEK,NAM,Apex Coatings,78.8
2025-08-04,SOL-MEK,NAM,Apex Coatings,114.0
2025-08-11,SOL-MEK,NAM,Apex Coatings,73.3
2025-08-18,SOL-MEK,NAM,Apex Coatings,154.7
2025-08-25,SOL-MEK,NAM,Apex Coatings,154.8
2025-09-01,SOL-MEK,NAM,Apex Coatings,136.6
2025-09-08,SOL-MEK,NAM,Apex Coatings,126.8
2025-09-15,SOL-MEK,NAM,Apex Coatings,95.9
2025-09-22,SOL-MEK,NAM,Apex Coatings,127.1
2025-09-29,SOL-MEK,NAM,Apex Coatings,97.9
2025-10-06,SOL-MEK,NAM,Apex Coatings,71.9
2025-10-13,SOL-MEK,NAM,Apex Coatings,142.0
2025-10-20,SOL-MEK,NAM,Apex Coatings,133.2
2025-10-27,SOL-MEK,NAM,Apex Coatings,102.2
2025-11-03,SOL-MEK,NAM,Apex Coatings,78.9
2025-11-10,SOL-MEK,NAM,Apex Coatings,91.2
2025-11-17,SOL-MEK,NAM,Apex Coatings,69.5
2025-11-24,SOL-MEK,NAM,Apex Coatings,128.3
2025-12-01,SOL-MEK,NAM,Apex Coatings,75.3
2025-12-08,SOL-MEK,NAM,Apex Coatings,114.0
2025-12-15,SOL-MEK,NAM,Apex Coatings,90.9
2025-12-22,SOL-MEK,NAM,Apex Coatings,78.6
2025-12-29,SOL-MEK,NAM,Apex Coatings,113.6
2026-01-05,SOL-MEK,NAM,Apex Coatings,101.3
2026-01-12,SOL-MEK,NAM,Apex Coatings,132.4
2026-01-19,SOL-MEK,NAM,Apex Coatings,84.4
2026-01-26,SOL-MEK,NAM,Apex Coatings,95.7
2026-02-02,SOL-MEK,NAM,Apex Coatings,66.7
2026-02-09,SOL-MEK,NAM,Apex Coatings,69.5
2026-02-16,SOL-MEK,NAM,Apex Coatings,169.5
2026-02-23,SOL-MEK,NAM,Apex Coatings,179.5
2026-03-02,SOL-MEK,NAM,Apex Coatings,113.5
2026-03-09,SOL-MEK,NAM,Apex Coatings,91.2
2026-03-16,SOL-MEK,NAM,Apex Coatings,101.0
2026-03-23,SOL-MEK,NAM,Apex Coatings,130.9
2026-03-30,SOL-MEK,NAM,Apex Coatings,96.0
2026-04-06,SOL-MEK,NAM,Apex Coatings,113.8
2026-04-13,SOL-MEK,NAM,Apex Coatings,106.5
2026-04-20,SOL-MEK,NAM,Apex Coatings,94.1
2026-04-27,SOL-MEK,NAM,Apex Coatings,94.8
2026-05-04,SOL-MEK,NAM,Apex Coatings,112.6
2026-05-11,SOL-MEK,NAM,Apex Coatings,85.0
2026-05-18,SOL-MEK,NAM,Apex Coatings,114.3
2026-05-25,SOL-MEK,NAM,Apex Coatings,92.1
2026-06-01,SOL-MEK,NAM,Apex Coatings,103.8
2026-06-08,SOL-MEK,NAM,Apex Coatings,133.9
2026-06-15,SOL-MEK,NAM,Apex Coatings,95.0
2026-06-22,SOL-MEK,NAM,Apex Coatings,119.3
2026-06-29,SOL-MEK,NAM,Apex Coatings,65.3
2026-07-06,SOL-MEK,NAM,Apex Coatings,87.4
2026-07-13,SOL-MEK,NAM,Apex Coatings,97.6
2026-07-20,SOL-MEK,NAM,Apex Coatings,149.1
2026-07-27,SOL-MEK,NAM,Apex Coatings,63.3
2026-08-03,SOL-MEK,NAM,Apex Coatings,94.8
2026-08-10,SOL-MEK,NAM,Apex Coatings,132.8
2026-08-17,SOL-MEK,NAM,Apex Coatings,79.6
2026-08-24,SOL-MEK,NAM,Apex Coatings,88.6
2026-08-31,SOL-MEK,NAM,Apex Coatings,98.1
2026-09-07,SOL-MEK,NAM,Apex Coatings,93.9
2026-09-14,SOL-MEK,NAM,Apex Coatings,128.6
2026-09-21,SOL-MEK,NAM,Apex Coatings,100.1
2026-09-28,SOL-MEK,NAM,Apex Coatings,121.6
2024-10-07,SOL-MEK,NAM,Midwest Plastics,39.5
2024-10-14,SOL-MEK,NAM,Midwest Plastics,36.6
2024-10-21,SOL-MEK,NAM,Midwest Plastics,41.4
2024-10-28,SOL-MEK,NAM,Midwest Plastics,34.0
2024-11-04,SOL-MEK,NAM,Midwest Plastics,48.5
2024-11-11,SOL-MEK,NAM,Midwest Plastics,40.8
2024-11-18,SOL-MEK,NAM,Midwest Plastics,39.1
2024-11-25,SOL-MEK,NAM,Midwest Plastics,49.8
2024-12-02,SOL-MEK,NAM,Midwest Plastics,34.3
2024-12-09,SOL-MEK,NAM,Midwest Plastics,52.9
2024-12-16,SOL-MEK,NAM,Midwest Plastics,40.3
2024-12-23,SOL-MEK,NAM,Midwest Plastics,58.2
2024-12-30,SOL-MEK,NAM,Midwest Plastics,41.0
2025-01-06,SOL-MEK,NAM,Midwest Plastics,52.5
2025-01-13,SOL-MEK,NAM,Midwest Plastics,48.3
2025-01-20,SOL-MEK,NAM,Midwest Plastics,54.9
2025-01-27,SOL-MEK,NAM,Midwest Plastics,48.7
2025-02-03,SOL-MEK,NAM,Midwest Plastics,33.4
2025-02-10,SOL-MEK,NAM,Midwest Plastics,59.2
2025-02-17,SOL-MEK,NAM,Midwest Plastics,46.8
2025-02-24,SOL-MEK,NAM,Midwest Plastics,56.2
2025-03-03,SOL-MEK,NAM,Midwest Plastics,55.4
2025-03-10,SOL-MEK,NAM,Midwest Plastics,40.1
2025-03-17,SOL-MEK,NAM,Midwest Plastics,38.5
2025-03-24,SOL-MEK,NAM,Midwest Plastics,54.0
2025-03-31,SOL-MEK,NAM,Midwest Plastics,44.2
2025-04-07,SOL-MEK,NAM,Midwest Plastics,57.7
2025-04-14,SOL-MEK,NAM,Midwest Plastics,44.4
2025-04-21,SOL-MEK,NAM,Midwest Plastics,57.2
2025-04-28,SOL-MEK,NAM,Midwest Plastics,50.3
2025-05-05,SOL-MEK,NAM,Midwest Plastics,48.7
2025-05-12,SOL-MEK,NAM,Midwest Plastics,42.0
2025-05-19,SOL-MEK,NAM,Midwest Plastics,47.9
2025-05-26,SOL-MEK,NAM,Midwest Plastics,60.4
2025-06-02,SOL-MEK,NAM,Midwest Plastics,45.4
2025-06-09,SOL-MEK,NAM,Midwest Plastics,51.0
2025-06-16,SOL-MEK,NAM,Midwest Plastics,44.9
2025-06-23,SOL-MEK,NAM,Midwest Plastics,45.8
2025-06-30,SOL-MEK,NAM,Midwest Plastics,65.7
2025-07-07,SOL-MEK,NAM,Midwest Plastics,58.3
2025-07-14,SOL-MEK,NAM,Midwest Plastics,44.9
2025-07-21,SOL-MEK,NAM,Midwest Plastics,45.5
2025-07-28,SOL-MEK,NAM,Midwest Plastics,37.4
2025-08-04,SOL-MEK,NAM,Midwest Plastics,42.4
2025-08-11,SOL-MEK,NAM,Midwest Plastics,47.7
2025-08-18,SOL-MEK,NAM,Midwest Plastics,53.2
2025-08-25,SOL-MEK,NAM,Midwest Plastics,52.2
2025-09-01,SOL-MEK,NAM,Midwest Plastics,34.9
2025-09-08,SOL-MEK,NAM,Midwest Plastics,55.5
2025-09-15,SOL-MEK,NAM,Midwest Plastics,44.8
2025-09-22,SOL-MEK,NAM,Midwest Plastics,37.0
2025-09-29,SOL-MEK,NAM,Midwest Plastics,62.7
2025-10-06,SOL-MEK,NAM,Midwest Plastics,65.3
2025-10-13,SOL-MEK,NAM,Midwest Plastics,50.6
2025-10-20,SOL-MEK,NAM,Midwest Plastics,56.8
2025-10-27,SOL-MEK,NAM,Midwest Plastics,57.0
2025-11-03,SOL-MEK,NAM,Midwest Plastics,65.7
2025-11-10,SOL-MEK,NAM,Midwest Plastics,57.0
2025-11-17,SOL-MEK,NAM,Midwest Plastics,36.2
2025-11-24,SOL-MEK,NAM,Midwest Plastics,75.8
2025-12-01,SOL-MEK,NAM,Midwest Plastics,63.4
2025-12-08,SOL-MEK,NAM,Midwest Plastics,44.7
2025-12-15,SOL-MEK,NAM,Midwest Plastics,40.8
2025-12-22,SOL-MEK,NAM,Midwest Plastics,56.2
2025-12-29,SOL-MEK,NAM,Midwest Plastics,47.4
2026-01-05,SOL-MEK,NAM,Midwest Plastics,54.8
2026-01-12,SOL-MEK,NAM,Midwest Plastics,60.6
2026-01-19,SOL-MEK,NAM,Midwest Plastics,46.1
2026-01-26,SOL-MEK,NAM,Midwest Plastics,41.4
2026-02-02,SOL-MEK,NAM,Midwest Plastics,57.4
2026-02-09,SOL-MEK,NAM,Midwest Plastics,46.8
2026-02-16,SOL-MEK,NAM,Midwest Plastics,55.1
2026-02-23,SOL-MEK,NAM,Midwest Plastics,39.5
2026-03-02,SOL-MEK,NAM,Midwest Plastics,49.2
2026-03-09,SOL-MEK,NAM,Midwest Plastics,59.8
2026-03-16,SOL-MEK,NAM,Midwest Plastics,57.6
2026-03-23,SOL-MEK,NAM,Midwest Plastics,42.5
2026-03-30,SOL-MEK,NAM,Midwest Plastics,38.9
2026-04-06,SOL-MEK,NAM,Midwest Plastics,50.7
2026-04-13,SOL-MEK,NAM,Midwest Plastics,56.5
2026-04-20,SOL-MEK,NAM,Midwest Plastics,54.5
2026-04-27,SOL-MEK,NAM,Midwest Plastics,44.4
2026-05-04,SOL-MEK,NAM,Midwest Plastics,52.7
2026-05-11,SOL-MEK,NAM,Midwest Plastics,68.5
2026-05-18,SOL-MEK,NAM,Midwest Plastics,50.6
2026-05-25,SOL-MEK,NAM,Midwest Plastics,33.4
2026-06-01,SOL-MEK,NAM,Midwest Plastics,49.4
2026-06-08,SOL-MEK,NAM,Midwest Plastics,72.4
2026-06-15,SOL-MEK,NAM,Midwest Plastics,34.7
2026-06-22,SOL-MEK,NAM,Midwest Plastics,45.9
2026-06-29,SOL-MEK,NAM,Midwest Plastics,43.1
2026-07-06,SOL-MEK,NAM,Midwest Plastics,46.3
2026-07-13,SOL-MEK,NAM,Midwest Plastics,47.3
2026-07-20,SOL-MEK,NAM,Midwest Plastics,58.7
2026-07-27,SOL-MEK,NAM,Midwest Plastics,46.4
2026-08-03,SOL-MEK,NAM,Midwest Plastics,60.0
2026-08-10,SOL-MEK,NAM,Midwest Plastics,43.9
2026-08-17,SOL-MEK,NAM,Midwest Plastics,40.9
2026-08-24,SOL-MEK,NAM,Midwest Plastics,37.5
2026-08-31,SOL-MEK,NAM,Midwest Plastics,28.6
2026-09-07,SOL-MEK,NAM,Midwest Plastics,44.8
2026-09-14,SOL-MEK,NAM,Midwest Plastics,66.9
2026-09-21,SOL-MEK,NAM,Midwest Plastics,46.9
2026-09-28,SOL-MEK,NAM,Midwest Plastics,49.4
2024-10-07,SOL-MEK,NAM,Gulf Packaging,51.8
2024-10-14,SOL-MEK,NAM,Gulf Packaging,54.2
2024-10-21,SOL-MEK,NAM,Gulf Packaging,71.6
2024-10-28,SOL-MEK,NAM,Gulf Packaging,90.5
2024-11-04,SOL-MEK,NAM,Gulf Packaging,80.2
2024-11-11,SOL-MEK,NAM,Gulf Packaging,70.4
2024-11-18,SOL-MEK,NAM,Gulf Packaging,60.6
2024-11-25,SOL-MEK,NAM,Gulf Packaging,62.0
2024-12-02,SOL-MEK,NAM,Gulf Packaging,49.5
2024-12-09,SOL-MEK,NAM,Gulf Packaging,43.1
2024-12-16,SOL-MEK,NAM,Gulf Packaging,46.4
2024-12-23,SOL-MEK,NAM,Gulf Packaging,60.5
2024-12-30,SOL-MEK,NAM,Gulf Packaging,55.6
2025-01-06,SOL-MEK,NAM,Gulf Packaging,43.9
2025-01-13,SOL-MEK,NAM,Gulf Packaging,61.1
2025-01-20,SOL-MEK,NAM,Gulf Packaging,57.7
2025-01-27,SOL-MEK,NAM,Gulf Packaging,48.7
2025-02-03,SOL-MEK,NAM,Gulf Packaging,58.8
2025-02-10,SOL-MEK,NAM,Gulf Packaging,58.6
2025-02-17,SOL-MEK,NAM,Gulf Packaging,55.3
2025-02-24,SOL-MEK,NAM,Gulf Packaging,76.8
2025-03-03,SOL-MEK,NAM,Gulf Packaging,41.6
2025-03-10,SOL-MEK,NAM,Gulf Packaging,40.7
2025-03-17,SOL-MEK,NAM,Gulf Packaging,62.6
2025-03-24,SOL-MEK,NAM,Gulf Packaging,63.3
2025-03-31,SOL-MEK,NAM,Gulf Packaging,68.5
2025-04-07,SOL-MEK,NAM,Gulf Packaging,55.3
2025-04-14,SOL-MEK,NAM,Gulf Packaging,50.1
2025-04-21,SOL-MEK,NAM,Gulf Packaging,60.5
2025-04-28,SOL-MEK,NAM,Gulf Packaging,55.1
2025-05-05,SOL-MEK,NAM,Gulf Packaging,85.3
2025-05-12,SOL-MEK,NAM,Gulf Packaging,56.3
2025-05-19,SOL-MEK,NAM,Gulf Packaging,59.6
2025-05-26,SOL-MEK,NAM,Gulf Packaging,106.3
2025-06-02,SOL-MEK,NAM,Gulf Packaging,58.4
2025-06-09,SOL-MEK,NAM,Gulf Packaging,68.0
2025-06-16,SOL-MEK,NAM,Gulf Packaging,67.9
2025-06-23,SOL-MEK,NAM,Gulf Packaging,69.4
2025-06-30,SOL-MEK,NAM,Gulf Packaging,63.6
2025-07-07,SOL-MEK,NAM,Gulf Packaging,62.0
2025-07-14,SOL-MEK,NAM,Gulf Packaging,59.9
2025-07-21,SOL-MEK,NAM,Gulf Packaging,50.7
2025-07-28,SOL-MEK,NAM,Gulf Packaging,62.3
2025-08-04,SOL-MEK,NAM,Gulf Packaging,91.4
2025-08-11,SOL-MEK,NAM,Gulf Packaging,77.1
2025-08-18,SOL-MEK,NAM,Gulf Packaging,62.6
2025-08-25,SOL-MEK,NAM,Gulf Packaging,70.8
2025-09-01,SOL-MEK,NAM,Gulf Packaging,48.9
2025-09-08,SOL-MEK,NAM,Gulf Packaging,56.1
2025-09-15,SOL-MEK,NAM,Gulf Packaging,74.7
2025-09-22,SOL-MEK,NAM,Gulf Packaging,84.6
2025-09-29,SOL-MEK,NAM,Gulf Packaging,52.3
2025-10-06,SOL-MEK,NAM,Gulf Packaging,56.4
2025-10-13,SOL-MEK,NAM,Gulf Packaging,102.3
2025-10-20,SOL-MEK,NAM,Gulf Packaging,65.8
2025-10-27,SOL-MEK,NAM,Gulf Packaging,95.3
2025-11-03,SOL-MEK,NAM,Gulf Packaging,67.1
2025-11-10,SOL-MEK,NAM,Gulf Packaging,68.0
2025-11-17,SOL-MEK,NAM,Gulf Packaging,60.2
2025-11-24,SOL-MEK,NAM,Gulf Packaging,79.5
2025-12-01,SOL-MEK,NAM,Gulf Packaging,89.6
2025-12-08,SOL-MEK,NAM,Gulf Packaging,52.9
2025-12-15,SOL-MEK,NAM,Gulf Packaging,62.8
2025-12-22,SOL-MEK,NAM,Gulf Packaging,81.6
2025-12-29,SOL-MEK,NAM,Gulf Packaging,65.0
2026-01-05,SOL-MEK,NAM,Gulf Packaging,60.6
2026-01-12,SOL-MEK,NAM,Gulf Packaging,85.3
2026-01-19,SOL-MEK,NAM,Gulf Packaging,88.3
2026-01-26,SOL-MEK,NAM,Gulf Packaging,63.5
2026-02-02,SOL-MEK,NAM,Gulf Packaging,73.3
2026-02-09,SOL-MEK,NAM,Gulf Packaging,53.5
2026-02-16,SOL-MEK,NAM,Gulf Packaging,58.1
2026-02-23,SOL-MEK,NAM,Gulf Packaging,72.4
2026-03-02,SOL-MEK,NAM,Gulf Packaging,69.5
2026-03-09,SOL-MEK,NAM,Gulf Packaging,54.8
2026-03-16,SOL-MEK,NAM,Gulf Packaging,57.2
2026-03-23,SOL-MEK,NAM,Gulf Packaging,53.0
2026-03-30,SOL-MEK,NAM,Gulf Packaging,73.7
2026-04-06,SOL-MEK,NAM,Gulf Packaging,43.4
2026-04-13,SOL-MEK,NAM,Gulf Packaging,53.0
2026-04-20,SOL-MEK,NAM,Gulf Packaging,43.9
2026-04-27,SOL-MEK,NAM,Gulf Packaging,72.4
2026-05-04,SOL-MEK,NAM,Gulf Packaging,44.1
2026-05-11,SOL-MEK,NAM,Gulf Packaging,65.8
2026-05-18,SOL-MEK,NAM,Gulf Packaging,92.1
2026-05-25,SOL-MEK,NAM,Gulf Packaging,91.6
2026-06-01,SOL-MEK,NAM,Gulf Packaging,42.1
2026-06-08,SOL-MEK,NAM,Gulf Packaging,65.4
2026-06-15,SOL-MEK,NAM,Gulf Packaging,49.2
2026-06-22,SOL-MEK,NAM,Gulf Packaging,46.5
2026-06-29,SOL-MEK,NAM,Gulf Packaging,58.6
2026-07-06,SOL-MEK,NAM,Gulf Packaging,78.8
2026-07-13,SOL-MEK,NAM,Gulf Packaging,68.7
2026-07-20,SOL-MEK,NAM,Gulf Packaging,51.8
2026-07-27,SOL-MEK,NAM,Gulf Packaging,70.6
2026-08-03,SOL-MEK,NAM,Gulf Packaging,36.7
2026-08-10,SOL-MEK,NAM,Gulf Packaging,50.7
2026-08-17,SOL-MEK,NAM,Gulf Packaging,48.9
2026-08-24,SOL-MEK,NAM,Gulf Packaging,58.6
2026-08-31,SOL-MEK,NAM,Gulf Packaging,54.1
2026-09-07,SOL-MEK,NAM,Gulf Packaging,54.2
2026-09-14,SOL-MEK,NAM,Gulf Packaging,54.4
2026-09-21,SOL-MEK,NAM,Gulf Packaging,56.5
2026-09-28,SOL-MEK,NAM,Gulf Packaging,63.4
2024-10-07,SOL-MEK,EU,Rhein Composites,49.3
2024-10-14,SOL-MEK,EU,Rhein Composites,94.2
2024-10-21,SOL-MEK,EU,Rhein Composites,47.6
2024-10-28,SOL-MEK,EU,Rhein Composites,59.8
2024-11-04,SOL-MEK,EU,Rhein Composites,52.8
2024-11-11,SOL-MEK,EU,Rhein Composites,104.7
2024-11-18,SOL-MEK,EU,Rhein Composites,58.2
2024-11-25,SOL-MEK,EU,Rhein Composites,59.6
2024-12-02,SOL-MEK,EU,Rhein Composites,60.4
2024-12-09,SOL-MEK,EU,Rhein Composites,67.8
2024-12-16,SOL-MEK,EU,Rhein Composites,62.6
2024-12-23,SOL-MEK,EU,Rhein Composites,65.1
2024-12-30,SOL-MEK,EU,Rhein Composites,30.4
2025-01-06,SOL-MEK,EU,Rhein Composites,67.4
2025-01-13,SOL-MEK,EU,Rhein Composites,66.8
2025-01-20,SOL-MEK,EU,Rhein Composites,84.0
2025-01-27,SOL-MEK,EU,Rhein Composites,89.5
2025-02-03,SOL-MEK,EU,Rhein Composites,66.1
2025-02-10,SOL-MEK,EU,Rhein Composites,82.2
2025-02-17,SOL-MEK,EU,Rhein Composites,53.1
2025-02-24,SOL-MEK,EU,Rhein Composites,80.5
2025-03-03,SOL-MEK,EU,Rhein Composites,59.9
2025-03-10,SOL-MEK,EU,Rhein Composites,53.3
2025-03-17,SOL-MEK,EU,Rhein Composites,67.1
2025-03-24,SOL-MEK,EU,Rhein Composites,95.2
2025-03-31,SOL-MEK,EU,Rhein Composites,73.9
2025-04-07,SOL-MEK,EU,Rhein Composites,96.3
2025-04-14,SOL-MEK,EU,Rhein Composites,58.1
2025-04-21,SOL-MEK,EU,Rhein Composites,84.4
2025-04-28,SOL-MEK,EU,Rhein Composites,57.4
2025-05-05,SOL-MEK,EU,Rhein Composites,67.7
2025-05-12,SOL-MEK,EU,Rhein Composites,67.8
2025-05-19,SOL-MEK,EU,Rhein Composites,73.8
2025-05-26,SOL-MEK,EU,Rhein Composites,65.6
2025-06-02,SOL-MEK,EU,Rhein Composites,51.5
2025-06-09,SOL-MEK,EU,Rhein Composites,73.4
2025-06-16,SOL-MEK,EU,Rhein Composites,88.9
2025-06-23,SOL-MEK,EU,Rhein Composites,54.7
2025-06-30,SOL-MEK,EU,Rhein Composites,42.9
2025-07-07,SOL-MEK,EU,Rhein Composites,71.8
2025-07-14,SOL-MEK,EU,Rhein Composites,59.0
2025-07-21,SOL-MEK,EU,Rhein Composites,59.7
2025-07-28,SOL-MEK,EU,Rhein Composites,69.2
2025-08-04,SOL-MEK,EU,Rhein Composites,54.8
2025-08-11,SOL-MEK,EU,Rhein Composites,56.8
2025-08-18,SOL-MEK,EU,Rhein Composites,58.4
2025-08-25,SOL-MEK,EU,Rhein Composites,82.7
2025-09-01,SOL-MEK,EU,Rhein Composites,61.4
2025-09-08,SOL-MEK,EU,Rhein Composites,46.7
2025-09-15,SOL-MEK,EU,Rhein Composites,47.3
2025-09-22,SOL-MEK,EU,Rhein Composites,62.9
2025-09-29,SOL-MEK,EU,Rhein Composites,46.7
2025-10-06,SOL-MEK,EU,Rhein Composites,42.6
2025-10-13,SOL-MEK,EU,Rhein Composites,69.6
2025-10-20,SOL-MEK,EU,Rhein Composites,72.8
2025-10-27,SOL-MEK,EU,Rhein Composites,58.3
2025-11-03,SOL-MEK,EU,Rhein Composites,69.1
2025-11-10,SOL-MEK,EU,Rhein Composites,67.4
2025-11-17,SOL-MEK,EU,Rhein Composites,73.4
2025-11-24,SOL-MEK,EU,Rhein Composites,73.0
2025-12-01,SOL-MEK,EU,Rhein Composites,35.9
2025-12-08,SOL-MEK,EU,Rhein Composites,62.9
2025-12-15,SOL-MEK,EU,Rhein Composites,74.2
2025-12-22,SOL-MEK,EU,Rhein Composites,61.5
2025-12-29,SOL-MEK,EU,Rhein Composites,67.6
2026-01-05,SOL-MEK,EU,Rhein Composites,80.4
2026-01-12,SOL-MEK,EU,Rhein Composites,70.5
2026-01-19,SOL-MEK,EU,Rhein Composites,96.4
2026-01-26,SOL-MEK,EU,Rhein Composites,88.9
2026-02-02,SOL-MEK,EU,Rhein Composites,67.1
2026-02-09,SOL-MEK,EU,Rhein Composites,66.3
2026-02-16,SOL-MEK,EU,Rhein Composites,36.8
2026-02-23,SOL-MEK,EU,Rhein Composites,63.2
2026-03-02,SOL-MEK,EU,Rhein Composites,49.3
2026-03-09,SOL-MEK,EU,Rhein Composites,69.9
2026-03-16,SOL-MEK,EU,Rhein Composites,70.1
2026-03-23,SOL-MEK,EU,Rhein Composites,78.6
2026-03-30,SOL-MEK,EU,Rhein Composites,91.3
2026-04-06,SOL-MEK,EU,Rhein Composites,66.7
2026-04-13,SOL-MEK,EU,Rhein Composites,112.5
2026-04-20,SOL-MEK,EU,Rhein Composites,71.2
2026-04-27,SOL-MEK,EU,Rhein Composites,50.1
2026-05-04,SOL-MEK,EU,Rhein Composites,59.5
2026-05-11,SOL-MEK,EU,Rhein Composites,61.9
2026-05-18,SOL-MEK,EU,Rhein Composites,77.8
2026-05-25,SOL-MEK,EU,Rhein Composites,55.0
2026-06-01,SOL-MEK,EU,Rhein Composites,62.1
2026-06-08,SOL-MEK,EU,Rhein Composites,62.3
2026-06-15,SOL-MEK,EU,Rhein Composites,59.5
2026-06-22,SOL-MEK,EU,Rhein Composites,79.6
2026-06-29,SOL-MEK,EU,Rhein Composites,76.2
2026-07-06,SOL-MEK,EU,Rhein Composites,84.7
2026-07-13,SOL-MEK,EU,Rhein Composites,61.9
2026-07-20,SOL-MEK,EU,Rhein Composites,85.2
2026-07-27,SOL-MEK,EU,Rhein Composites,47.6
2026-08-03,SOL-MEK,EU,Rhein Composites,47.8
2026-08-10,SOL-MEK,EU,Rhein Composites,49.4
2026-08-17,SOL-MEK,EU,Rhein Composites,63.8
2026-08-24,SOL-MEK,EU,Rhein Composites,81.5
2026-08-31,SOL-MEK,EU,Rhein Composites,54.1
2026-09-07,SOL-MEK,EU,Rhein Composites,56.2
2026-09-14,SOL-MEK,EU,Rhein Composites,58.6
2026-09-21,SOL-MEK,EU,Rhein Composites,69.7
2026-09-28,SOL-MEK,EU,Rhein Composites,52.8
2024-10-07,SOL-MEK,EU,Nordic Paints,75.5
2024-10-14,SOL-MEK,EU,Nordic Paints,63.7
2024-10-21,SOL-MEK,EU,Nordic Paints,76.2
2024-10-28,SOL-MEK,EU,Nordic Paints,112.9
2024-11-04,SOL-MEK,EU,Nordic Paints,89.7
2024-11-11,SOL-MEK,EU,Nordic Paints,74.3
2024-11-18,SOL-MEK,EU,Nordic Paints,115.3
2024-11-25,SOL-MEK,EU,Nordic Paints,79.1
2024-12-02,SOL-MEK,EU,Nordic Paints,121.0
2024-12-09,SOL-MEK,EU,Nordic Paints,122.2
2024-12-16,SOL-MEK,EU,Nordic Paints,92.0
2024-12-23,SOL-MEK,EU,Nordic Paints,65.2
2024-12-30,SOL-MEK,EU,Nordic Paints,148.0
2025-01-06,SOL-MEK,EU,Nordic Paints,98.0
2025-01-13,SOL-MEK,EU,Nordic Paints,83.8
2025-01-20,SOL-MEK,EU,Nordic Paints,111.5
2025-01-27,SOL-MEK,EU,Nordic Paints,105.8
2025-02-03,SOL-MEK,EU,Nordic Paints,124.3
2025-02-10,SOL-MEK,EU,Nordic Paints,80.3
2025-02-17,SOL-MEK,EU,Nordic Paints,98.2
2025-02-24,SOL-MEK,EU,Nordic Paints,70.8
2025-03-03,SOL-MEK,EU,Nordic Paints,106.3
2025-03-10,SOL-MEK,EU,Nordic Paints,93.0
2025-03-17,SOL-MEK,EU,Nordic Paints,100.5
2025-03-24,SOL-MEK,EU,Nordic Paints,91.6
2025-03-31,SOL-MEK,EU,Nordic Paints,90.8
2025-04-07,SOL-MEK,EU,Nordic Paints,77.3
2025-04-14,SOL-MEK,EU,Nordic Paints,110.2
2025-04-21,SOL-MEK,EU,Nordic Paints,125.8
2025-04-28,SOL-MEK,EU,Nordic Paints,79.2
2025-05-05,SOL-MEK,EU,Nordic Paints,98.4
2025-05-12,SOL-MEK,EU,Nordic Paints,96.1
2025-05-19,SOL-MEK,EU,Nordic Paints,86.4
2025-05-26,SOL-MEK,EU,Nordic Paints,59.9
2025-06-02,SOL-MEK,EU,Nordic Paints,61.6
2025-06-09,SOL-MEK,EU,Nordic Paints,68.9
2025-06-16,SOL-MEK,EU,Nordic Paints,51.3
2025-06-23,SOL-MEK,EU,Nordic Paints,114.6
2025-06-30,SOL-MEK,EU,Nordic Paints,94.2
2025-07-07,SOL-MEK,EU,Nordic Paints,86.3
2025-07-14,SOL-MEK,EU,Nordic Paints,53.0
2025-07-21,SOL-MEK,EU,Nordic Paints,55.6
2025-07-28,SOL-MEK,EU,Nordic Paints,82.8
2025-08-04,SOL-MEK,EU,Nordic Paints,126.4
2025-08-11,SOL-MEK,EU,Nordic Paints,69.9
2025-08-18,SOL-MEK,EU,Nordic Paints,97.7
2025-08-25,SOL-MEK,EU,Nordic Paints,72.8
2025-09-01,SOL-MEK,EU,Nordic Paints,83.4
2025-09-08,SOL-MEK,EU,Nordic Paints,108.2
2025-09-15,SOL-MEK,EU,Nordic Paints,77.1
2025-09-22,SOL-MEK,EU,Nordic Paints,70.9
2025-09-29,SOL-MEK,EU,Nordic Paints,110.6
2025-10-06,SOL-MEK,EU,Nordic Paints,81.9
2025-10-13,SOL-MEK,EU,Nordic Paints,104.0
2025-10-20,SOL-MEK,EU,Nordic Paints,72.8
2025-10-27,SOL-MEK,EU,Nordic Paints,116.4
2025-11-03,SOL-MEK,EU,Nordic Paints,93.0
2025-11-10,SOL-MEK,EU,Nordic Paints,96.2
2025-11-17,SOL-MEK,EU,Nordic Paints,89.5
2025-11-24,SOL-MEK,EU,Nordic Paints,77.3
2025-12-01,SOL-MEK,EU,Nordic Paints,86.1
2025-12-08,SOL-MEK,EU,Nordic Paints,81.3
2025-12-15,SOL-MEK,EU,Nordic Paints,110.5
2025-12-22,SOL-MEK,EU,Nordic Paints,87.0
2025-12-29,SOL-MEK,EU,Nordic Paints,65.2
2026-01-05,SOL-MEK,EU,Nordic Paints,63.7
2026-01-12,SOL-MEK,EU,Nordic Paints,64.0
2026-01-19,SOL-MEK,EU,Nordic Paints,107.1
2026-01-26,SOL-MEK,EU,Nordic Paints,72.8
2026-02-02,SOL-MEK,EU,Nordic Paints,99.4
2026-02-09,SOL-MEK,EU,Nordic Paints,96.5
2026-02-16,SOL-MEK,EU,Nordic Paints,91.9
2026-02-23,SOL-MEK,EU,Nordic Paints,101.0
2026-03-02,SOL-MEK,EU,Nordic Paints,92.9
2026-03-09,SOL-MEK,EU,Nordic Paints,49.6
2026-03-16,SOL-MEK,EU,Nordic Paints,85.3
2026-03-23,SOL-MEK,EU,Nordic Paints,100.2
2026-03-30,SOL-MEK,EU,Nordic Paints,130.2
2026-04-06,SOL-MEK,EU,Nordic Paints,131.5
2026-04-13,SOL-MEK,EU,Nordic Paints,68.2
2026-04-20,SOL-MEK,EU,Nordic Paints,84.7
2026-04-27,SOL-MEK,EU,Nordic Paints,64.0
2026-05-04,SOL-MEK,EU,Nordic Paints,127.2
2026-05-11,SOL-MEK,EU,Nordic Paints,113.5
2026-05-18,SOL-MEK,EU,Nordic Paints,99.8
2026-05-25,SOL-MEK,EU,Nordic Paints,95.1
2026-06-01,SOL-MEK,EU,Nordic Paints,121.4
2026-06-08,SOL-MEK,EU,Nordic Paints,113.8
2026-06-15,SOL-MEK,EU,Nordic Paints,114.6
2026-06-22,SOL-MEK,EU,Nordic Paints,99.5
2026-06-29,SOL-MEK,EU,Nordic Paints,82.8
2026-07-06,SOL-MEK,EU,Nordic Paints,104.9
2026-07-13,SOL-MEK,EU,Nordic Paints,107.6
2026-07-20,SOL-MEK,EU,Nordic Paints,84.7
2026-07-27,SOL-MEK,EU,Nordic Paints,80.4
2026-08-03,SOL-MEK,EU,Nordic Paints,112.5
2026-08-10,SOL-MEK,EU,Nordic Paints,125.8
2026-08-17,SOL-MEK,EU,Nordic Paints,73.0
2026-08-24,SOL-MEK,EU,Nordic Paints,79.8
2026-08-31,SOL-MEK,EU,Nordic Paints,90.2
2026-09-07,SOL-MEK,EU,Nordic Paints,93.8
2026-09-14,SOL-MEK,EU,Nordic Paints,74.0
2026-09-21,SOL-MEK,EU,Nordic Paints,125.7
2026-09-28,SOL-MEK,EU,Nordic Paints,87.0
2024-10-07,SOL-MEK,EU,Iberia Polymers,35.7
2024-10-14,SOL-MEK,EU,Iberia Polymers,47.1
2024-10-21,SOL-MEK,EU,Iberia Polymers,29.2
2024-10-28,SOL-MEK,EU,Iberia Polymers,32.0
2024-11-04,SOL-MEK,EU,Iberia Polymers,25.0
2024-11-11,SOL-MEK,EU,Iberia Polymers,31.5
2024-11-18,SOL-MEK,EU,Iberia Polymers,23.7
2024-11-25,SOL-MEK,EU,Iberia Polymers,39.6
2024-12-02,SOL-MEK,EU,Iberia Polymers,36.3
2024-12-09,SOL-MEK,EU,Iberia Polymers,31.6
2024-12-16,SOL-MEK,EU,Iberia Polymers,33.2
2024-12-23,SOL-MEK,EU,Iberia Polymers,40.1
2024-12-30,SOL-MEK,EU,Iberia Polymers,26.0
2025-01-06,SOL-MEK,EU,Iberia Polymers,35.2
2025-01-13,SOL-MEK,EU,Iberia Polymers,39.2
2025-01-20,SOL-MEK,EU,Iberia Polymers,22.8
2025-01-27,SOL-MEK,EU,Iberia Polymers,39.4
2025-02-03,SOL-MEK,EU,Iberia Polymers,24.1
2025-02-10,SOL-MEK,EU,Iberia Polymers,33.8
2025-02-17,SOL-MEK,EU,Iberia Polymers,26.5
2025-02-24,SOL-MEK,EU,Iberia Polymers,47.1
2025-03-03,SOL-MEK,EU,Iberia Polymers,26.6
2025-03-10,SOL-MEK,EU,Iberia Polymers,24.3
2025-03-17,SOL-MEK,EU,Iberia Polymers,36.4
2025-03-24,SOL-MEK,EU,Iberia Polymers,32.3
2025-03-31,SOL-MEK,EU,Iberia Polymers,25.8
2025-04-07,SOL-MEK,EU,Iberia Polymers,39.3
2025-04-14,SOL-MEK,EU,Iberia Polymers,22.3
2025-04-21,SOL-MEK,EU,Iberia Polymers,27.0
2025-04-28,SOL-MEK,EU,Iberia Polymers,29.5
2025-05-05,SOL-MEK,EU,Iberia Polymers,38.9
2025-05-12,SOL-MEK,EU,Iberia Polymers,43.4
2025-05-19,SOL-MEK,EU,Iberia Polymers,41.1
2025-05-26,SOL-MEK,EU,Iberia Polymers,30.3
2025-06-02,SOL-MEK,EU,Iberia Polymers,18.0
2025-06-09,SOL-MEK,EU,Iberia Polymers,33.3
2025-06-16,SOL-MEK,EU,Iberia Polymers,42.4
2025-06-23,SOL-MEK,EU,Iberia Polymers,41.2
2025-06-30,SOL-MEK,EU,Iberia Polymers,36.0
2025-07-07,SOL-MEK,EU,Iberia Polymers,25.0
2025-07-14,SOL-MEK,EU,Iberia Polymers,28.6
2025-07-21,SOL-MEK,EU,Iberia Polymers,47.5
2025-07-28,SOL-MEK,EU,Iberia Polymers,22.7
2025-08-04,SOL-MEK,EU,Iberia Polymers,23.8
2025-08-11,SOL-MEK,EU,Iberia Polymers,37.5
2025-08-18,SOL-MEK,EU,Iberia Polymers,27.5
2025-08-25,SOL-MEK,EU,Iberia Polymers,23.3
2025-09-01,SOL-MEK,EU,Iberia Polymers,43.1
2025-09-08,SOL-MEK,EU,Iberia Polymers,34.3
2025-09-15,SOL-MEK,EU,Iberia Polymers,28.6
2025-09-22,SOL-MEK,EU,Iberia Polymers,24.0
2025-09-29,SOL-MEK,EU,Iberia Polymers,47.5
2025-10-06,SOL-MEK,EU,Iberia Polymers,30.2
2025-10-13,SOL-MEK,EU,Iberia Polymers,41.6
2025-10-20,SOL-MEK,EU,Iberia Polymers,38.5
2025-10-27,SOL-MEK,EU,Iberia Polymers,28.5
2025-11-03,SOL-MEK,EU,Iberia Polymers,29.2
2025-11-10,SOL-MEK,EU,Iberia Polymers,44.9
2025-11-17,SOL-MEK,EU,Iberia Polymers,44.8
2025-11-24,SOL-MEK,EU,Iberia Polymers,21.4
2025-12-01,SOL-MEK,EU,Iberia Polymers,36.4
2025-12-08,SOL-MEK,EU,Iberia Polymers,32.6
2025-12-15,SOL-MEK,EU,Iberia Polymers,26.6
2025-12-22,SOL-MEK,EU,Iberia Polymers,36.0
2025-12-29,SOL-MEK,EU,Iberia Polymers,25.2
2026-01-05,SOL-MEK,EU,Iberia Polymers,31.1
2026-01-12,SOL-MEK,EU,Iberia Polymers,29.3
2026-01-19,SOL-MEK,EU,Iberia Polymers,31.3
2026-01-26,SOL-MEK,EU,Iberia Polymers,34.5
2026-02-02,SOL-MEK,EU,Iberia Polymers,27.8
2026-02-09,SOL-MEK,EU,Iberia Polymers,49.5
2026-02-16,SOL-MEK,EU,Iberia Polymers,38.9
2026-02-23,SOL-MEK,EU,Iberia Polymers,50.9
2026-03-02,SOL-MEK,EU,Iberia Polymers,32.4
2026-03-09,SOL-MEK,EU,Iberia Polymers,29.8
2026-03-16,SOL-MEK,EU,Iberia Polymers,50.4
2026-03-23,SOL-MEK,EU,Iberia Polymers,30.0
2026-03-30,SOL-MEK,EU,Iberia Polymers,32.6
2026-04-06,SOL-MEK,EU,Iberia Polymers,39.7
2026-04-13,SOL-MEK,EU,Iberia Polymers,26.2
2026-04-20,SOL-MEK,EU,Iberia Polymers,40.0
2026-04-27,SOL-MEK,EU,Iberia Polymers,38.4
2026-05-04,SOL-MEK,EU,Iberia Polymers,45.0
2026-05-11,SOL-MEK,EU,Iberia Polymers,41.3
2026-05-18,SOL-MEK,EU,Iberia Polymers,46.0
2026-05-25,SOL-MEK,EU,Iberia Polymers,33.4
2026-06-01,SOL-MEK,EU,Iberia Polymers,27.7
2026-06-08,SOL-MEK,EU,Iberia Polymers,51.9
2026-06-15,SOL-MEK,EU,Iberia Polymers,23.7
2026-06-22,SOL-MEK,EU,Iberia Polymers,24.6
2026-06-29,SOL-MEK,EU,Iberia Polymers,37.9
2026-07-06,SOL-MEK,EU,Iberia Polymers,47.4
2026-07-13,SOL-MEK,EU,Iberia Polymers,35.1
2026-07-20,SOL-MEK,EU,Iberia Polymers,41.2
2026-07-27,SOL-MEK,EU,Iberia Polymers,20.9
2026-08-03,SOL-MEK,EU,Iberia Polymers,29.4
2026-08-10,SOL-MEK,EU,Iberia Polymers,21.6
2026-08-17,SOL-MEK,EU,Iberia Polymers,38.2
2026-08-24,SOL-MEK,EU,Iberia Polymers,22.5
2026-08-31,SOL-MEK,EU,Iberia Polymers,23.6
2026-09-07,SOL-MEK,EU,Iberia Polymers,35.3
2026-09-14,SOL-MEK,EU,Iberia Polymers,39.2
2026-09-21,SOL-MEK,EU,Iberia Polymers,30.0
2026-09-28,SOL-MEK,EU,Iberia Polymers,33.6
2024-10-07,SOL-MEK,APAC,Pacific Coatings,63.9
2024-10-14,SOL-MEK,APAC,Pacific Coatings,95.6
2024-10-21,SOL-MEK,APAC,Pacific Coatings,81.5
2024-10-28,SOL-MEK,APAC,Pacific Coatings,72.7
2024-11-04,SOL-MEK,APAC,Pacific Coatings,74.8
2024-11-11,SOL-MEK,APAC,Pacific Coatings,69.0
2024-11-18,SOL-MEK,APAC,Pacific Coatings,94.9
2024-11-25,SOL-MEK,APAC,Pacific Coatings,56.7
2024-12-02,SOL-MEK,APAC,Pacific Coatings,61.4
2024-12-09,SOL-MEK,APAC,Pacific Coatings,70.1
2024-12-16,SOL-MEK,APAC,Pacific Coatings,108.3
2024-12-23,SOL-MEK,APAC,Pacific Coatings,95.5
2024-12-30,SOL-MEK,APAC,Pacific Coatings,53.5
2025-01-06,SOL-MEK,APAC,Pacific Coatings,102.2
2025-01-13,SOL-MEK,APAC,Pacific Coatings,100.7
2025-01-20,SOL-MEK,APAC,Pacific Coatings,57.6
2025-01-27,SOL-MEK,APAC,Pacific Coatings,42.9
2025-02-03,SOL-MEK,APAC,Pacific Coatings,73.4
2025-02-10,SOL-MEK,APAC,Pacific Coatings,93.9
2025-02-17,SOL-MEK,APAC,Pacific Coatings,104.2
2025-02-24,SOL-MEK,APAC,Pacific Coatings,61.0
2025-03-03,SOL-MEK,APAC,Pacific Coatings,112.6
2025-03-10,SOL-MEK,APAC,Pacific Coatings,48.2
2025-03-17,SOL-MEK,APAC,Pacific Coatings,72.2
2025-03-24,SOL-MEK,APAC,Pacific Coatings,71.5
2025-03-31,SOL-MEK,APAC,Pacific Coatings,99.6
2025-04-07,SOL-MEK,APAC,Pacific Coatings,102.6
2025-04-14,SOL-MEK,APAC,Pacific Coatings,96.3
2025-04-21,SOL-MEK,APAC,Pacific Coatings,59.6
2025-04-28,SOL-MEK,APAC,Pacific Coatings,96.3
2025-05-05,SOL-MEK,APAC,Pacific Coatings,89.4
2025-05-12,SOL-MEK,APAC,Pacific Coatings,54.2
2025-05-19,SOL-MEK,APAC,Pacific Coatings,49.9
2025-05-26,SOL-MEK,APAC,Pacific Coatings,98.0
2025-06-02,SOL-MEK,APAC,Pacific Coatings,75.2
2025-06-09,SOL-MEK,APAC,Pacific Coatings,58.5
2025-06-16,SOL-MEK,APAC,Pacific Coatings,74.7
2025-06-23,SOL-MEK,APAC,Pacific Coatings,83.0
2025-06-30,SOL-MEK,APAC,Pacific Coatings,74.1
2025-07-07,SOL-MEK,APAC,Pacific Coatings,55.7
2025-07-14,SOL-MEK,APAC,Pacific Coatings,116.6
2025-07-21,SOL-MEK,APAC,Pacific Coatings,94.8
2025-07-28,SOL-MEK,APAC,Pacific Coatings,72.7
2025-08-04,SOL-MEK,APAC,Pacific Coatings,77.0
2025-08-11,SOL-MEK,APAC,Pacific Coatings,87.1
2025-08-18,SOL-MEK,APAC,Pacific Coatings,62.4
2025-08-25,SOL-MEK,APAC,Pacific Coatings,86.3
2025-09-01,SOL-MEK,APAC,Pacific Coatings,61.4
2025-09-08,SOL-MEK,APAC,Pacific Coatings,79.5
2025-09-15,SOL-MEK,APAC,Pacific Coatings,62.2
2025-09-22,SOL-MEK,APAC,Pacific Coatings,63.2
2025-09-29,SOL-MEK,APAC,Pacific Coatings,116.1
2025-10-06,SOL-MEK,APAC,Pacific Coatings,80.9
2025-10-13,SOL-MEK,APAC,Pacific Coatings,83.0
2025-10-20,SOL-MEK,APAC,Pacific Coatings,49.6
2025-10-27,SOL-MEK,APAC,Pacific Coatings,66.8
2025-11-03,SOL-MEK,APAC,Pacific Coatings,83.2
2025-11-10,SOL-MEK,APAC,Pacific Coatings,78.2
2025-11-17,SOL-MEK,APAC,Pacific Coatings,45.7
2025-11-24,SOL-MEK,APAC,Pacific Coatings,77.1
2025-12-01,SOL-MEK,APAC,Pacific Coatings,80.4
2025-12-08,SOL-MEK,APAC,Pacific Coatings,97.5
2025-12-15,SOL-MEK,APAC,Pacific Coatings,63.5
2025-12-22,SOL-MEK,APAC,Pacific Coatings,44.5
2025-12-29,SOL-MEK,APAC,Pacific Coatings,58.1
2026-01-05,SOL-MEK,APAC,Pacific Coatings,55.9
2026-01-12,SOL-MEK,APAC,Pacific Coatings,83.8
2026-01-19,SOL-MEK,APAC,Pacific Coatings,39.0
2026-01-26,SOL-MEK,APAC,Pacific Coatings,66.0
2026-02-02,SOL-MEK,APAC,Pacific Coatings,101.5
2026-02-09,SOL-MEK,APAC,Pacific Coatings,74.6
2026-02-16,SOL-MEK,APAC,Pacific Coatings,89.9
2026-02-23,SOL-MEK,APAC,Pacific Coatings,50.7
2026-03-02,SOL-MEK,APAC,Pacific Coatings,52.1
2026-03-09,SOL-MEK,APAC,Pacific Coatings,102.4
2026-03-16,SOL-MEK,APAC,Pacific Coatings,77.1
2026-03-23,SOL-MEK,APAC,Pacific Coatings,75.6
2026-03-30,SOL-MEK,APAC,Pacific Coatings,59.0
2026-04-06,SOL-MEK,APAC,Pacific Coatings,78.1
2026-04-13,SOL-MEK,APAC,Pacific Coatings,58.9
2026-04-20,SOL-MEK,APAC,Pacific Coatings,98.7
2026-04-27,SOL-MEK,APAC,Pacific Coatings,139.7
2026-05-04,SOL-MEK,APAC,Pacific Coatings,86.4
2026-05-11,SOL-MEK,APAC,Pacific Coatings,67.8
2026-05-18,SOL-MEK,APAC,Pacific Coatings,45.0
2026-05-25,SOL-MEK,APAC,Pacific Coatings,54.4
2026-06-01,SOL-MEK,APAC,Pacific Coatings,111.9
2026-06-08,SOL-MEK,APAC,Pacific Coatings,65.1
2026-06-15,SOL-MEK,APAC,Pacific Coatings,73.2
2026-06-22,SOL-MEK,APAC,Pacific Coatings,92.3
2026-06-29,SOL-MEK,APAC,Pacific Coatings,111.4
2026-07-06,SOL-MEK,APAC,Pacific Coatings,77.7
2026-07-13,SOL-MEK,APAC,Pacific Coatings,74.2
2026-07-20,SOL-MEK,APAC,Pacific Coatings,80.6
2026-07-27,SOL-MEK,APAC,Pacific Coatings,69.6
2026-08-03,SOL-MEK,APAC,Pacific Coatings,72.4
2026-08-10,SOL-MEK,APAC,Pacific Coatings,87.7
2026-08-17,SOL-MEK,APAC,Pacific Coatings,86.9
2026-08-24,SOL-MEK,APAC,Pacific Coatings,135.8
2026-08-31,SOL-MEK,APAC,Pacific Coatings,95.6
2026-09-07,SOL-MEK,APAC,Pacific Coatings,112.5
2026-09-14,SOL-MEK,APAC,Pacific Coatings,70.0
2026-09-21,SOL-MEK,APAC,Pacific Coatings,102.6
2026-09-28,SOL-MEK,APAC,Pacific Coatings,80.0
2024-10-07,SOL-MEK,APAC,Shenzhen Electronic Materials,102.1
2024-10-14,SOL-MEK,APAC,Shenzhen Electronic Materials,108.1
2024-10-21,SOL-MEK,APAC,Shenzhen Electronic Materials,93.2
2024-10-28,SOL-MEK,APAC,Shenzhen Electronic Materials,155.4
2024-11-04,SOL-MEK,APAC,Shenzhen Electronic Materials,123.6
2024-11-11,SOL-MEK,APAC,Shenzhen Electronic Materials,117.7
2024-11-18,SOL-MEK,APAC,Shenzhen Electronic Materials,104.5
2024-11-25,SOL-MEK,APAC,Shenzhen Electronic Materials,129.1
2024-12-02,SOL-MEK,APAC,Shenzhen Electronic Materials,63.0
2024-12-09,SOL-MEK,APAC,Shenzhen Electronic Materials,115.3
2024-12-16,SOL-MEK,APAC,Shenzhen Electronic Materials,69.1
2024-12-23,SOL-MEK,APAC,Shenzhen Electronic Materials,75.7
2024-12-30,SOL-MEK,APAC,Shenzhen Electronic Materials,98.3
2025-01-06,SOL-MEK,APAC,Shenzhen Electronic Materials,112.7
2025-01-13,SOL-MEK,APAC,Shenzhen Electronic Materials,65.7
2025-01-20,SOL-MEK,APAC,Shenzhen Electronic Materials,75.4
2025-01-27,SOL-MEK,APAC,Shenzhen Electronic Materials,86.3
2025-02-03,SOL-MEK,APAC,Shenzhen Electronic Materials,81.0
2025-02-10,SOL-MEK,APAC,Shenzhen Electronic Materials,100.2
2025-02-17,SOL-MEK,APAC,Shenzhen Electronic Materials,176.9
2025-02-24,SOL-MEK,APAC,Shenzhen Electronic Materials,91.7
2025-03-03,SOL-MEK,APAC,Shenzhen Electronic Materials,73.7
2025-03-10,SOL-MEK,APAC,Shenzhen Electronic Materials,66.9
2025-03-17,SOL-MEK,APAC,Shenzhen Electronic Materials,82.5
2025-03-24,SOL-MEK,APAC,Shenzhen Electronic Materials,72.1
2025-03-31,SOL-MEK,APAC,Shenzhen Electronic Materials,97.0
2025-04-07,SOL-MEK,APAC,Shenzhen Electronic Materials,96.4
2025-04-14,SOL-MEK,APAC,Shenzhen Electronic Materials,79.8
2025-04-21,SOL-MEK,APAC,Shenzhen Electronic Materials,140.4
2025-04-28,SOL-MEK,APAC,Shenzhen Electronic Materials,76.7
2025-05-05,SOL-MEK,APAC,Shenzhen Electronic Materials,88.1
2025-05-12,SOL-MEK,APAC,Shenzhen Electronic Materials,102.0
2025-05-19,SOL-MEK,APAC,Shenzhen Electronic Materials,108.2
2025-05-26,SOL-MEK,APAC,Shenzhen Electronic Materials,116.9
2025-06-02,SOL-MEK,APAC,Shenzhen Electronic Materials,97.3
2025-06-09,SOL-MEK,APAC,Shenzhen Electronic Materials,110.7
2025-06-16,SOL-MEK,APAC,Shenzhen Electronic Materials,76.4
2025-06-23,SOL-MEK,APAC,Shenzhen Electronic Materials,106.2
2025-06-30,SOL-MEK,APAC,Shenzhen Electronic Materials,104.2
2025-07-07,SOL-MEK,APAC,Shenzhen Electronic Materials,123.6
2025-07-14,SOL-MEK,APAC,Shenzhen Electronic Materials,60.4
2025-07-21,SOL-MEK,APAC,Shenzhen Electronic Materials,70.4
2025-07-28,SOL-MEK,APAC,Shenzhen Electronic Materials,106.1
2025-08-04,SOL-MEK,APAC,Shenzhen Electronic Materials,51.9
2025-08-11,SOL-MEK,APAC,Shenzhen Electronic Materials,101.5
2025-08-18,SOL-MEK,APAC,Shenzhen Electronic Materials,114.4
2025-08-25,SOL-MEK,APAC,Shenzhen Electronic Materials,80.1
2025-09-01,SOL-MEK,APAC,Shenzhen Electronic Materials,84.7
2025-09-08,SOL-MEK,APAC,Shenzhen Electronic Materials,72.1
2025-09-15,SOL-MEK,APAC,Shenzhen Electronic Materials,81.1
2025-09-22,SOL-MEK,APAC,Shenzhen Electronic Materials,82.1
2025-09-29,SOL-MEK,APAC,Shenzhen Electronic Materials,78.7
2025-10-06,SOL-MEK,APAC,Shenzhen Electronic Materials,76.9
2025-10-13,SOL-MEK,APAC,Shenzhen Electronic Materials,84.6
2025-10-20,SOL-MEK,APAC,Shenzhen Electronic Materials,82.0
2025-10-27,SOL-MEK,APAC,Shenzhen Electronic Materials,130.1
2025-11-03,SOL-MEK,APAC,Shenzhen Electronic Materials,78.0
2025-11-10,SOL-MEK,APAC,Shenzhen Electronic Materials,91.4
2025-11-17,SOL-MEK,APAC,Shenzhen Electronic Materials,73.2
2025-11-24,SOL-MEK,APAC,Shenzhen Electronic Materials,73.2
2025-12-01,SOL-MEK,APAC,Shenzhen Electronic Materials,57.7
2025-12-08,SOL-MEK,APAC,Shenzhen Electronic Materials,58.9
2025-12-15,SOL-MEK,APAC,Shenzhen Electronic Materials,63.6
2025-12-22,SOL-MEK,APAC,Shenzhen Electronic Materials,85.8
2025-12-29,SOL-MEK,APAC,Shenzhen Electronic Materials,103.7
2026-01-05,SOL-MEK,APAC,Shenzhen Electronic Materials,54.4
2026-01-12,SOL-MEK,APAC,Shenzhen Electronic Materials,71.4
2026-01-19,SOL-MEK,APAC,Shenzhen Electronic Materials,59.4
2026-01-26,SOL-MEK,APAC,Shenzhen Electronic Materials,77.8
2026-02-02,SOL-MEK,APAC,Shenzhen Electronic Materials,106.4
2026-02-09,SOL-MEK,APAC,Shenzhen Electronic Materials,76.4
2026-02-16,SOL-MEK,APAC,Shenzhen Electronic Materials,82.6
2026-02-23,SOL-MEK,APAC,Shenzhen Electronic Materials,113.5
2026-03-02,SOL-MEK,APAC,Shenzhen Electronic Materials,92.7
2026-03-09,SOL-MEK,APAC,Shenzhen Electronic Materials,71.5
2026-03-16,SOL-MEK,APAC,Shenzhen Electronic Materials,88.3
2026-03-23,SOL-MEK,APAC,Shenzhen Electronic Materials,69.7
2026-03-30,SOL-MEK,APAC,Shenzhen Electronic Materials,93.7
2026-04-06,SOL-MEK,APAC,Shenzhen Electronic Materials,96.8
2026-04-13,SOL-MEK,APAC,Shenzhen Electronic Materials,63.5
2026-04-20,SOL-MEK,APAC,Shenzhen Electronic Materials,89.4
2026-04-27,SOL-MEK,APAC,Shenzhen Electronic Materials,84.5
2026-05-04,SOL-MEK,APAC,Shenzhen Electronic Materials,99.1
2026-05-11,SOL-MEK,APAC,Shenzhen Electronic Materials,105.9
2026-05-18,SOL-MEK,APAC,Shenzhen Electronic Materials,98.8
2026-05-25,SOL-MEK,APAC,Shenzhen Electronic Materials,83.5
2026-06-01,SOL-MEK,APAC,Shenzhen Electronic Materials,110.4
2026-06-08,SOL-MEK,APAC,Shenzhen Electronic Materials,76.2
2026-06-15,SOL-MEK,APAC,Shenzhen Electronic Materials,67.2
2026-06-22,SOL-MEK,APAC,Shenzhen Electronic Materials,44.8
2026-06-29,SOL-MEK,APAC,Shenzhen Electronic Materials,89.6
2026-07-06,SOL-MEK,APAC,Shenzhen Electronic Materials,76.7
2026-07-13,SOL-MEK,APAC,Shenzhen Electronic Materials,100.2
2026-07-20,SOL-MEK,APAC,Shenzhen Electronic Materials,58.2
2026-07-27,SOL-MEK,APAC,Shenzhen Electronic Materials,78.5
2026-08-03,SOL-MEK,APAC,Shenzhen Electronic Materials,103.1
2026-08-10,SOL-MEK,APAC,Shenzhen Electronic Materials,72.3
2026-08-17,SOL-MEK,APAC,Shenzhen Electronic Materials,103.3
2026-08-24,SOL-MEK,APAC,Shenzhen Electronic Materials,85.0
2026-08-31,SOL-MEK,APAC,Shenzhen Electronic Materials,97.5
2026-09-07,SOL-MEK,APAC,Shenzhen Electronic Materials,112.7
2026-09-14,SOL-MEK,APAC,Shenzhen Electronic Materials,123.7
2026-09-21,SOL-MEK,APAC,Shenzhen Electronic Materials,105.6
2026-09-28,SOL-MEK,APAC,Shenzhen Electronic Materials,88.7
2024-10-07,SOL-MEK,APAC,Jurong Construction Chem,71.1
2024-10-14,SOL-MEK,APAC,Jurong Construction Chem,89.8
2024-10-21,SOL-MEK,APAC,Jurong Construction Chem,61.9
2024-10-28,SOL-MEK,APAC,Jurong Construction Chem,73.9
2024-11-04,SOL-MEK,APAC,Jurong Construction Chem,69.7
2024-11-11,SOL-MEK,APAC,Jurong Construction Chem,74.6
2024-11-18,SOL-MEK,APAC,Jurong Construction Chem,59.4
2024-11-25,SOL-MEK,APAC,Jurong Construction Chem,49.0
2024-12-02,SOL-MEK,APAC,Jurong Construction Chem,81.4
2024-12-09,SOL-MEK,APAC,Jurong Construction Chem,88.6
2024-12-16,SOL-MEK,APAC,Jurong Construction Chem,48.7
2024-12-23,SOL-MEK,APAC,Jurong Construction Chem,78.1
2024-12-30,SOL-MEK,APAC,Jurong Construction Chem,92.6
2025-01-06,SOL-MEK,APAC,Jurong Construction Chem,82.3
2025-01-13,SOL-MEK,APAC,Jurong Construction Chem,64.9
2025-01-20,SOL-MEK,APAC,Jurong Construction Chem,57.6
2025-01-27,SOL-MEK,APAC,Jurong Construction Chem,72.3
2025-02-03,SOL-MEK,APAC,Jurong Construction Chem,74.8
2025-02-10,SOL-MEK,APAC,Jurong Construction Chem,71.2
2025-02-17,SOL-MEK,APAC,Jurong Construction Chem,67.1
2025-02-24,SOL-MEK,APAC,Jurong Construction Chem,55.3
2025-03-03,SOL-MEK,APAC,Jurong Construction Chem,79.9
2025-03-10,SOL-MEK,APAC,Jurong Construction Chem,82.9
2025-03-17,SOL-MEK,APAC,Jurong Construction Chem,77.8
2025-03-24,SOL-MEK,APAC,Jurong Construction Chem,76.3
2025-03-31,SOL-MEK,APAC,Jurong Construction Chem,106.3
2025-04-07,SOL-MEK,APAC,Jurong Construction Chem,63.9
2025-04-14,SOL-MEK,APAC,Jurong Construction Chem,98.3
2025-04-21,SOL-MEK,APAC,Jurong Construction Chem,64.8
2025-04-28,SOL-MEK,APAC,Jurong Construction Chem,96.7
2025-05-05,SOL-MEK,APAC,Jurong Construction Chem,99.7
2025-05-12,SOL-MEK,APAC,Jurong Construction Chem,69.8
2025-05-19,SOL-MEK,APAC,Jurong Construction Chem,107.6
2025-05-26,SOL-MEK,APAC,Jurong Construction Chem,82.2
2025-06-02,SOL-MEK,APAC,Jurong Construction Chem,61.3
2025-06-09,SOL-MEK,APAC,Jurong Construction Chem,68.0
2025-06-16,SOL-MEK,APAC,Jurong Construction Chem,95.3
2025-06-23,SOL-MEK,APAC,Jurong Construction Chem,89.3
2025-06-30,SOL-MEK,APAC,Jurong Construction Chem,56.8
2025-07-07,SOL-MEK,APAC,Jurong Construction Chem,72.2
2025-07-14,SOL-MEK,APAC,Jurong Construction Chem,76.5
2025-07-21,SOL-MEK,APAC,Jurong Construction Chem,64.6
2025-07-28,SOL-MEK,APAC,Jurong Construction Chem,125.0
2025-08-04,SOL-MEK,APAC,Jurong Construction Chem,82.2
2025-08-11,SOL-MEK,APAC,Jurong Construction Chem,75.5
2025-08-18,SOL-MEK,APAC,Jurong Construction Chem,98.9
2025-08-25,SOL-MEK,APAC,Jurong Construction Chem,70.5
2025-09-01,SOL-MEK,APAC,Jurong Construction Chem,97.6
2025-09-08,SOL-MEK,APAC,Jurong Construction Chem,53.2
2025-09-15,SOL-MEK,APAC,Jurong Construction Chem,69.2
2025-09-22,SOL-MEK,APAC,Jurong Construction Chem,96.8
2025-09-29,SOL-MEK,APAC,Jurong Construction Chem,108.5
2025-10-06,SOL-MEK,APAC,Jurong Construction Chem,64.1
2025-10-13,SOL-MEK,APAC,Jurong Construction Chem,62.0
2025-10-20,SOL-MEK,APAC,Jurong Construction Chem,83.1
2025-10-27,SOL-MEK,APAC,Jurong Construction Chem,63.1
2025-11-03,SOL-MEK,APAC,Jurong Construction Chem,67.3
2025-11-10,SOL-MEK,APAC,Jurong Construction Chem,86.3
2025-11-17,SOL-MEK,APAC,Jurong Construction Chem,62.0
2025-11-24,SOL-MEK,APAC,Jurong Construction Chem,45.4
2025-12-01,SOL-MEK,APAC,Jurong Construction Chem,52.9
2025-12-08,SOL-MEK,APAC,Jurong Construction Chem,70.1
2025-12-15,SOL-MEK,APAC,Jurong Construction Chem,46.3
2025-12-22,SOL-MEK,APAC,Jurong Construction Chem,64.8
2025-12-29,SOL-MEK,APAC,Jurong Construction Chem,50.6
2026-01-05,SOL-MEK,APAC,Jurong Construction Chem,97.1
2026-01-12,SOL-MEK,APAC,Jurong Construction Chem,109.0
2026-01-19,SOL-MEK,APAC,Jurong Construction Chem,53.4
2026-01-26,SOL-MEK,APAC,Jurong Construction Chem,73.3
2026-02-02,SOL-MEK,APAC,Jurong Construction Chem,57.1
2026-02-09,SOL-MEK,APAC,Jurong Construction Chem,66.1
2026-02-16,SOL-MEK,APAC,Jurong Construction Chem,104.3
2026-02-23,SOL-MEK,APAC,Jurong Construction Chem,62.4
2026-03-02,SOL-MEK,APAC,Jurong Construction Chem,66.1
2026-03-09,SOL-MEK,APAC,Jurong Construction Chem,57.7
2026-03-16,SOL-MEK,APAC,Jurong Construction Chem,92.2
2026-03-23,SOL-MEK,APAC,Jurong Construction Chem,34.3
2026-03-30,SOL-MEK,APAC,Jurong Construction Chem,65.1
2026-04-06,SOL-MEK,APAC,Jurong Construction Chem,71.9
2026-04-13,SOL-MEK,APAC,Jurong Construction Chem,62.3
2026-04-20,SOL-MEK,APAC,Jurong Construction Chem,87.4
2026-04-27,SOL-MEK,APAC,Jurong Construction Chem,94.9
2026-05-04,SOL-MEK,APAC,Jurong Construction Chem,54.1
2026-05-11,SOL-MEK,APAC,Jurong Construction Chem,117.4
2026-05-18,SOL-MEK,APAC,Jurong Construction Chem,54.6
2026-05-25,SOL-MEK,APAC,Jurong Construction Chem,99.5
2026-06-01,SOL-MEK,APAC,Jurong Construction Chem,78.1
2026-06-08,SOL-MEK,APAC,Jurong Construction Chem,69.5
2026-06-15,SOL-MEK,APAC,Jurong Construction Chem,69.0
2026-06-22,SOL-MEK,APAC,Jurong Construction Chem,75.4
2026-06-29,SOL-MEK,APAC,Jurong Construction Chem,80.0
2026-07-06,SOL-MEK,APAC,Jurong Construction Chem,63.0
2026-07-13,SOL-MEK,APAC,Jurong Construction Chem,73.3
2026-07-20,SOL-MEK,APAC,Jurong Construction Chem,63.7
2026-07-27,SOL-MEK,APAC,Jurong Construction Chem,58.2
2026-08-03,SOL-MEK,APAC,Jurong Construction Chem,65.2
2026-08-10,SOL-MEK,APAC,Jurong Construction Chem,59.1
2026-08-17,SOL-MEK,APAC,Jurong Construction Chem,72.3
2026-08-24,SOL-MEK,APAC,Jurong Construction Chem,88.8
2026-08-31,SOL-MEK,APAC,Jurong Construction Chem,84.7
2026-09-07,SOL-MEK,APAC,Jurong Construction Chem,128.2
2026-09-14,SOL-MEK,APAC,Jurong Construction Chem,51.8
2026-09-21,SOL-MEK,APAC,Jurong Construction Chem,96.4
2026-09-28,SOL-MEK,APAC,Jurong Construction Chem,89.3
2024-10-07,SOL-MEK,LATAM,Andes Plastics,57.2
2024-10-14,SOL-MEK,LATAM,Andes Plastics,47.6
2024-10-21,SOL-MEK,LATAM,Andes Plastics,42.7
2024-10-28,SOL-MEK,LATAM,Andes Plastics,44.9
2024-11-04,SOL-MEK,LATAM,Andes Plastics,45.8
2024-11-11,SOL-MEK,LATAM,Andes Plastics,63.2
2024-11-18,SOL-MEK,LATAM,Andes Plastics,95.5
2024-11-25,SOL-MEK,LATAM,Andes Plastics,60.9
2024-12-02,SOL-MEK,LATAM,Andes Plastics,40.4
2024-12-09,SOL-MEK,LATAM,Andes Plastics,53.0
2024-12-16,SOL-MEK,LATAM,Andes Plastics,52.3
2024-12-23,SOL-MEK,LATAM,Andes Plastics,36.9
2024-12-30,SOL-MEK,LATAM,Andes Plastics,33.9
2025-01-06,SOL-MEK,LATAM,Andes Plastics,44.9
2025-01-13,SOL-MEK,LATAM,Andes Plastics,54.7
2025-01-20,SOL-MEK,LATAM,Andes Plastics,32.8
2025-01-27,SOL-MEK,LATAM,Andes Plastics,40.2
2025-02-03,SOL-MEK,LATAM,Andes Plastics,52.1
2025-02-10,SOL-MEK,LATAM,Andes Plastics,46.4
2025-02-17,SOL-MEK,LATAM,Andes Plastics,61.9
2025-02-24,SOL-MEK,LATAM,Andes Plastics,33.1
2025-03-03,SOL-MEK,LATAM,Andes Plastics,77.6
2025-03-10,SOL-MEK,LATAM,Andes Plastics,33.4
2025-03-17,SOL-MEK,LATAM,Andes Plastics,29.9
2025-03-24,SOL-MEK,LATAM,Andes Plastics,45.7
2025-03-31,SOL-MEK,LATAM,Andes Plastics,36.3
2025-04-07,SOL-MEK,LATAM,Andes Plastics,45.6
2025-04-14,SOL-MEK,LATAM,Andes Plastics,45.4
2025-04-21,SOL-MEK,LATAM,Andes Plastics,44.6
2025-04-28,SOL-MEK,LATAM,Andes Plastics,39.8
2025-05-05,SOL-MEK,LATAM,Andes Plastics,53.5
2025-05-12,SOL-MEK,LATAM,Andes Plastics,44.4
2025-05-19,SOL-MEK,LATAM,Andes Plastics,61.6
2025-05-26,SOL-MEK,LATAM,Andes Plastics,46.8
2025-06-02,SOL-MEK,LATAM,Andes Plastics,40.0
2025-06-09,SOL-MEK,LATAM,Andes Plastics,35.3
2025-06-16,SOL-MEK,LATAM,Andes Plastics,48.1
2025-06-23,SOL-MEK,LATAM,Andes Plastics,37.7
2025-06-30,SOL-MEK,LATAM,Andes Plastics,37.6
2025-07-07,SOL-MEK,LATAM,Andes Plastics,56.1
2025-07-14,SOL-MEK,LATAM,Andes Plastics,34.6
2025-07-21,SOL-MEK,LATAM,Andes Plastics,70.5
2025-07-28,SOL-MEK,LATAM,Andes Plastics,54.3
2025-08-04,SOL-MEK,LATAM,Andes Plastics,51.5
2025-08-11,SOL-MEK,LATAM,Andes Plastics,42.1
2025-08-18,SOL-MEK,LATAM,Andes Plastics,63.6
2025-08-25,SOL-MEK,LATAM,Andes Plastics,53.7
2025-09-01,SOL-MEK,LATAM,Andes Plastics,46.3
2025-09-08,SOL-MEK,LATAM,Andes Plastics,56.5
2025-09-15,SOL-MEK,LATAM,Andes Plastics,36.6
2025-09-22,SOL-MEK,LATAM,Andes Plastics,36.9
2025-09-29,SOL-MEK,LATAM,Andes Plastics,41.1
2025-10-06,SOL-MEK,LATAM,Andes Plastics,56.8
2025-10-13,SOL-MEK,LATAM,Andes Plastics,52.7
2025-10-20,SOL-MEK,LATAM,Andes Plastics,65.1
2025-10-27,SOL-MEK,LATAM,Andes Plastics,41.9
2025-11-03,SOL-MEK,LATAM,Andes Plastics,58.9
2025-11-10,SOL-MEK,LATAM,Andes Plastics,49.8
2025-11-17,SOL-MEK,LATAM,Andes Plastics,40.7
2025-11-24,SOL-MEK,LATAM,Andes Plastics,54.2
2025-12-01,SOL-MEK,LATAM,Andes Plastics,49.4
2025-12-08,SOL-MEK,LATAM,Andes Plastics,43.3
2025-12-15,SOL-MEK,LATAM,Andes Plastics,50.9
2025-12-22,SOL-MEK,LATAM,Andes Plastics,49.2
2025-12-29,SOL-MEK,LATAM,Andes Plastics,49.1
2026-01-05,SOL-MEK,LATAM,Andes Plastics,46.6
2026-01-12,SOL-MEK,LATAM,Andes Plastics,39.2
2026-01-19,SOL-MEK,LATAM,Andes Plastics,52.9
2026-01-26,SOL-MEK,LATAM,Andes Plastics,42.3
2026-02-02,SOL-MEK,LATAM,Andes Plastics,41.3
2026-02-09,SOL-MEK,LATAM,Andes Plastics,48.5
2026-02-16,SOL-MEK,LATAM,Andes Plastics,60.5
2026-02-23,SOL-MEK,LATAM,Andes Plastics,54.5
2026-03-02,SOL-MEK,LATAM,Andes Plastics,45.8
2026-03-09,SOL-MEK,LATAM,Andes Plastics,44.8
2026-03-16,SOL-MEK,LATAM,Andes Plastics,57.6
2026-03-23,SOL-MEK,LATAM,Andes Plastics,29.5
2026-03-30,SOL-MEK,LATAM,Andes Plastics,60.2
2026-04-06,SOL-MEK,LATAM,Andes Plastics,33.9
2026-04-13,SOL-MEK,LATAM,Andes Plastics,37.9
2026-04-20,SOL-MEK,LATAM,Andes Plastics,45.8
2026-04-27,SOL-MEK,LATAM,Andes Plastics,80.9
2026-05-04,SOL-MEK,LATAM,Andes Plastics,73.2
2026-05-11,SOL-MEK,LATAM,Andes Plastics,59.4
2026-05-18,SOL-MEK,LATAM,Andes Plastics,55.8
2026-05-25,SOL-MEK,LATAM,Andes Plastics,34.9
2026-06-01,SOL-MEK,LATAM,Andes Plastics,54.9
2026-06-08,SOL-MEK,LATAM,Andes Plastics,47.9
2026-06-15,SOL-MEK,LATAM,Andes Plastics,45.7
2026-06-22,SOL-MEK,LATAM,Andes Plastics,57.3
2026-06-29,SOL-MEK,LATAM,Andes Plastics,49.8
2026-07-06,SOL-MEK,LATAM,Andes Plastics,67.2
2026-07-13,SOL-MEK,LATAM,Andes Plastics,36.6
2026-07-20,SOL-MEK,LATAM,Andes Plastics,57.8
2026-07-27,SOL-MEK,LATAM,Andes Plastics,46.8
2026-08-03,SOL-MEK,LATAM,Andes Plastics,52.3
2026-08-10,SOL-MEK,LATAM,Andes Plastics,60.9
2026-08-17,SOL-MEK,LATAM,Andes Plastics,44.6
2026-08-24,SOL-MEK,LATAM,Andes Plastics,59.7
2026-08-31,SOL-MEK,LATAM,Andes Plastics,53.5
2026-09-07,SOL-MEK,LATAM,Andes Plastics,47.4
2026-09-14,SOL-MEK,LATAM,Andes Plastics,48.3
2026-09-21,SOL-MEK,LATAM,Andes Plastics,49.9
2026-09-28,SOL-MEK,LATAM,Andes Plastics,43.0
2024-10-07,SOL-MEK,LATAM,Brasil Tintas,27.4
2024-10-14,SOL-MEK,LATAM,Brasil Tintas,25.5
2024-10-21,SOL-MEK,LATAM,Brasil Tintas,23.6
2024-10-28,SOL-MEK,LATAM,Brasil Tintas,38.0
2024-11-04,SOL-MEK,LATAM,Brasil Tintas,29.4
2024-11-11,SOL-MEK,LATAM,Brasil Tintas,24.8
2024-11-18,SOL-MEK,LATAM,Brasil Tintas,27.5
2024-11-25,SOL-MEK,LATAM,Brasil Tintas,21.1
2024-12-02,SOL-MEK,LATAM,Brasil Tintas,23.6
2024-12-09,SOL-MEK,LATAM,Brasil Tintas,24.4
2024-12-16,SOL-MEK,LATAM,Brasil Tintas,19.4
2024-12-23,SOL-MEK,LATAM,Brasil Tintas,28.0
2024-12-30,SOL-MEK,LATAM,Brasil Tintas,22.7
2025-01-06,SOL-MEK,LATAM,Brasil Tintas,23.9
2025-01-13,SOL-MEK,LATAM,Brasil Tintas,22.9
2025-01-20,SOL-MEK,LATAM,Brasil Tintas,50.9
2025-01-27,SOL-MEK,LATAM,Brasil Tintas,23.1
2025-02-03,SOL-MEK,LATAM,Brasil Tintas,16.5
2025-02-10,SOL-MEK,LATAM,Brasil Tintas,18.3
2025-02-17,SOL-MEK,LATAM,Brasil Tintas,30.4
2025-02-24,SOL-MEK,LATAM,Brasil Tintas,34.4
2025-03-03,SOL-MEK,LATAM,Brasil Tintas,22.6
2025-03-10,SOL-MEK,LATAM,Brasil Tintas,35.3
2025-03-17,SOL-MEK,LATAM,Brasil Tintas,31.2
2025-03-24,SOL-MEK,LATAM,Brasil Tintas,25.2
2025-03-31,SOL-MEK,LATAM,Brasil Tintas,25.0
2025-04-07,SOL-MEK,LATAM,Brasil Tintas,27.2
2025-04-14,SOL-MEK,LATAM,Brasil Tintas,31.7
2025-04-21,SOL-MEK,LATAM,Brasil Tintas,28.8
2025-04-28,SOL-MEK,LATAM,Brasil Tintas,23.4
2025-05-05,SOL-MEK,LATAM,Brasil Tintas,26.5
2025-05-12,SOL-MEK,LATAM,Brasil Tintas,41.7
2025-05-19,SOL-MEK,LATAM,Brasil Tintas,28.9
2025-05-26,SOL-MEK,LATAM,Brasil Tintas,33.5
2025-06-02,SOL-MEK,LATAM,Brasil Tintas,31.6
2025-06-09,SOL-MEK,LATAM,Brasil Tintas,30.8
2025-06-16,SOL-MEK,LATAM,Brasil Tintas,29.0
2025-06-23,SOL-MEK,LATAM,Brasil Tintas,34.4
2025-06-30,SOL-MEK,LATAM,Brasil Tintas,33.7
2025-07-07,SOL-MEK,LATAM,Brasil Tintas,30.0
2025-07-14,SOL-MEK,LATAM,Brasil Tintas,24.9
2025-07-21,SOL-MEK,LATAM,Brasil Tintas,31.9
2025-07-28,SOL-MEK,LATAM,Brasil Tintas,29.3
2025-08-04,SOL-MEK,LATAM,Brasil Tintas,27.6
2025-08-11,SOL-MEK,LATAM,Brasil Tintas,54.1
2025-08-18,SOL-MEK,LATAM,Brasil Tintas,21.7
2025-08-25,SOL-MEK,LATAM,Brasil Tintas,37.6
2025-09-01,SOL-MEK,LATAM,Brasil Tintas,25.3
2025-09-08,SOL-MEK,LATAM,Brasil Tintas,31.5
2025-09-15,SOL-MEK,LATAM,Brasil Tintas,52.9
2025-09-22,SOL-MEK,LATAM,Brasil Tintas,24.3
2025-09-29,SOL-MEK,LATAM,Brasil Tintas,25.4
2025-10-06,SOL-MEK,LATAM,Brasil Tintas,29.7
2025-10-13,SOL-MEK,LATAM,Brasil Tintas,24.8
2025-10-20,SOL-MEK,LATAM,Brasil Tintas,35.6
2025-10-27,SOL-MEK,LATAM,Brasil Tintas,25.9
2025-11-03,SOL-MEK,LATAM,Brasil Tintas,34.0
2025-11-10,SOL-MEK,LATAM,Brasil Tintas,21.6
2025-11-17,SOL-MEK,LATAM,Brasil Tintas,19.1
2025-11-24,SOL-MEK,LATAM,Brasil Tintas,26.8
2025-12-01,SOL-MEK,LATAM,Brasil Tintas,20.1
2025-12-08,SOL-MEK,LATAM,Brasil Tintas,39.4
2025-12-15,SOL-MEK,LATAM,Brasil Tintas,20.4
2025-12-22,SOL-MEK,LATAM,Brasil Tintas,22.8
2025-12-29,SOL-MEK,LATAM,Brasil Tintas,31.5
2026-01-05,SOL-MEK,LATAM,Brasil Tintas,25.4
2026-01-12,SOL-MEK,LATAM,Brasil Tintas,21.2
2026-01-19,SOL-MEK,LATAM,Brasil Tintas,46.3
2026-01-26,SOL-MEK,LATAM,Brasil Tintas,23.0
2026-02-02,SOL-MEK,LATAM,Brasil Tintas,28.1
2026-02-09,SOL-MEK,LATAM,Brasil Tintas,27.7
2026-02-16,SOL-MEK,LATAM,Brasil Tintas,34.1
2026-02-23,SOL-MEK,LATAM,Brasil Tintas,32.8
2026-03-02,SOL-MEK,LATAM,Brasil Tintas,24.4
2026-03-09,SOL-MEK,LATAM,Brasil Tintas,26.8
2026-03-16,SOL-MEK,LATAM,Brasil Tintas,27.0
2026-03-23,SOL-MEK,LATAM,Brasil Tintas,33.4
2026-03-30,SOL-MEK,LATAM,Brasil Tintas,22.1
2026-04-06,SOL-MEK,LATAM,Brasil Tintas,45.2
2026-04-13,SOL-MEK,LATAM,Brasil Tintas,24.9
2026-04-20,SOL-MEK,LATAM,Brasil Tintas,29.0
2026-04-27,SOL-MEK,LATAM,Brasil Tintas,22.0
2026-05-04,SOL-MEK,LATAM,Brasil Tintas,21.6
2026-05-11,SOL-MEK,LATAM,Brasil Tintas,23.8
2026-05-18,SOL-MEK,LATAM,Brasil Tintas,23.6
2026-05-25,SOL-MEK,LATAM,Brasil Tintas,27.2
2026-06-01,SOL-MEK,LATAM,Brasil Tintas,24.2
2026-06-08,SOL-MEK,LATAM,Brasil Tintas,35.7
2026-06-15,SOL-MEK,LATAM,Brasil Tintas,26.1
2026-06-22,SOL-MEK,LATAM,Brasil Tintas,25.8
2026-06-29,SOL-MEK,LATAM,Brasil Tintas,28.7
2026-07-06,SOL-MEK,LATAM,Brasil Tintas,39.2
2026-07-13,SOL-MEK,LATAM,Brasil Tintas,33.3
2026-07-20,SOL-MEK,LATAM,Brasil Tintas,31.6
2026-07-27,SOL-MEK,LATAM,Brasil Tintas,23.5
2026-08-03,SOL-MEK,LATAM,Brasil Tintas,25.2
2026-08-10,SOL-MEK,LATAM,Brasil Tintas,24.4
2026-08-17,SOL-MEK,LATAM,Brasil Tintas,43.1
2026-08-24,SOL-MEK,LATAM,Brasil Tintas,36.7
2026-08-31,SOL-MEK,LATAM,Brasil Tintas,26.3
2026-09-07,SOL-MEK,LATAM,Brasil Tintas,27.5
2026-09-14,SOL-MEK,LATAM,Brasil Tintas,25.3
2026-09-21,SOL-MEK,LATAM,Brasil Tintas,24.1
2026-09-28,SOL-MEK,LATAM,Brasil Tintas,31.9
2024-10-07,SOL-MEK,LATAM,Mexico Industrial,22.5
2024-10-14,SOL-MEK,LATAM,Mexico Industrial,37.6
2024-10-21,SOL-MEK,LATAM,Mexico Industrial,31.1
2024-10-28,SOL-MEK,LATAM,Mexico Industrial,31.3
2024-11-04,SOL-MEK,LATAM,Mexico Industrial,27.3
2024-11-11,SOL-MEK,LATAM,Mexico Industrial,21.5
2024-11-18,SOL-MEK,LATAM,Mexico Industrial,26.6
2024-11-25,SOL-MEK,LATAM,Mexico Industrial,21.4
2024-12-02,SOL-MEK,LATAM,Mexico Industrial,32.5
2024-12-09,SOL-MEK,LATAM,Mexico Industrial,25.0
2024-12-16,SOL-MEK,LATAM,Mexico Industrial,23.7
2024-12-23,SOL-MEK,LATAM,Mexico Industrial,23.1
2024-12-30,SOL-MEK,LATAM,Mexico Industrial,32.6
2025-01-06,SOL-MEK,LATAM,Mexico Industrial,16.5
2025-01-13,SOL-MEK,LATAM,Mexico Industrial,34.1
2025-01-20,SOL-MEK,LATAM,Mexico Industrial,22.3
2025-01-27,SOL-MEK,LATAM,Mexico Industrial,17.2
2025-02-03,SOL-MEK,LATAM,Mexico Industrial,19.3
2025-02-10,SOL-MEK,LATAM,Mexico Industrial,15.9
2025-02-17,SOL-MEK,LATAM,Mexico Industrial,26.0
2025-02-24,SOL-MEK,LATAM,Mexico Industrial,17.9
2025-03-03,SOL-MEK,LATAM,Mexico Industrial,23.8
2025-03-10,SOL-MEK,LATAM,Mexico Industrial,29.9
2025-03-17,SOL-MEK,LATAM,Mexico Industrial,20.0
2025-03-24,SOL-MEK,LATAM,Mexico Industrial,21.7
2025-03-31,SOL-MEK,LATAM,Mexico Industrial,17.4
2025-04-07,SOL-MEK,LATAM,Mexico Industrial,21.0
2025-04-14,SOL-MEK,LATAM,Mexico Industrial,40.4
2025-04-21,SOL-MEK,LATAM,Mexico Industrial,27.4
2025-04-28,SOL-MEK,LATAM,Mexico Industrial,22.5
2025-05-05,SOL-MEK,LATAM,Mexico Industrial,21.1
2025-05-12,SOL-MEK,LATAM,Mexico Industrial,23.4
2025-05-19,SOL-MEK,LATAM,Mexico Industrial,24.7
2025-05-26,SOL-MEK,LATAM,Mexico Industrial,22.1
2025-06-02,SOL-MEK,LATAM,Mexico Industrial,27.6
2025-06-09,SOL-MEK,LATAM,Mexico Industrial,20.6
2025-06-16,SOL-MEK,LATAM,Mexico Industrial,20.1
2025-06-23,SOL-MEK,LATAM,Mexico Industrial,26.8
2025-06-30,SOL-MEK,LATAM,Mexico Industrial,19.5
2025-07-07,SOL-MEK,LATAM,Mexico Industrial,29.1
2025-07-14,SOL-MEK,LATAM,Mexico Industrial,25.4
2025-07-21,SOL-MEK,LATAM,Mexico Industrial,17.2
2025-07-28,SOL-MEK,LATAM,Mexico Industrial,26.7
2025-08-04,SOL-MEK,LATAM,Mexico Industrial,17.8
2025-08-11,SOL-MEK,LATAM,Mexico Industrial,30.6
2025-08-18,SOL-MEK,LATAM,Mexico Industrial,25.3
2025-08-25,SOL-MEK,LATAM,Mexico Industrial,40.1
2025-09-01,SOL-MEK,LATAM,Mexico Industrial,33.9
2025-09-08,SOL-MEK,LATAM,Mexico Industrial,21.3
2025-09-15,SOL-MEK,LATAM,Mexico Industrial,16.9
2025-09-22,SOL-MEK,LATAM,Mexico Industrial,22.2
2025-09-29,SOL-MEK,LATAM,Mexico Industrial,20.0
2025-10-06,SOL-MEK,LATAM,Mexico Industrial,39.0
2025-10-13,SOL-MEK,LATAM,Mexico Industrial,26.2
2025-10-20,SOL-MEK,LATAM,Mexico Industrial,31.5
2025-10-27,SOL-MEK,LATAM,Mexico Industrial,23.9
2025-11-03,SOL-MEK,LATAM,Mexico Industrial,24.8
2025-11-10,SOL-MEK,LATAM,Mexico Industrial,25.2
2025-11-17,SOL-MEK,LATAM,Mexico Industrial,31.8
2025-11-24,SOL-MEK,LATAM,Mexico Industrial,26.5
2025-12-01,SOL-MEK,LATAM,Mexico Industrial,19.7
2025-12-08,SOL-MEK,LATAM,Mexico Industrial,35.3
2025-12-15,SOL-MEK,LATAM,Mexico Industrial,23.5
2025-12-22,SOL-MEK,LATAM,Mexico Industrial,22.7
2025-12-29,SOL-MEK,LATAM,Mexico Industrial,13.5
2026-01-05,SOL-MEK,LATAM,Mexico Industrial,29.1
2026-01-12,SOL-MEK,LATAM,Mexico Industrial,26.5
2026-01-19,SOL-MEK,LATAM,Mexico Industrial,26.4
2026-01-26,SOL-MEK,LATAM,Mexico Industrial,23.0
2026-02-02,SOL-MEK,LATAM,Mexico Industrial,22.6
2026-02-09,SOL-MEK,LATAM,Mexico Industrial,23.4
2026-02-16,SOL-MEK,LATAM,Mexico Industrial,28.3
2026-02-23,SOL-MEK,LATAM,Mexico Industrial,29.9
2026-03-02,SOL-MEK,LATAM,Mexico Industrial,24.3
2026-03-09,SOL-MEK,LATAM,Mexico Industrial,31.1
2026-03-16,SOL-MEK,LATAM,Mexico Industrial,24.4
2026-03-23,SOL-MEK,LATAM,Mexico Industrial,22.2
2026-03-30,SOL-MEK,LATAM,Mexico Industrial,26.2
2026-04-06,SOL-MEK,LATAM,Mexico Industrial,18.8
2026-04-13,SOL-MEK,LATAM,Mexico Industrial,27.1
2026-04-20,SOL-MEK,LATAM,Mexico Industrial,18.1
2026-04-27,SOL-MEK,LATAM,Mexico Industrial,19.9
2026-05-04,SOL-MEK,LATAM,Mexico Industrial,16.1
2026-05-11,SOL-MEK,LATAM,Mexico Industrial,24.3
2026-05-18,SOL-MEK,LATAM,Mexico Industrial,36.5
2026-05-25,SOL-MEK,LATAM,Mexico Industrial,25.4
2026-06-01,SOL-MEK,LATAM,Mexico Industrial,30.3
2026-06-08,SOL-MEK,LATAM,Mexico Industrial,45.0
2026-06-15,SOL-MEK,LATAM,Mexico Industrial,29.7
2026-06-22,SOL-MEK,LATAM,Mexico Industrial,23.2
2026-06-29,SOL-MEK,LATAM,Mexico Industrial,23.9
2026-07-06,SOL-MEK,LATAM,Mexico Industrial,27.6
2026-07-13,SOL-MEK,LATAM,Mexico Industrial,24.2
2026-07-20,SOL-MEK,LATAM,Mexico Industrial,25.0
2026-07-27,SOL-MEK,LATAM,Mexico Industrial,35.0
2026-08-03,SOL-MEK,LATAM,Mexico Industrial,35.6
2026-08-10,SOL-MEK,LATAM,Mexico Industrial,19.7
2026-08-17,SOL-MEK,LATAM,Mexico Industrial,23.7
2026-08-24,SOL-MEK,LATAM,Mexico Industrial,25.8
2026-08-31,SOL-MEK,LATAM,Mexico Industrial,31.8
2026-09-07,SOL-MEK,LATAM,Mexico Industrial,35.0
2026-09-14,SOL-MEK,LATAM,Mexico Industrial,48.2
2026-09-21,SOL-MEK,LATAM,Mexico Industrial,23.2
2026-09-28,SOL-MEK,LATAM,Mexico Industrial,23.1
2024-10-07,SOL-BAC,NAM,Apex Coatings,74.4
2024-10-14,SOL-BAC,NAM,Apex Coatings,56.8
2024-10-21,SOL-BAC,NAM,Apex Coatings,43.4
2024-10-28,SOL-BAC,NAM,Apex Coatings,54.5
2024-11-04,SOL-BAC,NAM,Apex Coatings,36.2
2024-11-11,SOL-BAC,NAM,Apex Coatings,44.8
2024-11-18,SOL-BAC,NAM,Apex Coatings,68.6
2024-11-25,SOL-BAC,NAM,Apex Coatings,55.6
2024-12-02,SOL-BAC,NAM,Apex Coatings,71.0
2024-12-09,SOL-BAC,NAM,Apex Coatings,38.1
2024-12-16,SOL-BAC,NAM,Apex Coatings,55.9
2024-12-23,SOL-BAC,NAM,Apex Coatings,53.5
2024-12-30,SOL-BAC,NAM,Apex Coatings,72.6
2025-01-06,SOL-BAC,NAM,Apex Coatings,69.7
2025-01-13,SOL-BAC,NAM,Apex Coatings,70.3
2025-01-20,SOL-BAC,NAM,Apex Coatings,86.1
2025-01-27,SOL-BAC,NAM,Apex Coatings,57.6
2025-02-03,SOL-BAC,NAM,Apex Coatings,84.9
2025-02-10,SOL-BAC,NAM,Apex Coatings,49.6
2025-02-17,SOL-BAC,NAM,Apex Coatings,49.5
2025-02-24,SOL-BAC,NAM,Apex Coatings,73.3
2025-03-03,SOL-BAC,NAM,Apex Coatings,45.0
2025-03-10,SOL-BAC,NAM,Apex Coatings,70.9
2025-03-17,SOL-BAC,NAM,Apex Coatings,63.4
2025-03-24,SOL-BAC,NAM,Apex Coatings,77.8
2025-03-31,SOL-BAC,NAM,Apex Coatings,61.3
2025-04-07,SOL-BAC,NAM,Apex Coatings,62.5
2025-04-14,SOL-BAC,NAM,Apex Coatings,68.0
2025-04-21,SOL-BAC,NAM,Apex Coatings,51.9
2025-04-28,SOL-BAC,NAM,Apex Coatings,51.6
2025-05-05,SOL-BAC,NAM,Apex Coatings,66.7
2025-05-12,SOL-BAC,NAM,Apex Coatings,59.6
2025-05-19,SOL-BAC,NAM,Apex Coatings,54.7
2025-05-26,SOL-BAC,NAM,Apex Coatings,60.0
2025-06-02,SOL-BAC,NAM,Apex Coatings,85.8
2025-06-09,SOL-BAC,NAM,Apex Coatings,54.1
2025-06-16,SOL-BAC,NAM,Apex Coatings,52.6
2025-06-23,SOL-BAC,NAM,Apex Coatings,40.3
2025-06-30,SOL-BAC,NAM,Apex Coatings,58.6
2025-07-07,SOL-BAC,NAM,Apex Coatings,68.0
2025-07-14,SOL-BAC,NAM,Apex Coatings,69.8
2025-07-21,SOL-BAC,NAM,Apex Coatings,58.4
2025-07-28,SOL-BAC,NAM,Apex Coatings,70.9
2025-08-04,SOL-BAC,NAM,Apex Coatings,68.1
2025-08-11,SOL-BAC,NAM,Apex Coatings,74.8
2025-08-18,SOL-BAC,NAM,Apex Coatings,72.1
2025-08-25,SOL-BAC,NAM,Apex Coatings,82.2
2025-09-01,SOL-BAC,NAM,Apex Coatings,56.5
2025-09-08,SOL-BAC,NAM,Apex Coatings,44.0
2025-09-15,SOL-BAC,NAM,Apex Coatings,69.5
2025-09-22,SOL-BAC,NAM,Apex Coatings,71.8
2025-09-29,SOL-BAC,NAM,Apex Coatings,86.8
2025-10-06,SOL-BAC,NAM,Apex Coatings,82.5
2025-10-13,SOL-BAC,NAM,Apex Coatings,96.2
2025-10-20,SOL-BAC,NAM,Apex Coatings,73.2
2025-10-27,SOL-BAC,NAM,Apex Coatings,66.5
2025-11-03,SOL-BAC,NAM,Apex Coatings,46.8
2025-11-10,SOL-BAC,NAM,Apex Coatings,68.3
2025-11-17,SOL-BAC,NAM,Apex Coatings,56.5
2025-11-24,SOL-BAC,NAM,Apex Coatings,67.1
2025-12-01,SOL-BAC,NAM,Apex Coatings,66.7
2025-12-08,SOL-BAC,NAM,Apex Coatings,73.0
2025-12-15,SOL-BAC,NAM,Apex Coatings,65.8
2025-12-22,SOL-BAC,NAM,Apex Coatings,81.2
2025-12-29,SOL-BAC,NAM,Apex Coatings,36.4
2026-01-05,SOL-BAC,NAM,Apex Coatings,69.8
2026-01-12,SOL-BAC,NAM,Apex Coatings,88.1
2026-01-19,SOL-BAC,NAM,Apex Coatings,103.5
2026-01-26,SOL-BAC,NAM,Apex Coatings,81.6
2026-02-02,SOL-BAC,NAM,Apex Coatings,100.4
2026-02-09,SOL-BAC,NAM,Apex Coatings,71.7
2026-02-16,SOL-BAC,NAM,Apex Coatings,70.2
2026-02-23,SOL-BAC,NAM,Apex Coatings,78.4
2026-03-02,SOL-BAC,NAM,Apex Coatings,68.3
2026-03-09,SOL-BAC,NAM,Apex Coatings,56.6
2026-03-16,SOL-BAC,NAM,Apex Coatings,59.2
2026-03-23,SOL-BAC,NAM,Apex Coatings,52.0
2026-03-30,SOL-BAC,NAM,Apex Coatings,74.2
2026-04-06,SOL-BAC,NAM,Apex Coatings,66.5
2026-04-13,SOL-BAC,NAM,Apex Coatings,60.6
2026-04-20,SOL-BAC,NAM,Apex Coatings,57.8
2026-04-27,SOL-BAC,NAM,Apex Coatings,73.0
2026-05-04,SOL-BAC,NAM,Apex Coatings,77.0
2026-05-11,SOL-BAC,NAM,Apex Coatings,50.5
2026-05-18,SOL-BAC,NAM,Apex Coatings,47.9
2026-05-25,SOL-BAC,NAM,Apex Coatings,77.5
2026-06-01,SOL-BAC,NAM,Apex Coatings,45.8
2026-06-08,SOL-BAC,NAM,Apex Coatings,68.4
2026-06-15,SOL-BAC,NAM,Apex Coatings,86.4
2026-06-22,SOL-BAC,NAM,Apex Coatings,85.5
2026-06-29,SOL-BAC,NAM,Apex Coatings,70.0
2026-07-06,SOL-BAC,NAM,Apex Coatings,69.6
2026-07-13,SOL-BAC,NAM,Apex Coatings,97.8
2026-07-20,SOL-BAC,NAM,Apex Coatings,35.9
2026-07-27,SOL-BAC,NAM,Apex Coatings,54.1
2026-08-03,SOL-BAC,NAM,Apex Coatings,71.7
2026-08-10,SOL-BAC,NAM,Apex Coatings,55.0
2026-08-17,SOL-BAC,NAM,Apex Coatings,76.3
2026-08-24,SOL-BAC,NAM,Apex Coatings,56.5
2026-08-31,SOL-BAC,NAM,Apex Coatings,57.7
2026-09-07,SOL-BAC,NAM,Apex Coatings,52.1
2026-09-14,SOL-BAC,NAM,Apex Coatings,49.9
2026-09-21,SOL-BAC,NAM,Apex Coatings,49.4
2026-09-28,SOL-BAC,NAM,Apex Coatings,59.2
2024-10-07,SOL-BAC,NAM,Midwest Plastics,38.6
2024-10-14,SOL-BAC,NAM,Midwest Plastics,57.0
2024-10-21,SOL-BAC,NAM,Midwest Plastics,53.8
2024-10-28,SOL-BAC,NAM,Midwest Plastics,59.9
2024-11-04,SOL-BAC,NAM,Midwest Plastics,36.5
2024-11-11,SOL-BAC,NAM,Midwest Plastics,32.8
2024-11-18,SOL-BAC,NAM,Midwest Plastics,48.6
2024-11-25,SOL-BAC,NAM,Midwest Plastics,90.5
2024-12-02,SOL-BAC,NAM,Midwest Plastics,62.4
2024-12-09,SOL-BAC,NAM,Midwest Plastics,42.4
2024-12-16,SOL-BAC,NAM,Midwest Plastics,52.7
2024-12-23,SOL-BAC,NAM,Midwest Plastics,56.8
2024-12-30,SOL-BAC,NAM,Midwest Plastics,35.5
2025-01-06,SOL-BAC,NAM,Midwest Plastics,66.2
2025-01-13,SOL-BAC,NAM,Midwest Plastics,48.0
2025-01-20,SOL-BAC,NAM,Midwest Plastics,49.0
2025-01-27,SOL-BAC,NAM,Midwest Plastics,51.2
2025-02-03,SOL-BAC,NAM,Midwest Plastics,66.3
2025-02-10,SOL-BAC,NAM,Midwest Plastics,43.1
2025-02-17,SOL-BAC,NAM,Midwest Plastics,35.1
2025-02-24,SOL-BAC,NAM,Midwest Plastics,54.3
2025-03-03,SOL-BAC,NAM,Midwest Plastics,32.6
2025-03-10,SOL-BAC,NAM,Midwest Plastics,47.7
2025-03-17,SOL-BAC,NAM,Midwest Plastics,65.6
2025-03-24,SOL-BAC,NAM,Midwest Plastics,56.9
2025-03-31,SOL-BAC,NAM,Midwest Plastics,63.6
2025-04-07,SOL-BAC,NAM,Midwest Plastics,57.7
2025-04-14,SOL-BAC,NAM,Midwest Plastics,84.1
2025-04-21,SOL-BAC,NAM,Midwest Plastics,43.0
2025-04-28,SOL-BAC,NAM,Midwest Plastics,53.6
2025-05-05,SOL-BAC,NAM,Midwest Plastics,44.5
2025-05-12,SOL-BAC,NAM,Midwest Plastics,60.3
2025-05-19,SOL-BAC,NAM,Midwest Plastics,48.1
2025-05-26,SOL-BAC,NAM,Midwest Plastics,72.7
2025-06-02,SOL-BAC,NAM,Midwest Plastics,43.8
2025-06-09,SOL-BAC,NAM,Midwest Plastics,66.3
2025-06-16,SOL-BAC,NAM,Midwest Plastics,54.2
2025-06-23,SOL-BAC,NAM,Midwest Plastics,47.4
2025-06-30,SOL-BAC,NAM,Midwest Plastics,54.3
2025-07-07,SOL-BAC,NAM,Midwest Plastics,50.8
2025-07-14,SOL-BAC,NAM,Midwest Plastics,51.2
2025-07-21,SOL-BAC,NAM,Midwest Plastics,44.4
2025-07-28,SOL-BAC,NAM,Midwest Plastics,40.1
2025-08-04,SOL-BAC,NAM,Midwest Plastics,43.9
2025-08-11,SOL-BAC,NAM,Midwest Plastics,32.9
2025-08-18,SOL-BAC,NAM,Midwest Plastics,56.9
2025-08-25,SOL-BAC,NAM,Midwest Plastics,36.1
2025-09-01,SOL-BAC,NAM,Midwest Plastics,45.6
2025-09-08,SOL-BAC,NAM,Midwest Plastics,55.3
2025-09-15,SOL-BAC,NAM,Midwest Plastics,58.9
2025-09-22,SOL-BAC,NAM,Midwest Plastics,33.3
2025-09-29,SOL-BAC,NAM,Midwest Plastics,49.1
2025-10-06,SOL-BAC,NAM,Midwest Plastics,56.1
2025-10-13,SOL-BAC,NAM,Midwest Plastics,51.7
2025-10-20,SOL-BAC,NAM,Midwest Plastics,70.0
2025-10-27,SOL-BAC,NAM,Midwest Plastics,43.0
2025-11-03,SOL-BAC,NAM,Midwest Plastics,33.0
2025-11-10,SOL-BAC,NAM,Midwest Plastics,62.1
2025-11-17,SOL-BAC,NAM,Midwest Plastics,46.2
2025-11-24,SOL-BAC,NAM,Midwest Plastics,35.4
2025-12-01,SOL-BAC,NAM,Midwest Plastics,51.8
2025-12-08,SOL-BAC,NAM,Midwest Plastics,70.3
2025-12-15,SOL-BAC,NAM,Midwest Plastics,41.5
2025-12-22,SOL-BAC,NAM,Midwest Plastics,90.1
2025-12-29,SOL-BAC,NAM,Midwest Plastics,44.9
2026-01-05,SOL-BAC,NAM,Midwest Plastics,55.6
2026-01-12,SOL-BAC,NAM,Midwest Plastics,42.2
2026-01-19,SOL-BAC,NAM,Midwest Plastics,56.4
2026-01-26,SOL-BAC,NAM,Midwest Plastics,55.0
2026-02-02,SOL-BAC,NAM,Midwest Plastics,40.7
2026-02-09,SOL-BAC,NAM,Midwest Plastics,104.8
2026-02-16,SOL-BAC,NAM,Midwest Plastics,51.2
2026-02-23,SOL-BAC,NAM,Midwest Plastics,51.0
2026-03-02,SOL-BAC,NAM,Midwest Plastics,68.9
2026-03-09,SOL-BAC,NAM,Midwest Plastics,81.6
2026-03-16,SOL-BAC,NAM,Midwest Plastics,69.2
2026-03-23,SOL-BAC,NAM,Midwest Plastics,41.5
2026-03-30,SOL-BAC,NAM,Midwest Plastics,56.4
2026-04-06,SOL-BAC,NAM,Midwest Plastics,35.7
2026-04-13,SOL-BAC,NAM,Midwest Plastics,65.2
2026-04-20,SOL-BAC,NAM,Midwest Plastics,37.3
2026-04-27,SOL-BAC,NAM,Midwest Plastics,44.6
2026-05-04,SOL-BAC,NAM,Midwest Plastics,52.8
2026-05-11,SOL-BAC,NAM,Midwest Plastics,58.2
2026-05-18,SOL-BAC,NAM,Midwest Plastics,48.9
2026-05-25,SOL-BAC,NAM,Midwest Plastics,71.5
2026-06-01,SOL-BAC,NAM,Midwest Plastics,59.2
2026-06-08,SOL-BAC,NAM,Midwest Plastics,57.0
2026-06-15,SOL-BAC,NAM,Midwest Plastics,37.6
2026-06-22,SOL-BAC,NAM,Midwest Plastics,70.9
2026-06-29,SOL-BAC,NAM,Midwest Plastics,40.6
2026-07-06,SOL-BAC,NAM,Midwest Plastics,71.1
2026-07-13,SOL-BAC,NAM,Midwest Plastics,75.8
2026-07-20,SOL-BAC,NAM,Midwest Plastics,54.7
2026-07-27,SOL-BAC,NAM,Midwest Plastics,61.2
2026-08-03,SOL-BAC,NAM,Midwest Plastics,24.6
2026-08-10,SOL-BAC,NAM,Midwest Plastics,46.2
2026-08-17,SOL-BAC,NAM,Midwest Plastics,60.3
2026-08-24,SOL-BAC,NAM,Midwest Plastics,57.0
2026-08-31,SOL-BAC,NAM,Midwest Plastics,34.9
2026-09-07,SOL-BAC,NAM,Midwest Plastics,42.3
2026-09-14,SOL-BAC,NAM,Midwest Plastics,26.1
2026-09-21,SOL-BAC,NAM,Midwest Plastics,49.7
2026-09-28,SOL-BAC,NAM,Midwest Plastics,30.0
2024-10-07,SOL-BAC,NAM,Gulf Packaging,52.6
2024-10-14,SOL-BAC,NAM,Gulf Packaging,53.7
2024-10-21,SOL-BAC,NAM,Gulf Packaging,37.6
2024-10-28,SOL-BAC,NAM,Gulf Packaging,47.2
2024-11-04,SOL-BAC,NAM,Gulf Packaging,39.9
2024-11-11,SOL-BAC,NAM,Gulf Packaging,45.0
2024-11-18,SOL-BAC,NAM,Gulf Packaging,33.8
2024-11-25,SOL-BAC,NAM,Gulf Packaging,49.1
2024-12-02,SOL-BAC,NAM,Gulf Packaging,29.5
2024-12-09,SOL-BAC,NAM,Gulf Packaging,28.7
2024-12-16,SOL-BAC,NAM,Gulf Packaging,41.9
2024-12-23,SOL-BAC,NAM,Gulf Packaging,41.4
2024-12-30,SOL-BAC,NAM,Gulf Packaging,45.6
2025-01-06,SOL-BAC,NAM,Gulf Packaging,38.0
2025-01-13,SOL-BAC,NAM,Gulf Packaging,67.5
2025-01-20,SOL-BAC,NAM,Gulf Packaging,46.4
2025-01-27,SOL-BAC,NAM,Gulf Packaging,48.0
2025-02-03,SOL-BAC,NAM,Gulf Packaging,48.2
2025-02-10,SOL-BAC,NAM,Gulf Packaging,56.8
2025-02-17,SOL-BAC,NAM,Gulf Packaging,52.0
2025-02-24,SOL-BAC,NAM,Gulf Packaging,49.9
2025-03-03,SOL-BAC,NAM,Gulf Packaging,53.8
2025-03-10,SOL-BAC,NAM,Gulf Packaging,30.5
2025-03-17,SOL-BAC,NAM,Gulf Packaging,30.5
2025-03-24,SOL-BAC,NAM,Gulf Packaging,44.1
2025-03-31,SOL-BAC,NAM,Gulf Packaging,43.4
2025-04-07,SOL-BAC,NAM,Gulf Packaging,51.2
2025-04-14,SOL-BAC,NAM,Gulf Packaging,44.5
2025-04-21,SOL-BAC,NAM,Gulf Packaging,49.8
2025-04-28,SOL-BAC,NAM,Gulf Packaging,33.4
2025-05-05,SOL-BAC,NAM,Gulf Packaging,43.8
2025-05-12,SOL-BAC,NAM,Gulf Packaging,32.6
2025-05-19,SOL-BAC,NAM,Gulf Packaging,47.5
2025-05-26,SOL-BAC,NAM,Gulf Packaging,29.5
2025-06-02,SOL-BAC,NAM,Gulf Packaging,47.6
2025-06-09,SOL-BAC,NAM,Gulf Packaging,31.5
2025-06-16,SOL-BAC,NAM,Gulf Packaging,39.2
2025-06-23,SOL-BAC,NAM,Gulf Packaging,52.1
2025-06-30,SOL-BAC,NAM,Gulf Packaging,45.4
2025-07-07,SOL-BAC,NAM,Gulf Packaging,29.9
2025-07-14,SOL-BAC,NAM,Gulf Packaging,36.5
2025-07-21,SOL-BAC,NAM,Gulf Packaging,29.9
2025-07-28,SOL-BAC,NAM,Gulf Packaging,28.9
2025-08-04,SOL-BAC,NAM,Gulf Packaging,43.4
2025-08-11,SOL-BAC,NAM,Gulf Packaging,48.3
2025-08-18,SOL-BAC,NAM,Gulf Packaging,46.7
2025-08-25,SOL-BAC,NAM,Gulf Packaging,48.5
2025-09-01,SOL-BAC,NAM,Gulf Packaging,42.7
2025-09-08,SOL-BAC,NAM,Gulf Packaging,40.5
2025-09-15,SOL-BAC,NAM,Gulf Packaging,34.6
2025-09-22,SOL-BAC,NAM,Gulf Packaging,40.0
2025-09-29,SOL-BAC,NAM,Gulf Packaging,33.5
2025-10-06,SOL-BAC,NAM,Gulf Packaging,37.7
2025-10-13,SOL-BAC,NAM,Gulf Packaging,46.7
2025-10-20,SOL-BAC,NAM,Gulf Packaging,45.4
2025-10-27,SOL-BAC,NAM,Gulf Packaging,90.6
2025-11-03,SOL-BAC,NAM,Gulf Packaging,34.5
2025-11-10,SOL-BAC,NAM,Gulf Packaging,45.3
2025-11-17,SOL-BAC,NAM,Gulf Packaging,34.0
2025-11-24,SOL-BAC,NAM,Gulf Packaging,42.9
2025-12-01,SOL-BAC,NAM,Gulf Packaging,44.5
2025-12-08,SOL-BAC,NAM,Gulf Packaging,57.8
2025-12-15,SOL-BAC,NAM,Gulf Packaging,44.5
2025-12-22,SOL-BAC,NAM,Gulf Packaging,46.3
2025-12-29,SOL-BAC,NAM,Gulf Packaging,44.0
2026-01-05,SOL-BAC,NAM,Gulf Packaging,35.9
2026-01-12,SOL-BAC,NAM,Gulf Packaging,42.8
2026-01-19,SOL-BAC,NAM,Gulf Packaging,46.0
2026-01-26,SOL-BAC,NAM,Gulf Packaging,51.5
2026-02-02,SOL-BAC,NAM,Gulf Packaging,57.2
2026-02-09,SOL-BAC,NAM,Gulf Packaging,47.9
2026-02-16,SOL-BAC,NAM,Gulf Packaging,48.4
2026-02-23,SOL-BAC,NAM,Gulf Packaging,34.9
2026-03-02,SOL-BAC,NAM,Gulf Packaging,56.1
2026-03-09,SOL-BAC,NAM,Gulf Packaging,42.1
2026-03-16,SOL-BAC,NAM,Gulf Packaging,57.0
2026-03-23,SOL-BAC,NAM,Gulf Packaging,64.7
2026-03-30,SOL-BAC,NAM,Gulf Packaging,46.2
2026-04-06,SOL-BAC,NAM,Gulf Packaging,38.6
2026-04-13,SOL-BAC,NAM,Gulf Packaging,47.7
2026-04-20,SOL-BAC,NAM,Gulf Packaging,51.6
2026-04-27,SOL-BAC,NAM,Gulf Packaging,44.5
2026-05-04,SOL-BAC,NAM,Gulf Packaging,41.8
2026-05-11,SOL-BAC,NAM,Gulf Packaging,53.4
2026-05-18,SOL-BAC,NAM,Gulf Packaging,51.8
2026-05-25,SOL-BAC,NAM,Gulf Packaging,42.5
2026-06-01,SOL-BAC,NAM,Gulf Packaging,31.4
2026-06-08,SOL-BAC,NAM,Gulf Packaging,48.9
2026-06-15,SOL-BAC,NAM,Gulf Packaging,37.3
2026-06-22,SOL-BAC,NAM,Gulf Packaging,45.8
2026-06-29,SOL-BAC,NAM,Gulf Packaging,44.9
2026-07-06,SOL-BAC,NAM,Gulf Packaging,28.7
2026-07-13,SOL-BAC,NAM,Gulf Packaging,44.3
2026-07-20,SOL-BAC,NAM,Gulf Packaging,49.0
2026-07-27,SOL-BAC,NAM,Gulf Packaging,50.3
2026-08-03,SOL-BAC,NAM,Gulf Packaging,44.6
2026-08-10,SOL-BAC,NAM,Gulf Packaging,28.0
2026-08-17,SOL-BAC,NAM,Gulf Packaging,56.1
2026-08-24,SOL-BAC,NAM,Gulf Packaging,45.5
2026-08-31,SOL-BAC,NAM,Gulf Packaging,31.4
2026-09-07,SOL-BAC,NAM,Gulf Packaging,34.0
2026-09-14,SOL-BAC,NAM,Gulf Packaging,43.0
2026-09-21,SOL-BAC,NAM,Gulf Packaging,47.2
2026-09-28,SOL-BAC,NAM,Gulf Packaging,36.6
2024-10-07,SOL-BAC,EU,Rhein Composites,27.4
2024-10-14,SOL-BAC,EU,Rhein Composites,22.8
2024-10-21,SOL-BAC,EU,Rhein Composites,25.2
2024-10-28,SOL-BAC,EU,Rhein Composites,29.6
2024-11-04,SOL-BAC,EU,Rhein Composites,19.1
2024-11-11,SOL-BAC,EU,Rhein Composites,23.6
2024-11-18,SOL-BAC,EU,Rhein Composites,36.9
2024-11-25,SOL-BAC,EU,Rhein Composites,21.9
2024-12-02,SOL-BAC,EU,Rhein Composites,23.0
2024-12-09,SOL-BAC,EU,Rhein Composites,27.6
2024-12-16,SOL-BAC,EU,Rhein Composites,29.7
2024-12-23,SOL-BAC,EU,Rhein Composites,24.3
2024-12-30,SOL-BAC,EU,Rhein Composites,28.0
2025-01-06,SOL-BAC,EU,Rhein Composites,31.6
2025-01-13,SOL-BAC,EU,Rhein Composites,42.6
2025-01-20,SOL-BAC,EU,Rhein Composites,27.0
2025-01-27,SOL-BAC,EU,Rhein Composites,27.6
2025-02-03,SOL-BAC,EU,Rhein Composites,40.1
2025-02-10,SOL-BAC,EU,Rhein Composites,25.3
2025-02-17,SOL-BAC,EU,Rhein Composites,21.0
2025-02-24,SOL-BAC,EU,Rhein Composites,29.9
2025-03-03,SOL-BAC,EU,Rhein Composites,35.8
2025-03-10,SOL-BAC,EU,Rhein Composites,31.2
2025-03-17,SOL-BAC,EU,Rhein Composites,28.5
2025-03-24,SOL-BAC,EU,Rhein Composites,21.2
2025-03-31,SOL-BAC,EU,Rhein Composites,29.2
2025-04-07,SOL-BAC,EU,Rhein Composites,37.9
2025-04-14,SOL-BAC,EU,Rhein Composites,21.8
2025-04-21,SOL-BAC,EU,Rhein Composites,26.5
2025-04-28,SOL-BAC,EU,Rhein Composites,25.4
2025-05-05,SOL-BAC,EU,Rhein Composites,23.1
2025-05-12,SOL-BAC,EU,Rhein Composites,28.5
2025-05-19,SOL-BAC,EU,Rhein Composites,29.4
2025-05-26,SOL-BAC,EU,Rhein Composites,28.5
2025-06-02,SOL-BAC,EU,Rhein Composites,20.4
2025-06-09,SOL-BAC,EU,Rhein Composites,17.6
2025-06-16,SOL-BAC,EU,Rhein Composites,26.9
2025-06-23,SOL-BAC,EU,Rhein Composites,23.3
2025-06-30,SOL-BAC,EU,Rhein Composites,40.3
2025-07-07,SOL-BAC,EU,Rhein Composites,40.7
2025-07-14,SOL-BAC,EU,Rhein Composites,41.1
2025-07-21,SOL-BAC,EU,Rhein Composites,20.9
2025-07-28,SOL-BAC,EU,Rhein Composites,29.1
2025-08-04,SOL-BAC,EU,Rhein Composites,30.7
2025-08-11,SOL-BAC,EU,Rhein Composites,29.8
2025-08-18,SOL-BAC,EU,Rhein Composites,23.2
2025-08-25,SOL-BAC,EU,Rhein Composites,33.3
2025-09-01,SOL-BAC,EU,Rhein Composites,25.6
2025-09-08,SOL-BAC,EU,Rhein Composites,26.4
2025-09-15,SOL-BAC,EU,Rhein Composites,18.4
2025-09-22,SOL-BAC,EU,Rhein Composites,29.5
2025-09-29,SOL-BAC,EU,Rhein Composites,23.7
2025-10-06,SOL-BAC,EU,Rhein Composites,27.9
2025-10-13,SOL-BAC,EU,Rhein Composites,26.8
2025-10-20,SOL-BAC,EU,Rhein Composites,27.4
2025-10-27,SOL-BAC,EU,Rhein Composites,26.3
2025-11-03,SOL-BAC,EU,Rhein Composites,32.3
2025-11-10,SOL-BAC,EU,Rhein Composites,26.0
2025-11-17,SOL-BAC,EU,Rhein Composites,19.6
2025-11-24,SOL-BAC,EU,Rhein Composites,30.4
2025-12-01,SOL-BAC,EU,Rhein Composites,22.4
2025-12-08,SOL-BAC,EU,Rhein Composites,20.9
2025-12-15,SOL-BAC,EU,Rhein Composites,22.2
2025-12-22,SOL-BAC,EU,Rhein Composites,30.2
2025-12-29,SOL-BAC,EU,Rhein Composites,27.7
2026-01-05,SOL-BAC,EU,Rhein Composites,18.0
2026-01-12,SOL-BAC,EU,Rhein Composites,26.8
2026-01-19,SOL-BAC,EU,Rhein Composites,37.7
2026-01-26,SOL-BAC,EU,Rhein Composites,26.5
2026-02-02,SOL-BAC,EU,Rhein Composites,28.0
2026-02-09,SOL-BAC,EU,Rhein Composites,36.8
2026-02-16,SOL-BAC,EU,Rhein Composites,34.7
2026-02-23,SOL-BAC,EU,Rhein Composites,35.9
2026-03-02,SOL-BAC,EU,Rhein Composites,15.2
2026-03-09,SOL-BAC,EU,Rhein Composites,41.1
2026-03-16,SOL-BAC,EU,Rhein Composites,32.9
2026-03-23,SOL-BAC,EU,Rhein Composites,49.0
2026-03-30,SOL-BAC,EU,Rhein Composites,23.9
2026-04-06,SOL-BAC,EU,Rhein Composites,19.2
2026-04-13,SOL-BAC,EU,Rhein Composites,28.8
2026-04-20,SOL-BAC,EU,Rhein Composites,26.9
2026-04-27,SOL-BAC,EU,Rhein Composites,32.6
2026-05-04,SOL-BAC,EU,Rhein Composites,36.1
2026-05-11,SOL-BAC,EU,Rhein Composites,27.9
2026-05-18,SOL-BAC,EU,Rhein Composites,27.4
2026-05-25,SOL-BAC,EU,Rhein Composites,32.2
2026-06-01,SOL-BAC,EU,Rhein Composites,26.5
2026-06-08,SOL-BAC,EU,Rhein Composites,25.4
2026-06-15,SOL-BAC,EU,Rhein Composites,35.0
2026-06-22,SOL-BAC,EU,Rhein Composites,37.2
2026-06-29,SOL-BAC,EU,Rhein Composites,35.6
2026-07-06,SOL-BAC,EU,Rhein Composites,26.8
2026-07-13,SOL-BAC,EU,Rhein Composites,17.6
2026-07-20,SOL-BAC,EU,Rhein Composites,26.8
2026-07-27,SOL-BAC,EU,Rhein Composites,23.1
2026-08-03,SOL-BAC,EU,Rhein Composites,26.7
2026-08-10,SOL-BAC,EU,Rhein Composites,23.6
2026-08-17,SOL-BAC,EU,Rhein Composites,26.9
2026-08-24,SOL-BAC,EU,Rhein Composites,21.1
2026-08-31,SOL-BAC,EU,Rhein Composites,19.8
2026-09-07,SOL-BAC,EU,Rhein Composites,34.7
2026-09-14,SOL-BAC,EU,Rhein Composites,21.1
2026-09-21,SOL-BAC,EU,Rhein Composites,26.1
2026-09-28,SOL-BAC,EU,Rhein Composites,30.8
2024-10-07,SOL-BAC,EU,Nordic Paints,13.8
2024-10-14,SOL-BAC,EU,Nordic Paints,13.5
2024-10-21,SOL-BAC,EU,Nordic Paints,12.2
2024-10-28,SOL-BAC,EU,Nordic Paints,13.6
2024-11-04,SOL-BAC,EU,Nordic Paints,15.8
2024-11-11,SOL-BAC,EU,Nordic Paints,12.7
2024-11-18,SOL-BAC,EU,Nordic Paints,7.8
2024-11-25,SOL-BAC,EU,Nordic Paints,10.6
2024-12-02,SOL-BAC,EU,Nordic Paints,13.7
2024-12-09,SOL-BAC,EU,Nordic Paints,10.4
2024-12-16,SOL-BAC,EU,Nordic Paints,17.2
2024-12-23,SOL-BAC,EU,Nordic Paints,11.9
2024-12-30,SOL-BAC,EU,Nordic Paints,12.1
2025-01-06,SOL-BAC,EU,Nordic Paints,15.3
2025-01-13,SOL-BAC,EU,Nordic Paints,11.5
2025-01-20,SOL-BAC,EU,Nordic Paints,12.5
2025-01-27,SOL-BAC,EU,Nordic Paints,14.7
2025-02-03,SOL-BAC,EU,Nordic Paints,9.0
2025-02-10,SOL-BAC,EU,Nordic Paints,11.6
2025-02-17,SOL-BAC,EU,Nordic Paints,14.6
2025-02-24,SOL-BAC,EU,Nordic Paints,12.4
2025-03-03,SOL-BAC,EU,Nordic Paints,16.9
2025-03-10,SOL-BAC,EU,Nordic Paints,8.8
2025-03-17,SOL-BAC,EU,Nordic Paints,8.7
2025-03-24,SOL-BAC,EU,Nordic Paints,14.9
2025-03-31,SOL-BAC,EU,Nordic Paints,15.5
2025-04-07,SOL-BAC,EU,Nordic Paints,12.0
2025-04-14,SOL-BAC,EU,Nordic Paints,13.5
2025-04-21,SOL-BAC,EU,Nordic Paints,14.3
2025-04-28,SOL-BAC,EU,Nordic Paints,10.0
2025-05-05,SOL-BAC,EU,Nordic Paints,10.0
2025-05-12,SOL-BAC,EU,Nordic Paints,12.2
2025-05-19,SOL-BAC,EU,Nordic Paints,14.1
2025-05-26,SOL-BAC,EU,Nordic Paints,8.7
2025-06-02,SOL-BAC,EU,Nordic Paints,10.5
2025-06-09,SOL-BAC,EU,Nordic Paints,10.4
2025-06-16,SOL-BAC,EU,Nordic Paints,12.0
2025-06-23,SOL-BAC,EU,Nordic Paints,11.2
2025-06-30,SOL-BAC,EU,Nordic Paints,10.3
2025-07-07,SOL-BAC,EU,Nordic Paints,15.3
2025-07-14,SOL-BAC,EU,Nordic Paints,10.2
2025-07-21,SOL-BAC,EU,Nordic Paints,10.4
2025-07-28,SOL-BAC,EU,Nordic Paints,7.8
2025-08-04,SOL-BAC,EU,Nordic Paints,9.4
2025-08-11,SOL-BAC,EU,Nordic Paints,12.2
2025-08-18,SOL-BAC,EU,Nordic Paints,11.6
2025-08-25,SOL-BAC,EU,Nordic Paints,12.4
2025-09-01,SOL-BAC,EU,Nordic Paints,12.5
2025-09-08,SOL-BAC,EU,Nordic Paints,17.6
2025-09-15,SOL-BAC,EU,Nordic Paints,9.5
2025-09-22,SOL-BAC,EU,Nordic Paints,7.8
2025-09-29,SOL-BAC,EU,Nordic Paints,8.6
2025-10-06,SOL-BAC,EU,Nordic Paints,9.3
2025-10-13,SOL-BAC,EU,Nordic Paints,8.9
2025-10-20,SOL-BAC,EU,Nordic Paints,11.6
2025-10-27,SOL-BAC,EU,Nordic Paints,15.1
2025-11-03,SOL-BAC,EU,Nordic Paints,16.5
2025-11-10,SOL-BAC,EU,Nordic Paints,13.1
2025-11-17,SOL-BAC,EU,Nordic Paints,18.7
2025-11-24,SOL-BAC,EU,Nordic Paints,10.7
2025-12-01,SOL-BAC,EU,Nordic Paints,8.1
2025-12-08,SOL-BAC,EU,Nordic Paints,15.2
2025-12-15,SOL-BAC,EU,Nordic Paints,8.0
2025-12-22,SOL-BAC,EU,Nordic Paints,10.4
2025-12-29,SOL-BAC,EU,Nordic Paints,13.7
2026-01-05,SOL-BAC,EU,Nordic Paints,12.2
2026-01-12,SOL-BAC,EU,Nordic Paints,12.1
2026-01-19,SOL-BAC,EU,Nordic Paints,9.7
2026-01-26,SOL-BAC,EU,Nordic Paints,12.6
2026-02-02,SOL-BAC,EU,Nordic Paints,15.7
2026-02-09,SOL-BAC,EU,Nordic Paints,12.7
2026-02-16,SOL-BAC,EU,Nordic Paints,10.5
2026-02-23,SOL-BAC,EU,Nordic Paints,9.4
2026-03-02,SOL-BAC,EU,Nordic Paints,10.1
2026-03-09,SOL-BAC,EU,Nordic Paints,13.3
2026-03-16,SOL-BAC,EU,Nordic Paints,13.4
2026-03-23,SOL-BAC,EU,Nordic Paints,10.3
2026-03-30,SOL-BAC,EU,Nordic Paints,7.5
2026-04-06,SOL-BAC,EU,Nordic Paints,13.5
2026-04-13,SOL-BAC,EU,Nordic Paints,10.2
2026-04-20,SOL-BAC,EU,Nordic Paints,14.4
2026-04-27,SOL-BAC,EU,Nordic Paints,10.4
2026-05-04,SOL-BAC,EU,Nordic Paints,9.9
2026-05-11,SOL-BAC,EU,Nordic Paints,12.7
2026-05-18,SOL-BAC,EU,Nordic Paints,21.0
2026-05-25,SOL-BAC,EU,Nordic Paints,14.6
2026-06-01,SOL-BAC,EU,Nordic Paints,12.5
2026-06-08,SOL-BAC,EU,Nordic Paints,12.8
2026-06-15,SOL-BAC,EU,Nordic Paints,8.2
2026-06-22,SOL-BAC,EU,Nordic Paints,9.5
2026-06-29,SOL-BAC,EU,Nordic Paints,7.0
2026-07-06,SOL-BAC,EU,Nordic Paints,17.6
2026-07-13,SOL-BAC,EU,Nordic Paints,17.1
2026-07-20,SOL-BAC,EU,Nordic Paints,13.1
2026-07-27,SOL-BAC,EU,Nordic Paints,12.2
2026-08-03,SOL-BAC,EU,Nordic Paints,8.5
2026-08-10,SOL-BAC,EU,Nordic Paints,11.3
2026-08-17,SOL-BAC,EU,Nordic Paints,17.3
2026-08-24,SOL-BAC,EU,Nordic Paints,11.8
2026-08-31,SOL-BAC,EU,Nordic Paints,10.0
2026-09-07,SOL-BAC,EU,Nordic Paints,7.8
2026-09-14,SOL-BAC,EU,Nordic Paints,15.3
2026-09-21,SOL-BAC,EU,Nordic Paints,11.1
2026-09-28,SOL-BAC,EU,Nordic Paints,7.3
2024-10-07,SOL-BAC,EU,Iberia Polymers,79.5
2024-10-14,SOL-BAC,EU,Iberia Polymers,74.1
2024-10-21,SOL-BAC,EU,Iberia Polymers,96.2
2024-10-28,SOL-BAC,EU,Iberia Polymers,104.7
2024-11-04,SOL-BAC,EU,Iberia Polymers,90.4
2024-11-11,SOL-BAC,EU,Iberia Polymers,119.2
2024-11-18,SOL-BAC,EU,Iberia Polymers,102.7
2024-11-25,SOL-BAC,EU,Iberia Polymers,130.6
2024-12-02,SOL-BAC,EU,Iberia Polymers,94.1
2024-12-09,SOL-BAC,EU,Iberia Polymers,201.6
2024-12-16,SOL-BAC,EU,Iberia Polymers,92.3
2024-12-23,SOL-BAC,EU,Iberia Polymers,85.5
2024-12-30,SOL-BAC,EU,Iberia Polymers,82.1
2025-01-06,SOL-BAC,EU,Iberia Polymers,98.9
2025-01-13,SOL-BAC,EU,Iberia Polymers,71.0
2025-01-20,SOL-BAC,EU,Iberia Polymers,111.0
2025-01-27,SOL-BAC,EU,Iberia Polymers,68.7
2025-02-03,SOL-BAC,EU,Iberia Polymers,111.2
2025-02-10,SOL-BAC,EU,Iberia Polymers,79.5
2025-02-17,SOL-BAC,EU,Iberia Polymers,97.0
2025-02-24,SOL-BAC,EU,Iberia Polymers,121.1
2025-03-03,SOL-BAC,EU,Iberia Polymers,175.8
2025-03-10,SOL-BAC,EU,Iberia Polymers,85.0
2025-03-17,SOL-BAC,EU,Iberia Polymers,105.5
2025-03-24,SOL-BAC,EU,Iberia Polymers,93.1
2025-03-31,SOL-BAC,EU,Iberia Polymers,91.5
2025-04-07,SOL-BAC,EU,Iberia Polymers,92.4
2025-04-14,SOL-BAC,EU,Iberia Polymers,128.2
2025-04-21,SOL-BAC,EU,Iberia Polymers,94.1
2025-04-28,SOL-BAC,EU,Iberia Polymers,169.8
2025-05-05,SOL-BAC,EU,Iberia Polymers,110.4
2025-05-12,SOL-BAC,EU,Iberia Polymers,80.9
2025-05-19,SOL-BAC,EU,Iberia Polymers,92.0
2025-05-26,SOL-BAC,EU,Iberia Polymers,81.4
2025-06-02,SOL-BAC,EU,Iberia Polymers,113.1
2025-06-09,SOL-BAC,EU,Iberia Polymers,66.0
2025-06-16,SOL-BAC,EU,Iberia Polymers,70.8
2025-06-23,SOL-BAC,EU,Iberia Polymers,85.5
2025-06-30,SOL-BAC,EU,Iberia Polymers,117.0
2025-07-07,SOL-BAC,EU,Iberia Polymers,132.1
2025-07-14,SOL-BAC,EU,Iberia Polymers,134.7
2025-07-21,SOL-BAC,EU,Iberia Polymers,108.1
2025-07-28,SOL-BAC,EU,Iberia Polymers,94.3
2025-08-04,SOL-BAC,EU,Iberia Polymers,113.2
2025-08-11,SOL-BAC,EU,Iberia Polymers,73.5
2025-08-18,SOL-BAC,EU,Iberia Polymers,62.5
2025-08-25,SOL-BAC,EU,Iberia Polymers,103.5
2025-09-01,SOL-BAC,EU,Iberia Polymers,76.7
2025-09-08,SOL-BAC,EU,Iberia Polymers,94.8
2025-09-15,SOL-BAC,EU,Iberia Polymers,99.3
2025-09-22,SOL-BAC,EU,Iberia Polymers,101.2
2025-09-29,SOL-BAC,EU,Iberia Polymers,115.7
2025-10-06,SOL-BAC,EU,Iberia Polymers,113.3
2025-10-13,SOL-BAC,EU,Iberia Polymers,99.3
2025-10-20,SOL-BAC,EU,Iberia Polymers,89.4
2025-10-27,SOL-BAC,EU,Iberia Polymers,101.8
2025-11-03,SOL-BAC,EU,Iberia Polymers,89.4
2025-11-10,SOL-BAC,EU,Iberia Polymers,97.5
2025-11-17,SOL-BAC,EU,Iberia Polymers,180.1
2025-11-24,SOL-BAC,EU,Iberia Polymers,104.7
2025-12-01,SOL-BAC,EU,Iberia Polymers,110.9
2025-12-08,SOL-BAC,EU,Iberia Polymers,89.5
2025-12-15,SOL-BAC,EU,Iberia Polymers,130.5
2025-12-22,SOL-BAC,EU,Iberia Polymers,125.5
2025-12-29,SOL-BAC,EU,Iberia Polymers,125.2
2026-01-05,SOL-BAC,EU,Iberia Polymers,112.7
2026-01-12,SOL-BAC,EU,Iberia Polymers,137.1
2026-01-19,SOL-BAC,EU,Iberia Polymers,144.4
2026-01-26,SOL-BAC,EU,Iberia Polymers,116.6
2026-02-02,SOL-BAC,EU,Iberia Polymers,106.0
2026-02-09,SOL-BAC,EU,Iberia Polymers,133.2
2026-02-16,SOL-BAC,EU,Iberia Polymers,89.3
2026-02-23,SOL-BAC,EU,Iberia Polymers,91.6
2026-03-02,SOL-BAC,EU,Iberia Polymers,103.7
2026-03-09,SOL-BAC,EU,Iberia Polymers,71.7
2026-03-16,SOL-BAC,EU,Iberia Polymers,128.5
2026-03-23,SOL-BAC,EU,Iberia Polymers,86.4
2026-03-30,SOL-BAC,EU,Iberia Polymers,95.8
2026-04-06,SOL-BAC,EU,Iberia Polymers,101.4
2026-04-13,SOL-BAC,EU,Iberia Polymers,108.7
2026-04-20,SOL-BAC,EU,Iberia Polymers,99.3
2026-04-27,SOL-BAC,EU,Iberia Polymers,104.3
2026-05-04,SOL-BAC,EU,Iberia Polymers,105.3
2026-05-11,SOL-BAC,EU,Iberia Polymers,96.5
2026-05-18,SOL-BAC,EU,Iberia Polymers,91.3
2026-05-25,SOL-BAC,EU,Iberia Polymers,136.3
2026-06-01,SOL-BAC,EU,Iberia Polymers,66.2
2026-06-08,SOL-BAC,EU,Iberia Polymers,97.8
2026-06-15,SOL-BAC,EU,Iberia Polymers,94.0
2026-06-22,SOL-BAC,EU,Iberia Polymers,115.8
2026-06-29,SOL-BAC,EU,Iberia Polymers,76.3
2026-07-06,SOL-BAC,EU,Iberia Polymers,93.2
2026-07-13,SOL-BAC,EU,Iberia Polymers,103.3
2026-07-20,SOL-BAC,EU,Iberia Polymers,131.4
2026-07-27,SOL-BAC,EU,Iberia Polymers,109.9
2026-08-03,SOL-BAC,EU,Iberia Polymers,79.4
2026-08-10,SOL-BAC,EU,Iberia Polymers,92.1
2026-08-17,SOL-BAC,EU,Iberia Polymers,123.0
2026-08-24,SOL-BAC,EU,Iberia Polymers,76.4
2026-08-31,SOL-BAC,EU,Iberia Polymers,96.6
2026-09-07,SOL-BAC,EU,Iberia Polymers,99.0
2026-09-14,SOL-BAC,EU,Iberia Polymers,89.8
2026-09-21,SOL-BAC,EU,Iberia Polymers,177.0
2026-09-28,SOL-BAC,EU,Iberia Polymers,85.3
2024-10-07,SOL-BAC,APAC,Pacific Coatings,27.9
2024-10-14,SOL-BAC,APAC,Pacific Coatings,26.2
2024-10-21,SOL-BAC,APAC,Pacific Coatings,42.1
2024-10-28,SOL-BAC,APAC,Pacific Coatings,29.5
2024-11-04,SOL-BAC,APAC,Pacific Coatings,19.4
2024-11-11,SOL-BAC,APAC,Pacific Coatings,48.9
2024-11-18,SOL-BAC,APAC,Pacific Coatings,27.1
2024-11-25,SOL-BAC,APAC,Pacific Coatings,30.4
2024-12-02,SOL-BAC,APAC,Pacific Coatings,45.4
2024-12-09,SOL-BAC,APAC,Pacific Coatings,30.3
2024-12-16,SOL-BAC,APAC,Pacific Coatings,30.5
2024-12-23,SOL-BAC,APAC,Pacific Coatings,24.1
2024-12-30,SOL-BAC,APAC,Pacific Coatings,22.3
2025-01-06,SOL-BAC,APAC,Pacific Coatings,30.5
2025-01-13,SOL-BAC,APAC,Pacific Coatings,33.9
2025-01-20,SOL-BAC,APAC,Pacific Coatings,33.3
2025-01-27,SOL-BAC,APAC,Pacific Coatings,28.1
2025-02-03,SOL-BAC,APAC,Pacific Coatings,31.4
2025-02-10,SOL-BAC,APAC,Pacific Coatings,20.6
2025-02-17,SOL-BAC,APAC,Pacific Coatings,34.1
2025-02-24,SOL-BAC,APAC,Pacific Coatings,32.2
2025-03-03,SOL-BAC,APAC,Pacific Coatings,49.8
2025-03-10,SOL-BAC,APAC,Pacific Coatings,33.2
2025-03-17,SOL-BAC,APAC,Pacific Coatings,26.9
2025-03-24,SOL-BAC,APAC,Pacific Coatings,32.8
2025-03-31,SOL-BAC,APAC,Pacific Coatings,30.5
2025-04-07,SOL-BAC,APAC,Pacific Coatings,36.0
2025-04-14,SOL-BAC,APAC,Pacific Coatings,33.3
2025-04-21,SOL-BAC,APAC,Pacific Coatings,25.8
2025-04-28,SOL-BAC,APAC,Pacific Coatings,23.6
2025-05-05,SOL-BAC,APAC,Pacific Coatings,36.1
2025-05-12,SOL-BAC,APAC,Pacific Coatings,45.3
2025-05-19,SOL-BAC,APAC,Pacific Coatings,34.1
2025-05-26,SOL-BAC,APAC,Pacific Coatings,39.9
2025-06-02,SOL-BAC,APAC,Pacific Coatings,41.8
2025-06-09,SOL-BAC,APAC,Pacific Coatings,35.3
2025-06-16,SOL-BAC,APAC,Pacific Coatings,28.0
2025-06-23,SOL-BAC,APAC,Pacific Coatings,34.4
2025-06-30,SOL-BAC,APAC,Pacific Coatings,42.3
2025-07-07,SOL-BAC,APAC,Pacific Coatings,37.9
2025-07-14,SOL-BAC,APAC,Pacific Coatings,39.1
2025-07-21,SOL-BAC,APAC,Pacific Coatings,29.6
2025-07-28,SOL-BAC,APAC,Pacific Coatings,32.3
2025-08-04,SOL-BAC,APAC,Pacific Coatings,34.6
2025-08-11,SOL-BAC,APAC,Pacific Coatings,34.5
2025-08-18,SOL-BAC,APAC,Pacific Coatings,44.9
2025-08-25,SOL-BAC,APAC,Pacific Coatings,20.8
2025-09-01,SOL-BAC,APAC,Pacific Coatings,36.0
2025-09-08,SOL-BAC,APAC,Pacific Coatings,34.5
2025-09-15,SOL-BAC,APAC,Pacific Coatings,25.9
2025-09-22,SOL-BAC,APAC,Pacific Coatings,40.9
2025-09-29,SOL-BAC,APAC,Pacific Coatings,30.1
2025-10-06,SOL-BAC,APAC,Pacific Coatings,32.3
2025-10-13,SOL-BAC,APAC,Pacific Coatings,52.1
2025-10-20,SOL-BAC,APAC,Pacific Coatings,42.2
2025-10-27,SOL-BAC,APAC,Pacific Coatings,37.9
2025-11-03,SOL-BAC,APAC,Pacific Coatings,35.9
2025-11-10,SOL-BAC,APAC,Pacific Coatings,31.8
2025-11-17,SOL-BAC,APAC,Pacific Coatings,50.2
2025-11-24,SOL-BAC,APAC,Pacific Coatings,38.7
2025-12-01,SOL-BAC,APAC,Pacific Coatings,27.7
2025-12-08,SOL-BAC,APAC,Pacific Coatings,23.9
2025-12-15,SOL-BAC,APAC,Pacific Coatings,36.8
2025-12-22,SOL-BAC,APAC,Pacific Coatings,31.9
2025-12-29,SOL-BAC,APAC,Pacific Coatings,23.4
2026-01-05,SOL-BAC,APAC,Pacific Coatings,34.7
2026-01-12,SOL-BAC,APAC,Pacific Coatings,29.8
2026-01-19,SOL-BAC,APAC,Pacific Coatings,35.5
2026-01-26,SOL-BAC,APAC,Pacific Coatings,35.8
2026-02-02,SOL-BAC,APAC,Pacific Coatings,28.9
2026-02-09,SOL-BAC,APAC,Pacific Coatings,38.2
2026-02-16,SOL-BAC,APAC,Pacific Coatings,29.6
2026-02-23,SOL-BAC,APAC,Pacific Coatings,29.6
2026-03-02,SOL-BAC,APAC,Pacific Coatings,29.5
2026-03-09,SOL-BAC,APAC,Pacific Coatings,42.9
2026-03-16,SOL-BAC,APAC,Pacific Coatings,31.8
2026-03-23,SOL-BAC,APAC,Pacific Coatings,44.9
2026-03-30,SOL-BAC,APAC,Pacific Coatings,50.3
2026-04-06,SOL-BAC,APAC,Pacific Coatings,29.2
2026-04-13,SOL-BAC,APAC,Pacific Coatings,18.0
2026-04-20,SOL-BAC,APAC,Pacific Coatings,43.2
2026-04-27,SOL-BAC,APAC,Pacific Coatings,32.1
2026-05-04,SOL-BAC,APAC,Pacific Coatings,29.1
2026-05-11,SOL-BAC,APAC,Pacific Coatings,31.0
2026-05-18,SOL-BAC,APAC,Pacific Coatings,32.5
2026-05-25,SOL-BAC,APAC,Pacific Coatings,47.6
2026-06-01,SOL-BAC,APAC,Pacific Coatings,37.4
2026-06-08,SOL-BAC,APAC,Pacific Coatings,49.3
2026-06-15,SOL-BAC,APAC,Pacific Coatings,40.3
2026-06-22,SOL-BAC,APAC,Pacific Coatings,34.1
2026-06-29,SOL-BAC,APAC,Pacific Coatings,33.7
2026-07-06,SOL-BAC,APAC,Pacific Coatings,42.0
2026-07-13,SOL-BAC,APAC,Pacific Coatings,44.5
2026-07-20,SOL-BAC,APAC,Pacific Coatings,45.3
2026-07-27,SOL-BAC,APAC,Pacific Coatings,34.6
2026-08-03,SOL-BAC,APAC,Pacific Coatings,39.2
2026-08-10,SOL-BAC,APAC,Pacific Coatings,41.9
2026-08-17,SOL-BAC,APAC,Pacific Coatings,35.3
2026-08-24,SOL-BAC,APAC,Pacific Coatings,30.5
2026-08-31,SOL-BAC,APAC,Pacific Coatings,33.5
2026-09-07,SOL-BAC,APAC,Pacific Coatings,38.3
2026-09-14,SOL-BAC,APAC,Pacific Coatings,47.4
2026-09-21,SOL-BAC,APAC,Pacific Coatings,55.8
2026-09-28,SOL-BAC,APAC,Pacific Coatings,32.2
2024-10-07,SOL-BAC,APAC,Shenzhen Electronic Materials,107.6
2024-10-14,SOL-BAC,APAC,Shenzhen Electronic Materials,112.8
2024-10-21,SOL-BAC,APAC,Shenzhen Electronic Materials,144.5
2024-10-28,SOL-BAC,APAC,Shenzhen Electronic Materials,107.3
2024-11-04,SOL-BAC,APAC,Shenzhen Electronic Materials,108.3
2024-11-11,SOL-BAC,APAC,Shenzhen Electronic Materials,87.9
2024-11-18,SOL-BAC,APAC,Shenzhen Electronic Materials,129.9
2024-11-25,SOL-BAC,APAC,Shenzhen Electronic Materials,111.9
2024-12-02,SOL-BAC,APAC,Shenzhen Electronic Materials,99.2
2024-12-09,SOL-BAC,APAC,Shenzhen Electronic Materials,106.9
2024-12-16,SOL-BAC,APAC,Shenzhen Electronic Materials,146.2
2024-12-23,SOL-BAC,APAC,Shenzhen Electronic Materials,91.4
2024-12-30,SOL-BAC,APAC,Shenzhen Electronic Materials,96.1
2025-01-06,SOL-BAC,APAC,Shenzhen Electronic Materials,150.9
2025-01-13,SOL-BAC,APAC,Shenzhen Electronic Materials,114.9
2025-01-20,SOL-BAC,APAC,Shenzhen Electronic Materials,130.6
2025-01-27,SOL-BAC,APAC,Shenzhen Electronic Materials,123.5
2025-02-03,SOL-BAC,APAC,Shenzhen Electronic Materials,112.1
2025-02-10,SOL-BAC,APAC,Shenzhen Electronic Materials,103.2
2025-02-17,SOL-BAC,APAC,Shenzhen Electronic Materials,133.9
2025-02-24,SOL-BAC,APAC,Shenzhen Electronic Materials,145.1
2025-03-03,SOL-BAC,APAC,Shenzhen Electronic Materials,148.1
2025-03-10,SOL-BAC,APAC,Shenzhen Electronic Materials,92.4
2025-03-17,SOL-BAC,APAC,Shenzhen Electronic Materials,159.3
2025-03-24,SOL-BAC,APAC,Shenzhen Electronic Materials,110.7
2025-03-31,SOL-BAC,APAC,Shenzhen Electronic Materials,100.2
2025-04-07,SOL-BAC,APAC,Shenzhen Electronic Materials,113.8
2025-04-14,SOL-BAC,APAC,Shenzhen Electronic Materials,143.7
2025-04-21,SOL-BAC,APAC,Shenzhen Electronic Materials,138.7
2025-04-28,SOL-BAC,APAC,Shenzhen Electronic Materials,115.8
2025-05-05,SOL-BAC,APAC,Shenzhen Electronic Materials,148.0
2025-05-12,SOL-BAC,APAC,Shenzhen Electronic Materials,124.5
2025-05-19,SOL-BAC,APAC,Shenzhen Electronic Materials,106.9
2025-05-26,SOL-BAC,APAC,Shenzhen Electronic Materials,103.2
2025-06-02,SOL-BAC,APAC,Shenzhen Electronic Materials,132.5
2025-06-09,SOL-BAC,APAC,Shenzhen Electronic Materials,118.1
2025-06-16,SOL-BAC,APAC,Shenzhen Electronic Materials,89.6
2025-06-23,SOL-BAC,APAC,Shenzhen Electronic Materials,143.4
2025-06-30,SOL-BAC,APAC,Shenzhen Electronic Materials,105.5
2025-07-07,SOL-BAC,APAC,Shenzhen Electronic Materials,173.0
2025-07-14,SOL-BAC,APAC,Shenzhen Electronic Materials,88.1
2025-07-21,SOL-BAC,APAC,Shenzhen Electronic Materials,113.9
2025-07-28,SOL-BAC,APAC,Shenzhen Electronic Materials,104.8
2025-08-04,SOL-BAC,APAC,Shenzhen Electronic Materials,103.6
2025-08-11,SOL-BAC,APAC,Shenzhen Electronic Materials,113.2
2025-08-18,SOL-BAC,APAC,Shenzhen Electronic Materials,185.2
2025-08-25,SOL-BAC,APAC,Shenzhen Electronic Materials,130.2
2025-09-01,SOL-BAC,APAC,Shenzhen Electronic Materials,108.6
2025-09-08,SOL-BAC,APAC,Shenzhen Electronic Materials,84.9
2025-09-15,SOL-BAC,APAC,Shenzhen Electronic Materials,86.7
2025-09-22,SOL-BAC,APAC,Shenzhen Electronic Materials,113.3
2025-09-29,SOL-BAC,APAC,Shenzhen Electronic Materials,111.0
2025-10-06,SOL-BAC,APAC,Shenzhen Electronic Materials,120.2
2025-10-13,SOL-BAC,APAC,Shenzhen Electronic Materials,76.1
2025-10-20,SOL-BAC,APAC,Shenzhen Electronic Materials,119.8
2025-10-27,SOL-BAC,APAC,Shenzhen Electronic Materials,151.4
2025-11-03,SOL-BAC,APAC,Shenzhen Electronic Materials,170.5
2025-11-10,SOL-BAC,APAC,Shenzhen Electronic Materials,78.5
2025-11-17,SOL-BAC,APAC,Shenzhen Electronic Materials,98.0
2025-11-24,SOL-BAC,APAC,Shenzhen Electronic Materials,97.2
2025-12-01,SOL-BAC,APAC,Shenzhen Electronic Materials,122.1
2025-12-08,SOL-BAC,APAC,Shenzhen Electronic Materials,89.8
2025-12-15,SOL-BAC,APAC,Shenzhen Electronic Materials,169.8
2025-12-22,SOL-BAC,APAC,Shenzhen Electronic Materials,117.7
2025-12-29,SOL-BAC,APAC,Shenzhen Electronic Materials,112.9
2026-01-05,SOL-BAC,APAC,Shenzhen Electronic Materials,162.2
2026-01-12,SOL-BAC,APAC,Shenzhen Electronic Materials,114.0
2026-01-19,SOL-BAC,APAC,Shenzhen Electronic Materials,124.6
2026-01-26,SOL-BAC,APAC,Shenzhen Electronic Materials,99.5
2026-02-02,SOL-BAC,APAC,Shenzhen Electronic Materials,88.5
2026-02-09,SOL-BAC,APAC,Shenzhen Electronic Materials,105.1
2026-02-16,SOL-BAC,APAC,Shenzhen Electronic Materials,192.9
2026-02-23,SOL-BAC,APAC,Shenzhen Electronic Materials,135.3
2026-03-02,SOL-BAC,APAC,Shenzhen Electronic Materials,127.4
2026-03-09,SOL-BAC,APAC,Shenzhen Electronic Materials,97.7
2026-03-16,SOL-BAC,APAC,Shenzhen Electronic Materials,149.5
2026-03-23,SOL-BAC,APAC,Shenzhen Electronic Materials,89.1
2026-03-30,SOL-BAC,APAC,Shenzhen Electronic Materials,87.0
2026-04-06,SOL-BAC,APAC,Shenzhen Electronic Materials,110.0
2026-04-13,SOL-BAC,APAC,Shenzhen Electronic Materials,190.0
2026-04-20,SOL-BAC,APAC,Shenzhen Electronic Materials,188.4
2026-04-27,SOL-BAC,APAC,Shenzhen Electronic Materials,113.4
2026-05-04,SOL-BAC,APAC,Shenzhen Electronic Materials,109.6
2026-05-11,SOL-BAC,APAC,Shenzhen Electronic Materials,89.0
2026-05-18,SOL-BAC,APAC,Shenzhen Electronic Materials,131.1
2026-05-25,SOL-BAC,APAC,Shenzhen Electronic Materials,134.1
2026-06-01,SOL-BAC,APAC,Shenzhen Electronic Materials,155.4
2026-06-08,SOL-BAC,APAC,Shenzhen Electronic Materials,164.2
2026-06-15,SOL-BAC,APAC,Shenzhen Electronic Materials,125.3
2026-06-22,SOL-BAC,APAC,Shenzhen Electronic Materials,149.0
2026-06-29,SOL-BAC,APAC,Shenzhen Electronic Materials,113.8
2026-07-06,SOL-BAC,APAC,Shenzhen Electronic Materials,151.0
2026-07-13,SOL-BAC,APAC,Shenzhen Electronic Materials,120.1
2026-07-20,SOL-BAC,APAC,Shenzhen Electronic Materials,145.4
2026-07-27,SOL-BAC,APAC,Shenzhen Electronic Materials,144.1
2026-08-03,SOL-BAC,APAC,Shenzhen Electronic Materials,138.5
2026-08-10,SOL-BAC,APAC,Shenzhen Electronic Materials,158.6
2026-08-17,SOL-BAC,APAC,Shenzhen Electronic Materials,98.2
2026-08-24,SOL-BAC,APAC,Shenzhen Electronic Materials,111.9
2026-08-31,SOL-BAC,APAC,Shenzhen Electronic Materials,136.4
2026-09-07,SOL-BAC,APAC,Shenzhen Electronic Materials,106.2
2026-09-14,SOL-BAC,APAC,Shenzhen Electronic Materials,135.5
2026-09-21,SOL-BAC,APAC,Shenzhen Electronic Materials,140.9
2026-09-28,SOL-BAC,APAC,Shenzhen Electronic Materials,209.5
2024-10-07,SOL-BAC,APAC,Jurong Construction Chem,35.5
2024-10-14,SOL-BAC,APAC,Jurong Construction Chem,43.0
2024-10-21,SOL-BAC,APAC,Jurong Construction Chem,36.4
2024-10-28,SOL-BAC,APAC,Jurong Construction Chem,30.0
2024-11-04,SOL-BAC,APAC,Jurong Construction Chem,34.4
2024-11-11,SOL-BAC,APAC,Jurong Construction Chem,39.5
2024-11-18,SOL-BAC,APAC,Jurong Construction Chem,42.6
2024-11-25,SOL-BAC,APAC,Jurong Construction Chem,31.6
2024-12-02,SOL-BAC,APAC,Jurong Construction Chem,22.4
2024-12-09,SOL-BAC,APAC,Jurong Construction Chem,21.8
2024-12-16,SOL-BAC,APAC,Jurong Construction Chem,29.8
2024-12-23,SOL-BAC,APAC,Jurong Construction Chem,19.1
2024-12-30,SOL-BAC,APAC,Jurong Construction Chem,48.2
2025-01-06,SOL-BAC,APAC,Jurong Construction Chem,36.6
2025-01-13,SOL-BAC,APAC,Jurong Construction Chem,27.6
2025-01-20,SOL-BAC,APAC,Jurong Construction Chem,24.8
2025-01-27,SOL-BAC,APAC,Jurong Construction Chem,39.8
2025-02-03,SOL-BAC,APAC,Jurong Construction Chem,24.8
2025-02-10,SOL-BAC,APAC,Jurong Construction Chem,25.0
2025-02-17,SOL-BAC,APAC,Jurong Construction Chem,26.4
2025-02-24,SOL-BAC,APAC,Jurong Construction Chem,32.3
2025-03-03,SOL-BAC,APAC,Jurong Construction Chem,37.5
2025-03-10,SOL-BAC,APAC,Jurong Construction Chem,43.8
2025-03-17,SOL-BAC,APAC,Jurong Construction Chem,42.2
2025-03-24,SOL-BAC,APAC,Jurong Construction Chem,33.6
2025-03-31,SOL-BAC,APAC,Jurong Construction Chem,41.6
2025-04-07,SOL-BAC,APAC,Jurong Construction Chem,28.6
2025-04-14,SOL-BAC,APAC,Jurong Construction Chem,22.5
2025-04-21,SOL-BAC,APAC,Jurong Construction Chem,29.8
2025-04-28,SOL-BAC,APAC,Jurong Construction Chem,28.8
2025-05-05,SOL-BAC,APAC,Jurong Construction Chem,30.1
2025-05-12,SOL-BAC,APAC,Jurong Construction Chem,27.4
2025-05-19,SOL-BAC,APAC,Jurong Construction Chem,30.7
2025-05-26,SOL-BAC,APAC,Jurong Construction Chem,38.8
2025-06-02,SOL-BAC,APAC,Jurong Construction Chem,49.5
2025-06-09,SOL-BAC,APAC,Jurong Construction Chem,23.1
2025-06-16,SOL-BAC,APAC,Jurong Construction Chem,25.6
2025-06-23,SOL-BAC,APAC,Jurong Construction Chem,28.1
2025-06-30,SOL-BAC,APAC,Jurong Construction Chem,39.0
2025-07-07,SOL-BAC,APAC,Jurong Construction Chem,32.7
2025-07-14,SOL-BAC,APAC,Jurong Construction Chem,28.7
2025-07-21,SOL-BAC,APAC,Jurong Construction Chem,38.9
2025-07-28,SOL-BAC,APAC,Jurong Construction Chem,42.3
2025-08-04,SOL-BAC,APAC,Jurong Construction Chem,35.9
2025-08-11,SOL-BAC,APAC,Jurong Construction Chem,29.5
2025-08-18,SOL-BAC,APAC,Jurong Construction Chem,37.4
2025-08-25,SOL-BAC,APAC,Jurong Construction Chem,33.6
2025-09-01,SOL-BAC,APAC,Jurong Construction Chem,34.4
2025-09-08,SOL-BAC,APAC,Jurong Construction Chem,31.8
2025-09-15,SOL-BAC,APAC,Jurong Construction Chem,43.6
2025-09-22,SOL-BAC,APAC,Jurong Construction Chem,37.8
2025-09-29,SOL-BAC,APAC,Jurong Construction Chem,44.9
2025-10-06,SOL-BAC,APAC,Jurong Construction Chem,47.5
2025-10-13,SOL-BAC,APAC,Jurong Construction Chem,39.0
2025-10-20,SOL-BAC,APAC,Jurong Construction Chem,30.7
2025-10-27,SOL-BAC,APAC,Jurong Construction Chem,42.6
2025-11-03,SOL-BAC,APAC,Jurong Construction Chem,37.1
2025-11-10,SOL-BAC,APAC,Jurong Construction Chem,59.2
2025-11-17,SOL-BAC,APAC,Jurong Construction Chem,35.1
2025-11-24,SOL-BAC,APAC,Jurong Construction Chem,38.4
2025-12-01,SOL-BAC,APAC,Jurong Construction Chem,35.4
2025-12-08,SOL-BAC,APAC,Jurong Construction Chem,32.2
2025-12-15,SOL-BAC,APAC,Jurong Construction Chem,31.1
2025-12-22,SOL-BAC,APAC,Jurong Construction Chem,34.9
2025-12-29,SOL-BAC,APAC,Jurong Construction Chem,36.5
2026-01-05,SOL-BAC,APAC,Jurong Construction Chem,41.3
2026-01-12,SOL-BAC,APAC,Jurong Construction Chem,34.4
2026-01-19,SOL-BAC,APAC,Jurong Construction Chem,28.9
2026-01-26,SOL-BAC,APAC,Jurong Construction Chem,30.6
2026-02-02,SOL-BAC,APAC,Jurong Construction Chem,25.1
2026-02-09,SOL-BAC,APAC,Jurong Construction Chem,48.6
2026-02-16,SOL-BAC,APAC,Jurong Construction Chem,29.7
2026-02-23,SOL-BAC,APAC,Jurong Construction Chem,40.9
2026-03-02,SOL-BAC,APAC,Jurong Construction Chem,35.8
2026-03-09,SOL-BAC,APAC,Jurong Construction Chem,36.3
2026-03-16,SOL-BAC,APAC,Jurong Construction Chem,33.4
2026-03-23,SOL-BAC,APAC,Jurong Construction Chem,28.3
2026-03-30,SOL-BAC,APAC,Jurong Construction Chem,27.8
2026-04-06,SOL-BAC,APAC,Jurong Construction Chem,51.0
2026-04-13,SOL-BAC,APAC,Jurong Construction Chem,35.6
2026-04-20,SOL-BAC,APAC,Jurong Construction Chem,44.6
2026-04-27,SOL-BAC,APAC,Jurong Construction Chem,47.7
2026-05-04,SOL-BAC,APAC,Jurong Construction Chem,32.6
2026-05-11,SOL-BAC,APAC,Jurong Construction Chem,39.3
2026-05-18,SOL-BAC,APAC,Jurong Construction Chem,36.5
2026-05-25,SOL-BAC,APAC,Jurong Construction Chem,28.2
2026-06-01,SOL-BAC,APAC,Jurong Construction Chem,35.2
2026-06-08,SOL-BAC,APAC,Jurong Construction Chem,42.9
2026-06-15,SOL-BAC,APAC,Jurong Construction Chem,32.9
2026-06-22,SOL-BAC,APAC,Jurong Construction Chem,34.4
2026-06-29,SOL-BAC,APAC,Jurong Construction Chem,35.8
2026-07-06,SOL-BAC,APAC,Jurong Construction Chem,59.9
2026-07-13,SOL-BAC,APAC,Jurong Construction Chem,25.2
2026-07-20,SOL-BAC,APAC,Jurong Construction Chem,41.2
2026-07-27,SOL-BAC,APAC,Jurong Construction Chem,35.2
2026-08-03,SOL-BAC,APAC,Jurong Construction Chem,33.2
2026-08-10,SOL-BAC,APAC,Jurong Construction Chem,35.2
2026-08-17,SOL-BAC,APAC,Jurong Construction Chem,45.1
2026-08-24,SOL-BAC,APAC,Jurong Construction Chem,46.6
2026-08-31,SOL-BAC,APAC,Jurong Construction Chem,42.3
2026-09-07,SOL-BAC,APAC,Jurong Construction Chem,52.0
2026-09-14,SOL-BAC,APAC,Jurong Construction Chem,55.0
2026-09-21,SOL-BAC,APAC,Jurong Construction Chem,51.4
2026-09-28,SOL-BAC,APAC,Jurong Construction Chem,39.1
2024-10-07,SOL-BAC,LATAM,Andes Plastics,37.1
2024-10-14,SOL-BAC,LATAM,Andes Plastics,60.2
2024-10-21,SOL-BAC,LATAM,Andes Plastics,49.1
2024-10-28,SOL-BAC,LATAM,Andes Plastics,63.5
2024-11-04,SOL-BAC,LATAM,Andes Plastics,51.3
2024-11-11,SOL-BAC,LATAM,Andes Plastics,37.5
2024-11-18,SOL-BAC,LATAM,Andes Plastics,51.8
2024-11-25,SOL-BAC,LATAM,Andes Plastics,53.9
2024-12-02,SOL-BAC,LATAM,Andes Plastics,40.5
2024-12-09,SOL-BAC,LATAM,Andes Plastics,33.6
2024-12-16,SOL-BAC,LATAM,Andes Plastics,46.1
2024-12-23,SOL-BAC,LATAM,Andes Plastics,36.3
2024-12-30,SOL-BAC,LATAM,Andes Plastics,57.3
2025-01-06,SOL-BAC,LATAM,Andes Plastics,41.6
2025-01-13,SOL-BAC,LATAM,Andes Plastics,66.9
2025-01-20,SOL-BAC,LATAM,Andes Plastics,29.3
2025-01-27,SOL-BAC,LATAM,Andes Plastics,48.6
2025-02-03,SOL-BAC,LATAM,Andes Plastics,63.0
2025-02-10,SOL-BAC,LATAM,Andes Plastics,37.8
2025-02-17,SOL-BAC,LATAM,Andes Plastics,43.8
2025-02-24,SOL-BAC,LATAM,Andes Plastics,41.4
2025-03-03,SOL-BAC,LATAM,Andes Plastics,39.8
2025-03-10,SOL-BAC,LATAM,Andes Plastics,49.6
2025-03-17,SOL-BAC,LATAM,Andes Plastics,35.2
2025-03-24,SOL-BAC,LATAM,Andes Plastics,45.3
2025-03-31,SOL-BAC,LATAM,Andes Plastics,52.3
2025-04-07,SOL-BAC,LATAM,Andes Plastics,44.0
2025-04-14,SOL-BAC,LATAM,Andes Plastics,37.1
2025-04-21,SOL-BAC,LATAM,Andes Plastics,58.5
2025-04-28,SOL-BAC,LATAM,Andes Plastics,56.5
2025-05-05,SOL-BAC,LATAM,Andes Plastics,38.8
2025-05-12,SOL-BAC,LATAM,Andes Plastics,35.9
2025-05-19,SOL-BAC,LATAM,Andes Plastics,39.3
2025-05-26,SOL-BAC,LATAM,Andes Plastics,55.1
2025-06-02,SOL-BAC,LATAM,Andes Plastics,52.7
2025-06-09,SOL-BAC,LATAM,Andes Plastics,61.0
2025-06-16,SOL-BAC,LATAM,Andes Plastics,46.7
2025-06-23,SOL-BAC,LATAM,Andes Plastics,40.8
2025-06-30,SOL-BAC,LATAM,Andes Plastics,62.3
2025-07-07,SOL-BAC,LATAM,Andes Plastics,44.4
2025-07-14,SOL-BAC,LATAM,Andes Plastics,53.6
2025-07-21,SOL-BAC,LATAM,Andes Plastics,36.9
2025-07-28,SOL-BAC,LATAM,Andes Plastics,46.5
2025-08-04,SOL-BAC,LATAM,Andes Plastics,65.3
2025-08-11,SOL-BAC,LATAM,Andes Plastics,45.4
2025-08-18,SOL-BAC,LATAM,Andes Plastics,64.6
2025-08-25,SOL-BAC,LATAM,Andes Plastics,32.3
2025-09-01,SOL-BAC,LATAM,Andes Plastics,47.9
2025-09-08,SOL-BAC,LATAM,Andes Plastics,52.3
2025-09-15,SOL-BAC,LATAM,Andes Plastics,78.3
2025-09-22,SOL-BAC,LATAM,Andes Plastics,41.1
2025-09-29,SOL-BAC,LATAM,Andes Plastics,61.3
2025-10-06,SOL-BAC,LATAM,Andes Plastics,66.8
2025-10-13,SOL-BAC,LATAM,Andes Plastics,45.3
2025-10-20,SOL-BAC,LATAM,Andes Plastics,47.9
2025-10-27,SOL-BAC,LATAM,Andes Plastics,53.3
2025-11-03,SOL-BAC,LATAM,Andes Plastics,37.7
2025-11-10,SOL-BAC,LATAM,Andes Plastics,46.5
2025-11-17,SOL-BAC,LATAM,Andes Plastics,66.9
2025-11-24,SOL-BAC,LATAM,Andes Plastics,56.2
2025-12-01,SOL-BAC,LATAM,Andes Plastics,48.8
2025-12-08,SOL-BAC,LATAM,Andes Plastics,51.4
2025-12-15,SOL-BAC,LATAM,Andes Plastics,57.7
2025-12-22,SOL-BAC,LATAM,Andes Plastics,60.4
2025-12-29,SOL-BAC,LATAM,Andes Plastics,45.3
2026-01-05,SOL-BAC,LATAM,Andes Plastics,72.1
2026-01-12,SOL-BAC,LATAM,Andes Plastics,70.4
2026-01-19,SOL-BAC,LATAM,Andes Plastics,61.0
2026-01-26,SOL-BAC,LATAM,Andes Plastics,42.3
2026-02-02,SOL-BAC,LATAM,Andes Plastics,41.6
2026-02-09,SOL-BAC,LATAM,Andes Plastics,48.1
2026-02-16,SOL-BAC,LATAM,Andes Plastics,52.7
2026-02-23,SOL-BAC,LATAM,Andes Plastics,35.8
2026-03-02,SOL-BAC,LATAM,Andes Plastics,58.0
2026-03-09,SOL-BAC,LATAM,Andes Plastics,68.1
2026-03-16,SOL-BAC,LATAM,Andes Plastics,57.4
2026-03-23,SOL-BAC,LATAM,Andes Plastics,43.4
2026-03-30,SOL-BAC,LATAM,Andes Plastics,42.8
2026-04-06,SOL-BAC,LATAM,Andes Plastics,55.2
2026-04-13,SOL-BAC,LATAM,Andes Plastics,50.6
2026-04-20,SOL-BAC,LATAM,Andes Plastics,57.1
2026-04-27,SOL-BAC,LATAM,Andes Plastics,57.9
2026-05-04,SOL-BAC,LATAM,Andes Plastics,65.1
2026-05-11,SOL-BAC,LATAM,Andes Plastics,40.1
2026-05-18,SOL-BAC,LATAM,Andes Plastics,54.8
2026-05-25,SOL-BAC,LATAM,Andes Plastics,49.1
2026-06-01,SOL-BAC,LATAM,Andes Plastics,52.5
2026-06-08,SOL-BAC,LATAM,Andes Plastics,66.1
2026-06-15,SOL-BAC,LATAM,Andes Plastics,68.6
2026-06-22,SOL-BAC,LATAM,Andes Plastics,76.2
2026-06-29,SOL-BAC,LATAM,Andes Plastics,61.4
2026-07-06,SOL-BAC,LATAM,Andes Plastics,54.9
2026-07-13,SOL-BAC,LATAM,Andes Plastics,53.7
2026-07-20,SOL-BAC,LATAM,Andes Plastics,39.3
2026-07-27,SOL-BAC,LATAM,Andes Plastics,77.2
2026-08-03,SOL-BAC,LATAM,Andes Plastics,54.0
2026-08-10,SOL-BAC,LATAM,Andes Plastics,64.5
2026-08-17,SOL-BAC,LATAM,Andes Plastics,67.1
2026-08-24,SOL-BAC,LATAM,Andes Plastics,44.3
2026-08-31,SOL-BAC,LATAM,Andes Plastics,46.4
2026-09-07,SOL-BAC,LATAM,Andes Plastics,78.1
2026-09-14,SOL-BAC,LATAM,Andes Plastics,57.9
2026-09-21,SOL-BAC,LATAM,Andes Plastics,46.1
2026-09-28,SOL-BAC,LATAM,Andes Plastics,50.2
2024-10-07,SOL-BAC,LATAM,Brasil Tintas,10.9
2024-10-14,SOL-BAC,LATAM,Brasil Tintas,10.4
2024-10-21,SOL-BAC,LATAM,Brasil Tintas,6.1
2024-10-28,SOL-BAC,LATAM,Brasil Tintas,12.0
2024-11-04,SOL-BAC,LATAM,Brasil Tintas,10.4
2024-11-11,SOL-BAC,LATAM,Brasil Tintas,8.2
2024-11-18,SOL-BAC,LATAM,Brasil Tintas,6.4
2024-11-25,SOL-BAC,LATAM,Brasil Tintas,10.4
2024-12-02,SOL-BAC,LATAM,Brasil Tintas,9.0
2024-12-09,SOL-BAC,LATAM,Brasil Tintas,5.9
2024-12-16,SOL-BAC,LATAM,Brasil Tintas,7.6
2024-12-23,SOL-BAC,LATAM,Brasil Tintas,16.0
2024-12-30,SOL-BAC,LATAM,Brasil Tintas,8.0
2025-01-06,SOL-BAC,LATAM,Brasil Tintas,6.9
2025-01-13,SOL-BAC,LATAM,Brasil Tintas,6.5
2025-01-20,SOL-BAC,LATAM,Brasil Tintas,12.3
2025-01-27,SOL-BAC,LATAM,Brasil Tintas,10.1
2025-02-03,SOL-BAC,LATAM,Brasil Tintas,11.1
2025-02-10,SOL-BAC,LATAM,Brasil Tintas,8.6
2025-02-17,SOL-BAC,LATAM,Brasil Tintas,10.6
2025-02-24,SOL-BAC,LATAM,Brasil Tintas,6.7
2025-03-03,SOL-BAC,LATAM,Brasil Tintas,8.5
2025-03-10,SOL-BAC,LATAM,Brasil Tintas,8.9
2025-03-17,SOL-BAC,LATAM,Brasil Tintas,11.3
2025-03-24,SOL-BAC,LATAM,Brasil Tintas,8.8
2025-03-31,SOL-BAC,LATAM,Brasil Tintas,7.2
2025-04-07,SOL-BAC,LATAM,Brasil Tintas,8.3
2025-04-14,SOL-BAC,LATAM,Brasil Tintas,5.7
2025-04-21,SOL-BAC,LATAM,Brasil Tintas,5.0
2025-04-28,SOL-BAC,LATAM,Brasil Tintas,10.3
2025-05-05,SOL-BAC,LATAM,Brasil Tintas,8.0
2025-05-12,SOL-BAC,LATAM,Brasil Tintas,8.0
2025-05-19,SOL-BAC,LATAM,Brasil Tintas,10.3
2025-05-26,SOL-BAC,LATAM,Brasil Tintas,11.8
2025-06-02,SOL-BAC,LATAM,Brasil Tintas,9.9
2025-06-09,SOL-BAC,LATAM,Brasil Tintas,13.9
2025-06-16,SOL-BAC,LATAM,Brasil Tintas,10.0
2025-06-23,SOL-BAC,LATAM,Brasil Tintas,9.5
2025-06-30,SOL-BAC,LATAM,Brasil Tintas,9.5
2025-07-07,SOL-BAC,LATAM,Brasil Tintas,6.7
2025-07-14,SOL-BAC,LATAM,Brasil Tintas,11.3
2025-07-21,SOL-BAC,LATAM,Brasil Tintas,5.4
2025-07-28,SOL-BAC,LATAM,Brasil Tintas,8.2
2025-08-04,SOL-BAC,LATAM,Brasil Tintas,9.3
2025-08-11,SOL-BAC,LATAM,Brasil Tintas,7.9
2025-08-18,SOL-BAC,LATAM,Brasil Tintas,8.7
2025-08-25,SOL-BAC,LATAM,Brasil Tintas,14.4
2025-09-01,SOL-BAC,LATAM,Brasil Tintas,12.3
2025-09-08,SOL-BAC,LATAM,Brasil Tintas,8.3
2025-09-15,SOL-BAC,LATAM,Brasil Tintas,8.6
2025-09-22,SOL-BAC,LATAM,Brasil Tintas,7.1
2025-09-29,SOL-BAC,LATAM,Brasil Tintas,11.0
2025-10-06,SOL-BAC,LATAM,Brasil Tintas,8.9
2025-10-13,SOL-BAC,LATAM,Brasil Tintas,6.1
2025-10-20,SOL-BAC,LATAM,Brasil Tintas,9.5
2025-10-27,SOL-BAC,LATAM,Brasil Tintas,10.1
2025-11-03,SOL-BAC,LATAM,Brasil Tintas,11.5
2025-11-10,SOL-BAC,LATAM,Brasil Tintas,9.0
2025-11-17,SOL-BAC,LATAM,Brasil Tintas,8.3
2025-11-24,SOL-BAC,LATAM,Brasil Tintas,13.8
2025-12-01,SOL-BAC,LATAM,Brasil Tintas,9.0
2025-12-08,SOL-BAC,LATAM,Brasil Tintas,10.4
2025-12-15,SOL-BAC,LATAM,Brasil Tintas,8.0
2025-12-22,SOL-BAC,LATAM,Brasil Tintas,10.6
2025-12-29,SOL-BAC,LATAM,Brasil Tintas,6.6
2026-01-05,SOL-BAC,LATAM,Brasil Tintas,8.3
2026-01-12,SOL-BAC,LATAM,Brasil Tintas,7.2
2026-01-19,SOL-BAC,LATAM,Brasil Tintas,8.2
2026-01-26,SOL-BAC,LATAM,Brasil Tintas,11.9
2026-02-02,SOL-BAC,LATAM,Brasil Tintas,8.1
2026-02-09,SOL-BAC,LATAM,Brasil Tintas,10.8
2026-02-16,SOL-BAC,LATAM,Brasil Tintas,12.9
2026-02-23,SOL-BAC,LATAM,Brasil Tintas,9.3
2026-03-02,SOL-BAC,LATAM,Brasil Tintas,11.5
2026-03-09,SOL-BAC,LATAM,Brasil Tintas,10.2
2026-03-16,SOL-BAC,LATAM,Brasil Tintas,9.2
2026-03-23,SOL-BAC,LATAM,Brasil Tintas,10.6
2026-03-30,SOL-BAC,LATAM,Brasil Tintas,13.6
2026-04-06,SOL-BAC,LATAM,Brasil Tintas,8.0
2026-04-13,SOL-BAC,LATAM,Brasil Tintas,7.5
2026-04-20,SOL-BAC,LATAM,Brasil Tintas,7.4
2026-04-27,SOL-BAC,LATAM,Brasil Tintas,11.2
2026-05-04,SOL-BAC,LATAM,Brasil Tintas,11.7
2026-05-11,SOL-BAC,LATAM,Brasil Tintas,8.1
2026-05-18,SOL-BAC,LATAM,Brasil Tintas,5.8
2026-05-25,SOL-BAC,LATAM,Brasil Tintas,8.2
2026-06-01,SOL-BAC,LATAM,Brasil Tintas,10.8
2026-06-08,SOL-BAC,LATAM,Brasil Tintas,9.6
2026-06-15,SOL-BAC,LATAM,Brasil Tintas,10.2
2026-06-22,SOL-BAC,LATAM,Brasil Tintas,8.9
2026-06-29,SOL-BAC,LATAM,Brasil Tintas,12.4
2026-07-06,SOL-BAC,LATAM,Brasil Tintas,10.8
2026-07-13,SOL-BAC,LATAM,Brasil Tintas,11.5
2026-07-20,SOL-BAC,LATAM,Brasil Tintas,10.6
2026-07-27,SOL-BAC,LATAM,Brasil Tintas,11.5
2026-08-03,SOL-BAC,LATAM,Brasil Tintas,11.4
2026-08-10,SOL-BAC,LATAM,Brasil Tintas,8.4
2026-08-17,SOL-BAC,LATAM,Brasil Tintas,11.2
2026-08-24,SOL-BAC,LATAM,Brasil Tintas,12.3
2026-08-31,SOL-BAC,LATAM,Brasil Tintas,13.0
2026-09-07,SOL-BAC,LATAM,Brasil Tintas,10.8
2026-09-14,SOL-BAC,LATAM,Brasil Tintas,7.8
2026-09-21,SOL-BAC,LATAM,Brasil Tintas,7.8
2026-09-28,SOL-BAC,LATAM,Brasil Tintas,8.3
2024-10-07,SOL-BAC,LATAM,Mexico Industrial,18.7
2024-10-14,SOL-BAC,LATAM,Mexico Industrial,17.4
2024-10-21,SOL-BAC,LATAM,Mexico Industrial,13.9
2024-10-28,SOL-BAC,LATAM,Mexico Industrial,13.7
2024-11-04,SOL-BAC,LATAM,Mexico Industrial,11.1
2024-11-11,SOL-BAC,LATAM,Mexico Industrial,8.9
2024-11-18,SOL-BAC,LATAM,Mexico Industrial,17.0
2024-11-25,SOL-BAC,LATAM,Mexico Industrial,28.9
2024-12-02,SOL-BAC,LATAM,Mexico Industrial,25.3
2024-12-09,SOL-BAC,LATAM,Mexico Industrial,13.9
2024-12-16,SOL-BAC,LATAM,Mexico Industrial,17.4
2024-12-23,SOL-BAC,LATAM,Mexico Industrial,12.2
2024-12-30,SOL-BAC,LATAM,Mexico Industrial,12.5
2025-01-06,SOL-BAC,LATAM,Mexico Industrial,13.1
2025-01-13,SOL-BAC,LATAM,Mexico Industrial,16.3
2025-01-20,SOL-BAC,LATAM,Mexico Industrial,16.8
2025-01-27,SOL-BAC,LATAM,Mexico Industrial,18.6
2025-02-03,SOL-BAC,LATAM,Mexico Industrial,19.9
2025-02-10,SOL-BAC,LATAM,Mexico Industrial,15.9
2025-02-17,SOL-BAC,LATAM,Mexico Industrial,17.1
2025-02-24,SOL-BAC,LATAM,Mexico Industrial,13.3
2025-03-03,SOL-BAC,LATAM,Mexico Industrial,12.9
2025-03-10,SOL-BAC,LATAM,Mexico Industrial,12.6
2025-03-17,SOL-BAC,LATAM,Mexico Industrial,20.2
2025-03-24,SOL-BAC,LATAM,Mexico Industrial,16.1
2025-03-31,SOL-BAC,LATAM,Mexico Industrial,11.6
2025-04-07,SOL-BAC,LATAM,Mexico Industrial,17.0
2025-04-14,SOL-BAC,LATAM,Mexico Industrial,13.1
2025-04-21,SOL-BAC,LATAM,Mexico Industrial,25.1
2025-04-28,SOL-BAC,LATAM,Mexico Industrial,15.8
2025-05-05,SOL-BAC,LATAM,Mexico Industrial,21.2
2025-05-12,SOL-BAC,LATAM,Mexico Industrial,22.7
2025-05-19,SOL-BAC,LATAM,Mexico Industrial,14.7
2025-05-26,SOL-BAC,LATAM,Mexico Industrial,18.6
2025-06-02,SOL-BAC,LATAM,Mexico Industrial,20.9
2025-06-09,SOL-BAC,LATAM,Mexico Industrial,19.7
2025-06-16,SOL-BAC,LATAM,Mexico Industrial,20.3
2025-06-23,SOL-BAC,LATAM,Mexico Industrial,13.9
2025-06-30,SOL-BAC,LATAM,Mexico Industrial,21.5
2025-07-07,SOL-BAC,LATAM,Mexico Industrial,16.8
2025-07-14,SOL-BAC,LATAM,Mexico Industrial,20.8
2025-07-21,SOL-BAC,LATAM,Mexico Industrial,23.8
2025-07-28,SOL-BAC,LATAM,Mexico Industrial,22.8
2025-08-04,SOL-BAC,LATAM,Mexico Industrial,21.1
2025-08-11,SOL-BAC,LATAM,Mexico Industrial,22.9
2025-08-18,SOL-BAC,LATAM,Mexico Industrial,23.5
2025-08-25,SOL-BAC,LATAM,Mexico Industrial,28.0
2025-09-01,SOL-BAC,LATAM,Mexico Industrial,20.1
2025-09-08,SOL-BAC,LATAM,Mexico Industrial,21.0
2025-09-15,SOL-BAC,LATAM,Mexico Industrial,24.5
2025-09-22,SOL-BAC,LATAM,Mexico Industrial,17.8
2025-09-29,SOL-BAC,LATAM,Mexico Industrial,14.7
2025-10-06,SOL-BAC,LATAM,Mexico Industrial,22.0
2025-10-13,SOL-BAC,LATAM,Mexico Industrial,19.0
2025-10-20,SOL-BAC,LATAM,Mexico Industrial,14.9
2025-10-27,SOL-BAC,LATAM,Mexico Industrial,21.5
2025-11-03,SOL-BAC,LATAM,Mexico Industrial,26.8
2025-11-10,SOL-BAC,LATAM,Mexico Industrial,13.4
2025-11-17,SOL-BAC,LATAM,Mexico Industrial,23.6
2025-11-24,SOL-BAC,LATAM,Mexico Industrial,10.7
2025-12-01,SOL-BAC,LATAM,Mexico Industrial,17.3
2025-12-08,SOL-BAC,LATAM,Mexico Industrial,28.1
2025-12-15,SOL-BAC,LATAM,Mexico Industrial,17.7
2025-12-22,SOL-BAC,LATAM,Mexico Industrial,19.4
2025-12-29,SOL-BAC,LATAM,Mexico Industrial,22.6
2026-01-05,SOL-BAC,LATAM,Mexico Industrial,13.2
2026-01-12,SOL-BAC,LATAM,Mexico Industrial,20.0
2026-01-19,SOL-BAC,LATAM,Mexico Industrial,19.9
2026-01-26,SOL-BAC,LATAM,Mexico Industrial,28.7
2026-02-02,SOL-BAC,LATAM,Mexico Industrial,14.8
2026-02-09,SOL-BAC,LATAM,Mexico Industrial,17.7
2026-02-16,SOL-BAC,LATAM,Mexico Industrial,15.8
2026-02-23,SOL-BAC,LATAM,Mexico Industrial,15.7
2026-03-02,SOL-BAC,LATAM,Mexico Industrial,24.9
2026-03-09,SOL-BAC,LATAM,Mexico Industrial,19.3
2026-03-16,SOL-BAC,LATAM,Mexico Industrial,16.7
2026-03-23,SOL-BAC,LATAM,Mexico Industrial,16.8
2026-03-30,SOL-BAC,LATAM,Mexico Industrial,16.8
2026-04-06,SOL-BAC,LATAM,Mexico Industrial,17.4
2026-04-13,SOL-BAC,LATAM,Mexico Industrial,14.8
2026-04-20,SOL-BAC,LATAM,Mexico Industrial,18.3
2026-04-27,SOL-BAC,LATAM,Mexico Industrial,17.5
2026-05-04,SOL-BAC,LATAM,Mexico Industrial,16.2
2026-05-11,SOL-BAC,LATAM,Mexico Industrial,19.9
2026-05-18,SOL-BAC,LATAM,Mexico Industrial,20.5
2026-05-25,SOL-BAC,LATAM,Mexico Industrial,17.6
2026-06-01,SOL-BAC,LATAM,Mexico Industrial,19.4
2026-06-08,SOL-BAC,LATAM,Mexico Industrial,32.8
2026-06-15,SOL-BAC,LATAM,Mexico Industrial,33.0
2026-06-22,SOL-BAC,LATAM,Mexico Industrial,16.6
2026-06-29,SOL-BAC,LATAM,Mexico Industrial,17.1
2026-07-06,SOL-BAC,LATAM,Mexico Industrial,16.6
2026-07-13,SOL-BAC,LATAM,Mexico Industrial,26.8
2026-07-20,SOL-BAC,LATAM,Mexico Industrial,19.7
2026-07-27,SOL-BAC,LATAM,Mexico Industrial,22.6
2026-08-03,SOL-BAC,LATAM,Mexico Industrial,33.6
2026-08-10,SOL-BAC,LATAM,Mexico Industrial,21.5
2026-08-17,SOL-BAC,LATAM,Mexico Industrial,25.2
2026-08-24,SOL-BAC,LATAM,Mexico Industrial,24.4
2026-08-31,SOL-BAC,LATAM,Mexico Industrial,18.6
2026-09-07,SOL-BAC,LATAM,Mexico Industrial,26.2
2026-09-14,SOL-BAC,LATAM,Mexico Industrial,16.8
2026-09-21,SOL-BAC,LATAM,Mexico Industrial,26.3
2026-09-28,SOL-BAC,LATAM,Mexico Industrial,16.9
2024-10-07,SUR-LAS,NAM,Apex Coatings,72.2
2024-10-14,SUR-LAS,NAM,Apex Coatings,75.0
2024-10-21,SUR-LAS,NAM,Apex Coatings,69.7
2024-10-28,SUR-LAS,NAM,Apex Coatings,54.8
2024-11-04,SUR-LAS,NAM,Apex Coatings,57.6
2024-11-11,SUR-LAS,NAM,Apex Coatings,61.6
2024-11-18,SUR-LAS,NAM,Apex Coatings,91.7
2024-11-25,SUR-LAS,NAM,Apex Coatings,54.3
2024-12-02,SUR-LAS,NAM,Apex Coatings,54.8
2024-12-09,SUR-LAS,NAM,Apex Coatings,50.8
2024-12-16,SUR-LAS,NAM,Apex Coatings,47.1
2024-12-23,SUR-LAS,NAM,Apex Coatings,70.3
2024-12-30,SUR-LAS,NAM,Apex Coatings,68.1
2025-01-06,SUR-LAS,NAM,Apex Coatings,88.2
2025-01-13,SUR-LAS,NAM,Apex Coatings,84.9
2025-01-20,SUR-LAS,NAM,Apex Coatings,114.8
2025-01-27,SUR-LAS,NAM,Apex Coatings,67.9
2025-02-03,SUR-LAS,NAM,Apex Coatings,66.0
2025-02-10,SUR-LAS,NAM,Apex Coatings,51.8
2025-02-17,SUR-LAS,NAM,Apex Coatings,80.7
2025-02-24,SUR-LAS,NAM,Apex Coatings,70.3
2025-03-03,SUR-LAS,NAM,Apex Coatings,79.7
2025-03-10,SUR-LAS,NAM,Apex Coatings,53.6
2025-03-17,SUR-LAS,NAM,Apex Coatings,73.8
2025-03-24,SUR-LAS,NAM,Apex Coatings,70.8
2025-03-31,SUR-LAS,NAM,Apex Coatings,70.5
2025-04-07,SUR-LAS,NAM,Apex Coatings,58.5
2025-04-14,SUR-LAS,NAM,Apex Coatings,86.8
2025-04-21,SUR-LAS,NAM,Apex Coatings,103.7
2025-04-28,SUR-LAS,NAM,Apex Coatings,51.9
2025-05-05,SUR-LAS,NAM,Apex Coatings,77.4
2025-05-12,SUR-LAS,NAM,Apex Coatings,35.0
2025-05-19,SUR-LAS,NAM,Apex Coatings,76.1
2025-05-26,SUR-LAS,NAM,Apex Coatings,44.5
2025-06-02,SUR-LAS,NAM,Apex Coatings,59.0
2025-06-09,SUR-LAS,NAM,Apex Coatings,49.0
2025-06-16,SUR-LAS,NAM,Apex Coatings,61.0
2025-06-23,SUR-LAS,NAM,Apex Coatings,77.2
2025-06-30,SUR-LAS,NAM,Apex Coatings,43.1
2025-07-07,SUR-LAS,NAM,Apex Coatings,59.5
2025-07-14,SUR-LAS,NAM,Apex Coatings,56.8
2025-07-21,SUR-LAS,NAM,Apex Coatings,88.3
2025-07-28,SUR-LAS,NAM,Apex Coatings,69.1
2025-08-04,SUR-LAS,NAM,Apex Coatings,48.9
2025-08-11,SUR-LAS,NAM,Apex Coatings,57.7
2025-08-18,SUR-LAS,NAM,Apex Coatings,89.3
2025-08-25,SUR-LAS,NAM,Apex Coatings,74.3
2025-09-01,SUR-LAS,NAM,Apex Coatings,52.3
2025-09-08,SUR-LAS,NAM,Apex Coatings,60.6
2025-09-15,SUR-LAS,NAM,Apex Coatings,62.2
2025-09-22,SUR-LAS,NAM,Apex Coatings,58.6
2025-09-29,SUR-LAS,NAM,Apex Coatings,46.0
2025-10-06,SUR-LAS,NAM,Apex Coatings,58.4
2025-10-13,SUR-LAS,NAM,Apex Coatings,92.8
2025-10-20,SUR-LAS,NAM,Apex Coatings,64.0
2025-10-27,SUR-LAS,NAM,Apex Coatings,67.3
2025-11-03,SUR-LAS,NAM,Apex Coatings,71.3
2025-11-10,SUR-LAS,NAM,Apex Coatings,113.1
2025-11-17,SUR-LAS,NAM,Apex Coatings,69.5
2025-11-24,SUR-LAS,NAM,Apex Coatings,88.6
2025-12-01,SUR-LAS,NAM,Apex Coatings,62.8
2025-12-08,SUR-LAS,NAM,Apex Coatings,67.5
2025-12-15,SUR-LAS,NAM,Apex Coatings,73.2
2025-12-22,SUR-LAS,NAM,Apex Coatings,60.6
2025-12-29,SUR-LAS,NAM,Apex Coatings,68.7
2026-01-05,SUR-LAS,NAM,Apex Coatings,88.3
2026-01-12,SUR-LAS,NAM,Apex Coatings,61.5
2026-01-19,SUR-LAS,NAM,Apex Coatings,74.4
2026-01-26,SUR-LAS,NAM,Apex Coatings,88.0
2026-02-02,SUR-LAS,NAM,Apex Coatings,62.6
2026-02-09,SUR-LAS,NAM,Apex Coatings,95.2
2026-02-16,SUR-LAS,NAM,Apex Coatings,77.1
2026-02-23,SUR-LAS,NAM,Apex Coatings,72.8
2026-03-02,SUR-LAS,NAM,Apex Coatings,47.5
2026-03-09,SUR-LAS,NAM,Apex Coatings,66.9
2026-03-16,SUR-LAS,NAM,Apex Coatings,77.8
2026-03-23,SUR-LAS,NAM,Apex Coatings,105.3
2026-03-30,SUR-LAS,NAM,Apex Coatings,80.8
2026-04-06,SUR-LAS,NAM,Apex Coatings,91.8
2026-04-13,SUR-LAS,NAM,Apex Coatings,54.3
2026-04-20,SUR-LAS,NAM,Apex Coatings,68.7
2026-04-27,SUR-LAS,NAM,Apex Coatings,92.2
2026-05-04,SUR-LAS,NAM,Apex Coatings,57.5
2026-05-11,SUR-LAS,NAM,Apex Coatings,86.2
2026-05-18,SUR-LAS,NAM,Apex Coatings,80.5
2026-05-25,SUR-LAS,NAM,Apex Coatings,71.8
2026-06-01,SUR-LAS,NAM,Apex Coatings,62.1
2026-06-08,SUR-LAS,NAM,Apex Coatings,52.5
2026-06-15,SUR-LAS,NAM,Apex Coatings,96.3
2026-06-22,SUR-LAS,NAM,Apex Coatings,74.0
2026-06-29,SUR-LAS,NAM,Apex Coatings,69.0
2026-07-06,SUR-LAS,NAM,Apex Coatings,58.4
2026-07-13,SUR-LAS,NAM,Apex Coatings,64.6
2026-07-20,SUR-LAS,NAM,Apex Coatings,66.8
2026-07-27,SUR-LAS,NAM,Apex Coatings,70.2
2026-08-03,SUR-LAS,NAM,Apex Coatings,75.1
2026-08-10,SUR-LAS,NAM,Apex Coatings,53.5
2026-08-17,SUR-LAS,NAM,Apex Coatings,45.1
2026-08-24,SUR-LAS,NAM,Apex Coatings,62.3
2026-08-31,SUR-LAS,NAM,Apex Coatings,40.9
2026-09-07,SUR-LAS,NAM,Apex Coatings,55.2
2026-09-14,SUR-LAS,NAM,Apex Coatings,53.6
2026-09-21,SUR-LAS,NAM,Apex Coatings,66.4
2026-09-28,SUR-LAS,NAM,Apex Coatings,92.3
2024-10-07,SUR-LAS,NAM,Midwest Plastics,42.3
2024-10-14,SUR-LAS,NAM,Midwest Plastics,108.0
2024-10-21,SUR-LAS,NAM,Midwest Plastics,62.7
2024-10-28,SUR-LAS,NAM,Midwest Plastics,71.9
2024-11-04,SUR-LAS,NAM,Midwest Plastics,48.5
2024-11-11,SUR-LAS,NAM,Midwest Plastics,84.0
2024-11-18,SUR-LAS,NAM,Midwest Plastics,69.3
2024-11-25,SUR-LAS,NAM,Midwest Plastics,66.7
2024-12-02,SUR-LAS,NAM,Midwest Plastics,43.6
2024-12-09,SUR-LAS,NAM,Midwest Plastics,68.8
2024-12-16,SUR-LAS,NAM,Midwest Plastics,81.7
2024-12-23,SUR-LAS,NAM,Midwest Plastics,64.8
2024-12-30,SUR-LAS,NAM,Midwest Plastics,87.6
2025-01-06,SUR-LAS,NAM,Midwest Plastics,88.6
2025-01-13,SUR-LAS,NAM,Midwest Plastics,60.9
2025-01-20,SUR-LAS,NAM,Midwest Plastics,100.0
2025-01-27,SUR-LAS,NAM,Midwest Plastics,72.4
2025-02-03,SUR-LAS,NAM,Midwest Plastics,73.4
2025-02-10,SUR-LAS,NAM,Midwest Plastics,73.2
2025-02-17,SUR-LAS,NAM,Midwest Plastics,73.1
2025-02-24,SUR-LAS,NAM,Midwest Plastics,39.9
2025-03-03,SUR-LAS,NAM,Midwest Plastics,68.9
2025-03-10,SUR-LAS,NAM,Midwest Plastics,53.0
2025-03-17,SUR-LAS,NAM,Midwest Plastics,101.5
2025-03-24,SUR-LAS,NAM,Midwest Plastics,99.7
2025-03-31,SUR-LAS,NAM,Midwest Plastics,85.7
2025-04-07,SUR-LAS,NAM,Midwest Plastics,67.0
2025-04-14,SUR-LAS,NAM,Midwest Plastics,55.6
2025-04-21,SUR-LAS,NAM,Midwest Plastics,59.4
2025-04-28,SUR-LAS,NAM,Midwest Plastics,105.5
2025-05-05,SUR-LAS,NAM,Midwest Plastics,58.9
2025-05-12,SUR-LAS,NAM,Midwest Plastics,40.8
2025-05-19,SUR-LAS,NAM,Midwest Plastics,85.6
2025-05-26,SUR-LAS,NAM,Midwest Plastics,97.0
2025-06-02,SUR-LAS,NAM,Midwest Plastics,99.2
2025-06-09,SUR-LAS,NAM,Midwest Plastics,85.4
2025-06-16,SUR-LAS,NAM,Midwest Plastics,86.6
2025-06-23,SUR-LAS,NAM,Midwest Plastics,67.5
2025-06-30,SUR-LAS,NAM,Midwest Plastics,42.6
2025-07-07,SUR-LAS,NAM,Midwest Plastics,67.4
2025-07-14,SUR-LAS,NAM,Midwest Plastics,75.7
2025-07-21,SUR-LAS,NAM,Midwest Plastics,62.9
2025-07-28,SUR-LAS,NAM,Midwest Plastics,62.8
2025-08-04,SUR-LAS,NAM,Midwest Plastics,53.3
2025-08-11,SUR-LAS,NAM,Midwest Plastics,53.3
2025-08-18,SUR-LAS,NAM,Midwest Plastics,98.7
2025-08-25,SUR-LAS,NAM,Midwest Plastics,99.7
2025-09-01,SUR-LAS,NAM,Midwest Plastics,66.5
2025-09-08,SUR-LAS,NAM,Midwest Plastics,71.1
2025-09-15,SUR-LAS,NAM,Midwest Plastics,54.9
2025-09-22,SUR-LAS,NAM,Midwest Plastics,78.9
2025-09-29,SUR-LAS,NAM,Midwest Plastics,102.5
2025-10-06,SUR-LAS,NAM,Midwest Plastics,50.3
2025-10-13,SUR-LAS,NAM,Midwest Plastics,78.6
2025-10-20,SUR-LAS,NAM,Midwest Plastics,81.4
2025-10-27,SUR-LAS,NAM,Midwest Plastics,80.3
2025-11-03,SUR-LAS,NAM,Midwest Plastics,103.1
2025-11-10,SUR-LAS,NAM,Midwest Plastics,112.9
2025-11-17,SUR-LAS,NAM,Midwest Plastics,68.5
2025-11-24,SUR-LAS,NAM,Midwest Plastics,83.9
2025-12-01,SUR-LAS,NAM,Midwest Plastics,75.8
2025-12-08,SUR-LAS,NAM,Midwest Plastics,64.6
2025-12-15,SUR-LAS,NAM,Midwest Plastics,80.6
2025-12-22,SUR-LAS,NAM,Midwest Plastics,86.5
2025-12-29,SUR-LAS,NAM,Midwest Plastics,78.4
2026-01-05,SUR-LAS,NAM,Midwest Plastics,62.2
2026-01-12,SUR-LAS,NAM,Midwest Plastics,68.8
2026-01-19,SUR-LAS,NAM,Midwest Plastics,69.9
2026-01-26,SUR-LAS,NAM,Midwest Plastics,65.0
2026-02-02,SUR-LAS,NAM,Midwest Plastics,83.6
2026-02-09,SUR-LAS,NAM,Midwest Plastics,85.2
2026-02-16,SUR-LAS,NAM,Midwest Plastics,97.8
2026-02-23,SUR-LAS,NAM,Midwest Plastics,64.9
2026-03-02,SUR-LAS,NAM,Midwest Plastics,67.6
2026-03-09,SUR-LAS,NAM,Midwest Plastics,106.3
2026-03-16,SUR-LAS,NAM,Midwest Plastics,71.8
2026-03-23,SUR-LAS,NAM,Midwest Plastics,75.0
2026-03-30,SUR-LAS,NAM,Midwest Plastics,71.3
2026-04-06,SUR-LAS,NAM,Midwest Plastics,95.5
2026-04-13,SUR-LAS,NAM,Midwest Plastics,95.2
2026-04-20,SUR-LAS,NAM,Midwest Plastics,93.8
2026-04-27,SUR-LAS,NAM,Midwest Plastics,73.7
2026-05-04,SUR-LAS,NAM,Midwest Plastics,60.0
2026-05-11,SUR-LAS,NAM,Midwest Plastics,110.7
2026-05-18,SUR-LAS,NAM,Midwest Plastics,86.0
2026-05-25,SUR-LAS,NAM,Midwest Plastics,63.6
2026-06-01,SUR-LAS,NAM,Midwest Plastics,94.9
2026-06-08,SUR-LAS,NAM,Midwest Plastics,60.3
2026-06-15,SUR-LAS,NAM,Midwest Plastics,92.3
2026-06-22,SUR-LAS,NAM,Midwest Plastics,92.6
2026-06-29,SUR-LAS,NAM,Midwest Plastics,54.3
2026-07-06,SUR-LAS,NAM,Midwest Plastics,75.6
2026-07-13,SUR-LAS,NAM,Midwest Plastics,79.0
2026-07-20,SUR-LAS,NAM,Midwest Plastics,119.0
2026-07-27,SUR-LAS,NAM,Midwest Plastics,56.7
2026-08-03,SUR-LAS,NAM,Midwest Plastics,91.0
2026-08-10,SUR-LAS,NAM,Midwest Plastics,66.3
2026-08-17,SUR-LAS,NAM,Midwest Plastics,49.3
2026-08-24,SUR-LAS,NAM,Midwest Plastics,61.9
2026-08-31,SUR-LAS,NAM,Midwest Plastics,62.4
2026-09-07,SUR-LAS,NAM,Midwest Plastics,48.8
2026-09-14,SUR-LAS,NAM,Midwest Plastics,66.7
2026-09-21,SUR-LAS,NAM,Midwest Plastics,76.5
2026-09-28,SUR-LAS,NAM,Midwest Plastics,65.4
2024-10-07,SUR-LAS,NAM,Gulf Packaging,39.3
2024-10-14,SUR-LAS,NAM,Gulf Packaging,43.2
2024-10-21,SUR-LAS,NAM,Gulf Packaging,45.0
2024-10-28,SUR-LAS,NAM,Gulf Packaging,47.6
2024-11-04,SUR-LAS,NAM,Gulf Packaging,57.6
2024-11-11,SUR-LAS,NAM,Gulf Packaging,48.8
2024-11-18,SUR-LAS,NAM,Gulf Packaging,34.4
2024-11-25,SUR-LAS,NAM,Gulf Packaging,40.7
2024-12-02,SUR-LAS,NAM,Gulf Packaging,47.2
2024-12-09,SUR-LAS,NAM,Gulf Packaging,59.1
2024-12-16,SUR-LAS,NAM,Gulf Packaging,61.5
2024-12-23,SUR-LAS,NAM,Gulf Packaging,68.8
2024-12-30,SUR-LAS,NAM,Gulf Packaging,47.5
2025-01-06,SUR-LAS,NAM,Gulf Packaging,55.7
2025-01-13,SUR-LAS,NAM,Gulf Packaging,34.7
2025-01-20,SUR-LAS,NAM,Gulf Packaging,52.8
2025-01-27,SUR-LAS,NAM,Gulf Packaging,38.6
2025-02-03,SUR-LAS,NAM,Gulf Packaging,48.8
2025-02-10,SUR-LAS,NAM,Gulf Packaging,95.1
2025-02-17,SUR-LAS,NAM,Gulf Packaging,52.5
2025-02-24,SUR-LAS,NAM,Gulf Packaging,40.1
2025-03-03,SUR-LAS,NAM,Gulf Packaging,53.5
2025-03-10,SUR-LAS,NAM,Gulf Packaging,43.6
2025-03-17,SUR-LAS,NAM,Gulf Packaging,39.2
2025-03-24,SUR-LAS,NAM,Gulf Packaging,76.1
2025-03-31,SUR-LAS,NAM,Gulf Packaging,61.2
2025-04-07,SUR-LAS,NAM,Gulf Packaging,52.0
2025-04-14,SUR-LAS,NAM,Gulf Packaging,43.4
2025-04-21,SUR-LAS,NAM,Gulf Packaging,43.7
2025-04-28,SUR-LAS,NAM,Gulf Packaging,65.9
2025-05-05,SUR-LAS,NAM,Gulf Packaging,50.1
2025-05-12,SUR-LAS,NAM,Gulf Packaging,23.7
2025-05-19,SUR-LAS,NAM,Gulf Packaging,79.2
2025-05-26,SUR-LAS,NAM,Gulf Packaging,49.5
2025-06-02,SUR-LAS,NAM,Gulf Packaging,50.6
2025-06-09,SUR-LAS,NAM,Gulf Packaging,58.9
2025-06-16,SUR-LAS,NAM,Gulf Packaging,50.2
2025-06-23,SUR-LAS,NAM,Gulf Packaging,53.6
2025-06-30,SUR-LAS,NAM,Gulf Packaging,41.8
2025-07-07,SUR-LAS,NAM,Gulf Packaging,34.8
2025-07-14,SUR-LAS,NAM,Gulf Packaging,47.9
2025-07-21,SUR-LAS,NAM,Gulf Packaging,60.6
2025-07-28,SUR-LAS,NAM,Gulf Packaging,38.6
2025-08-04,SUR-LAS,NAM,Gulf Packaging,38.3
2025-08-11,SUR-LAS,NAM,Gulf Packaging,59.3
2025-08-18,SUR-LAS,NAM,Gulf Packaging,40.6
2025-08-25,SUR-LAS,NAM,Gulf Packaging,41.1
2025-09-01,SUR-LAS,NAM,Gulf Packaging,41.8
2025-09-08,SUR-LAS,NAM,Gulf Packaging,44.9
2025-09-15,SUR-LAS,NAM,Gulf Packaging,32.8
2025-09-22,SUR-LAS,NAM,Gulf Packaging,41.5
2025-09-29,SUR-LAS,NAM,Gulf Packaging,49.9
2025-10-06,SUR-LAS,NAM,Gulf Packaging,50.5
2025-10-13,SUR-LAS,NAM,Gulf Packaging,62.5
2025-10-20,SUR-LAS,NAM,Gulf Packaging,73.9
2025-10-27,SUR-LAS,NAM,Gulf Packaging,68.0
2025-11-03,SUR-LAS,NAM,Gulf Packaging,59.9
2025-11-10,SUR-LAS,NAM,Gulf Packaging,47.6
2025-11-17,SUR-LAS,NAM,Gulf Packaging,42.8
2025-11-24,SUR-LAS,NAM,Gulf Packaging,49.5
2025-12-01,SUR-LAS,NAM,Gulf Packaging,57.7
2025-12-08,SUR-LAS,NAM,Gulf Packaging,60.7
2025-12-15,SUR-LAS,NAM,Gulf Packaging,59.4
2025-12-22,SUR-LAS,NAM,Gulf Packaging,49.5
2025-12-29,SUR-LAS,NAM,Gulf Packaging,60.6
2026-01-05,SUR-LAS,NAM,Gulf Packaging,67.9
2026-01-12,SUR-LAS,NAM,Gulf Packaging,63.1
2026-01-19,SUR-LAS,NAM,Gulf Packaging,52.3
2026-01-26,SUR-LAS,NAM,Gulf Packaging,44.4
2026-02-02,SUR-LAS,NAM,Gulf Packaging,44.1
2026-02-09,SUR-LAS,NAM,Gulf Packaging,45.6
2026-02-16,SUR-LAS,NAM,Gulf Packaging,56.9
2026-02-23,SUR-LAS,NAM,Gulf Packaging,60.0
2026-03-02,SUR-LAS,NAM,Gulf Packaging,38.4
2026-03-09,SUR-LAS,NAM,Gulf Packaging,46.1
2026-03-16,SUR-LAS,NAM,Gulf Packaging,53.6
2026-03-23,SUR-LAS,NAM,Gulf Packaging,41.7
2026-03-30,SUR-LAS,NAM,Gulf Packaging,55.6
2026-04-06,SUR-LAS,NAM,Gulf Packaging,47.4
2026-04-13,SUR-LAS,NAM,Gulf Packaging,42.8
2026-04-20,SUR-LAS,NAM,Gulf Packaging,50.7
2026-04-27,SUR-LAS,NAM,Gulf Packaging,54.5
2026-05-04,SUR-LAS,NAM,Gulf Packaging,41.1
2026-05-11,SUR-LAS,NAM,Gulf Packaging,46.8
2026-05-18,SUR-LAS,NAM,Gulf Packaging,53.8
2026-05-25,SUR-LAS,NAM,Gulf Packaging,40.5
2026-06-01,SUR-LAS,NAM,Gulf Packaging,32.8
2026-06-08,SUR-LAS,NAM,Gulf Packaging,33.0
2026-06-15,SUR-LAS,NAM,Gulf Packaging,42.1
2026-06-22,SUR-LAS,NAM,Gulf Packaging,34.1
2026-06-29,SUR-LAS,NAM,Gulf Packaging,42.0
2026-07-06,SUR-LAS,NAM,Gulf Packaging,65.4
2026-07-13,SUR-LAS,NAM,Gulf Packaging,33.5
2026-07-20,SUR-LAS,NAM,Gulf Packaging,42.9
2026-07-27,SUR-LAS,NAM,Gulf Packaging,72.8
2026-08-03,SUR-LAS,NAM,Gulf Packaging,49.5
2026-08-10,SUR-LAS,NAM,Gulf Packaging,41.5
2026-08-17,SUR-LAS,NAM,Gulf Packaging,42.6
2026-08-24,SUR-LAS,NAM,Gulf Packaging,47.6
2026-08-31,SUR-LAS,NAM,Gulf Packaging,61.8
2026-09-07,SUR-LAS,NAM,Gulf Packaging,37.4
2026-09-14,SUR-LAS,NAM,Gulf Packaging,35.9
2026-09-21,SUR-LAS,NAM,Gulf Packaging,31.2
2026-09-28,SUR-LAS,NAM,Gulf Packaging,43.3
2024-10-07,SUR-LAS,EU,Rhein Composites,47.1
2024-10-14,SUR-LAS,EU,Rhein Composites,48.1
2024-10-21,SUR-LAS,EU,Rhein Composites,36.1
2024-10-28,SUR-LAS,EU,Rhein Composites,43.2
2024-11-04,SUR-LAS,EU,Rhein Composites,77.9
2024-11-11,SUR-LAS,EU,Rhein Composites,58.4
2024-11-18,SUR-LAS,EU,Rhein Composites,46.4
2024-11-25,SUR-LAS,EU,Rhein Composites,98.7
2024-12-02,SUR-LAS,EU,Rhein Composites,39.2
2024-12-09,SUR-LAS,EU,Rhein Composites,62.8
2024-12-16,SUR-LAS,EU,Rhein Composites,35.1
2024-12-23,SUR-LAS,EU,Rhein Composites,46.4
2024-12-30,SUR-LAS,EU,Rhein Composites,35.9
2025-01-06,SUR-LAS,EU,Rhein Composites,51.3
2025-01-13,SUR-LAS,EU,Rhein Composites,49.1
2025-01-20,SUR-LAS,EU,Rhein Composites,45.4
2025-01-27,SUR-LAS,EU,Rhein Composites,62.0
2025-02-03,SUR-LAS,EU,Rhein Composites,44.2
2025-02-10,SUR-LAS,EU,Rhein Composites,53.5
2025-02-17,SUR-LAS,EU,Rhein Composites,58.8
2025-02-24,SUR-LAS,EU,Rhein Composites,35.5
2025-03-03,SUR-LAS,EU,Rhein Composites,41.6
2025-03-10,SUR-LAS,EU,Rhein Composites,50.5
2025-03-17,SUR-LAS,EU,Rhein Composites,57.9
2025-03-24,SUR-LAS,EU,Rhein Composites,69.0
2025-03-31,SUR-LAS,EU,Rhein Composites,48.7
2025-04-07,SUR-LAS,EU,Rhein Composites,46.5
2025-04-14,SUR-LAS,EU,Rhein Composites,40.6
2025-04-21,SUR-LAS,EU,Rhein Composites,51.8
2025-04-28,SUR-LAS,EU,Rhein Composites,44.5
2025-05-05,SUR-LAS,EU,Rhein Composites,43.5
2025-05-12,SUR-LAS,EU,Rhein Composites,45.3
2025-05-19,SUR-LAS,EU,Rhein Composites,51.5
2025-05-26,SUR-LAS,EU,Rhein Composites,39.1
2025-06-02,SUR-LAS,EU,Rhein Composites,36.5
2025-06-09,SUR-LAS,EU,Rhein Composites,47.4
2025-06-16,SUR-LAS,EU,Rhein Composites,22.2
2025-06-23,SUR-LAS,EU,Rhein Composites,38.7
2025-06-30,SUR-LAS,EU,Rhein Composites,35.5
2025-07-07,SUR-LAS,EU,Rhein Composites,59.5
2025-07-14,SUR-LAS,EU,Rhein Composites,40.8
2025-07-21,SUR-LAS,EU,Rhein Composites,38.5
2025-07-28,SUR-LAS,EU,Rhein Composites,42.9
2025-08-04,SUR-LAS,EU,Rhein Composites,37.6
2025-08-11,SUR-LAS,EU,Rhein Composites,39.0
2025-08-18,SUR-LAS,EU,Rhein Composites,43.1
2025-08-25,SUR-LAS,EU,Rhein Composites,38.5
2025-09-01,SUR-LAS,EU,Rhein Composites,39.1
2025-09-08,SUR-LAS,EU,Rhein Composites,34.5
2025-09-15,SUR-LAS,EU,Rhein Composites,33.6
2025-09-22,SUR-LAS,EU,Rhein Composites,43.4
2025-09-29,SUR-LAS,EU,Rhein Composites,44.9
2025-10-06,SUR-LAS,EU,Rhein Composites,30.7
2025-10-13,SUR-LAS,EU,Rhein Composites,50.1
2025-10-20,SUR-LAS,EU,Rhein Composites,51.8
2025-10-27,SUR-LAS,EU,Rhein Composites,54.7
2025-11-03,SUR-LAS,EU,Rhein Composites,48.3
2025-11-10,SUR-LAS,EU,Rhein Composites,51.9
2025-11-17,SUR-LAS,EU,Rhein Composites,72.4
2025-11-24,SUR-LAS,EU,Rhein Composites,41.6
2025-12-01,SUR-LAS,EU,Rhein Composites,35.2
2025-12-08,SUR-LAS,EU,Rhein Composites,32.9
2025-12-15,SUR-LAS,EU,Rhein Composites,67.5
2025-12-22,SUR-LAS,EU,Rhein Composites,68.9
2025-12-29,SUR-LAS,EU,Rhein Composites,37.9
2026-01-05,SUR-LAS,EU,Rhein Composites,40.2
2026-01-12,SUR-LAS,EU,Rhein Composites,44.5
2026-01-19,SUR-LAS,EU,Rhein Composites,62.5
2026-01-26,SUR-LAS,EU,Rhein Composites,36.1
2026-02-02,SUR-LAS,EU,Rhein Composites,30.8
2026-02-09,SUR-LAS,EU,Rhein Composites,76.8
2026-02-16,SUR-LAS,EU,Rhein Composites,50.8
2026-02-23,SUR-LAS,EU,Rhein Composites,51.5
2026-03-02,SUR-LAS,EU,Rhein Composites,43.5
2026-03-09,SUR-LAS,EU,Rhein Composites,50.5
2026-03-16,SUR-LAS,EU,Rhein Composites,33.3
2026-03-23,SUR-LAS,EU,Rhein Composites,38.4
2026-03-30,SUR-LAS,EU,Rhein Composites,47.0
2026-04-06,SUR-LAS,EU,Rhein Composites,27.8
2026-04-13,SUR-LAS,EU,Rhein Composites,43.5
2026-04-20,SUR-LAS,EU,Rhein Composites,42.6
2026-04-27,SUR-LAS,EU,Rhein Composites,42.6
2026-05-04,SUR-LAS,EU,Rhein Composites,40.6
2026-05-11,SUR-LAS,EU,Rhein Composites,36.7
2026-05-18,SUR-LAS,EU,Rhein Composites,31.1
2026-05-25,SUR-LAS,EU,Rhein Composites,47.5
2026-06-01,SUR-LAS,EU,Rhein Composites,42.0
2026-06-08,SUR-LAS,EU,Rhein Composites,32.3
2026-06-15,SUR-LAS,EU,Rhein Composites,45.0
2026-06-22,SUR-LAS,EU,Rhein Composites,42.1
2026-06-29,SUR-LAS,EU,Rhein Composites,40.4
2026-07-06,SUR-LAS,EU,Rhein Composites,27.5
2026-07-13,SUR-LAS,EU,Rhein Composites,52.1
2026-07-20,SUR-LAS,EU,Rhein Composites,33.5
2026-07-27,SUR-LAS,EU,Rhein Composites,43.8
2026-08-03,SUR-LAS,EU,Rhein Composites,36.5
2026-08-10,SUR-LAS,EU,Rhein Composites,39.7
2026-08-17,SUR-LAS,EU,Rhein Composites,55.0
2026-08-24,SUR-LAS,EU,Rhein Composites,47.1
2026-08-31,SUR-LAS,EU,Rhein Composites,53.0
2026-09-07,SUR-LAS,EU,Rhein Composites,44.8
2026-09-14,SUR-LAS,EU,Rhein Composites,44.7
2026-09-21,SUR-LAS,EU,Rhein Composites,27.7
2026-09-28,SUR-LAS,EU,Rhein Composites,36.4
2024-10-07,SUR-LAS,EU,Nordic Paints,74.9
2024-10-14,SUR-LAS,EU,Nordic Paints,103.8
2024-10-21,SUR-LAS,EU,Nordic Paints,71.5
2024-10-28,SUR-LAS,EU,Nordic Paints,85.4
2024-11-04,SUR-LAS,EU,Nordic Paints,85.4
2024-11-11,SUR-LAS,EU,Nordic Paints,104.1
2024-11-18,SUR-LAS,EU,Nordic Paints,78.6
2024-11-25,SUR-LAS,EU,Nordic Paints,99.4
2024-12-02,SUR-LAS,EU,Nordic Paints,56.0
2024-12-09,SUR-LAS,EU,Nordic Paints,57.8
2024-12-16,SUR-LAS,EU,Nordic Paints,50.5
2024-12-23,SUR-LAS,EU,Nordic Paints,98.8
2024-12-30,SUR-LAS,EU,Nordic Paints,95.0
2025-01-06,SUR-LAS,EU,Nordic Paints,100.3
2025-01-13,SUR-LAS,EU,Nordic Paints,70.9
2025-01-20,SUR-LAS,EU,Nordic Paints,72.9
2025-01-27,SUR-LAS,EU,Nordic Paints,80.5
2025-02-03,SUR-LAS,EU,Nordic Paints,116.7
2025-02-10,SUR-LAS,EU,Nordic Paints,122.7
2025-02-17,SUR-LAS,EU,Nordic Paints,99.1
2025-02-24,SUR-LAS,EU,Nordic Paints,89.8
2025-03-03,SUR-LAS,EU,Nordic Paints,111.8
2025-03-10,SUR-LAS,EU,Nordic Paints,80.1
2025-03-17,SUR-LAS,EU,Nordic Paints,78.5
2025-03-24,SUR-LAS,EU,Nordic Paints,83.2
2025-03-31,SUR-LAS,EU,Nordic Paints,69.9
2025-04-07,SUR-LAS,EU,Nordic Paints,81.3
2025-04-14,SUR-LAS,EU,Nordic Paints,65.3
2025-04-21,SUR-LAS,EU,Nordic Paints,102.4
2025-04-28,SUR-LAS,EU,Nordic Paints,90.9
2025-05-05,SUR-LAS,EU,Nordic Paints,107.3
2025-05-12,SUR-LAS,EU,Nordic Paints,54.8
2025-05-19,SUR-LAS,EU,Nordic Paints,117.6
2025-05-26,SUR-LAS,EU,Nordic Paints,53.2
2025-06-02,SUR-LAS,EU,Nordic Paints,56.4
2025-06-09,SUR-LAS,EU,Nordic Paints,63.8
2025-06-16,SUR-LAS,EU,Nordic Paints,97.8
2025-06-23,SUR-LAS,EU,Nordic Paints,78.9
2025-06-30,SUR-LAS,EU,Nordic Paints,73.5
2025-07-07,SUR-LAS,EU,Nordic Paints,65.1
2025-07-14,SUR-LAS,EU,Nordic Paints,56.4
2025-07-21,SUR-LAS,EU,Nordic Paints,94.7
2025-07-28,SUR-LAS,EU,Nordic Paints,87.7
2025-08-04,SUR-LAS,EU,Nordic Paints,97.9
2025-08-11,SUR-LAS,EU,Nordic Paints,78.9
2025-08-18,SUR-LAS,EU,Nordic Paints,40.0
2025-08-25,SUR-LAS,EU,Nordic Paints,54.5
2025-09-01,SUR-LAS,EU,Nordic Paints,80.7
2025-09-08,SUR-LAS,EU,Nordic Paints,67.4
2025-09-15,SUR-LAS,EU,Nordic Paints,64.9
2025-09-22,SUR-LAS,EU,Nordic Paints,57.0
2025-09-29,SUR-LAS,EU,Nordic Paints,87.8
2025-10-06,SUR-LAS,EU,Nordic Paints,78.9
2025-10-13,SUR-LAS,EU,Nordic Paints,80.3
2025-10-20,SUR-LAS,EU,Nordic Paints,64.7
2025-10-27,SUR-LAS,EU,Nordic Paints,77.9
2025-11-03,SUR-LAS,EU,Nordic Paints,57.1
2025-11-10,SUR-LAS,EU,Nordic Paints,74.4
2025-11-17,SUR-LAS,EU,Nordic Paints,43.6
2025-11-24,SUR-LAS,EU,Nordic Paints,53.4
2025-12-01,SUR-LAS,EU,Nordic Paints,70.1
2025-12-08,SUR-LAS,EU,Nordic Paints,131.8
2025-12-15,SUR-LAS,EU,Nordic Paints,52.4
2025-12-22,SUR-LAS,EU,Nordic Paints,60.2
2025-12-29,SUR-LAS,EU,Nordic Paints,82.7
2026-01-05,SUR-LAS,EU,Nordic Paints,118.1
2026-01-12,SUR-LAS,EU,Nordic Paints,84.9
2026-01-19,SUR-LAS,EU,Nordic Paints,94.6
2026-01-26,SUR-LAS,EU,Nordic Paints,75.4
2026-02-02,SUR-LAS,EU,Nordic Paints,71.9
2026-02-09,SUR-LAS,EU,Nordic Paints,82.4
2026-02-16,SUR-LAS,EU,Nordic Paints,69.6
2026-02-23,SUR-LAS,EU,Nordic Paints,92.8
2026-03-02,SUR-LAS,EU,Nordic Paints,54.3
2026-03-09,SUR-LAS,EU,Nordic Paints,94.2
2026-03-16,SUR-LAS,EU,Nordic Paints,79.4
2026-03-23,SUR-LAS,EU,Nordic Paints,74.7
2026-03-30,SUR-LAS,EU,Nordic Paints,54.3
2026-04-06,SUR-LAS,EU,Nordic Paints,62.7
2026-04-13,SUR-LAS,EU,Nordic Paints,102.6
2026-04-20,SUR-LAS,EU,Nordic Paints,74.7
2026-04-27,SUR-LAS,EU,Nordic Paints,82.1
2026-05-04,SUR-LAS,EU,Nordic Paints,64.1
2026-05-11,SUR-LAS,EU,Nordic Paints,77.0
2026-05-18,SUR-LAS,EU,Nordic Paints,58.2
2026-05-25,SUR-LAS,EU,Nordic Paints,79.8
2026-06-01,SUR-LAS,EU,Nordic Paints,82.7
2026-06-08,SUR-LAS,EU,Nordic Paints,79.5
2026-06-15,SUR-LAS,EU,Nordic Paints,61.8
2026-06-22,SUR-LAS,EU,Nordic Paints,70.8
2026-06-29,SUR-LAS,EU,Nordic Paints,85.3
2026-07-06,SUR-LAS,EU,Nordic Paints,71.6
2026-07-13,SUR-LAS,EU,Nordic Paints,71.4
2026-07-20,SUR-LAS,EU,Nordic Paints,113.5
2026-07-27,SUR-LAS,EU,Nordic Paints,59.5
2026-08-03,SUR-LAS,EU,Nordic Paints,93.7
2026-08-10,SUR-LAS,EU,Nordic Paints,57.0
2026-08-17,SUR-LAS,EU,Nordic Paints,83.6
2026-08-24,SUR-LAS,EU,Nordic Paints,83.0
2026-08-31,SUR-LAS,EU,Nordic Paints,62.7
2026-09-07,SUR-LAS,EU,Nordic Paints,54.1
2026-09-14,SUR-LAS,EU,Nordic Paints,45.1
2026-09-21,SUR-LAS,EU,Nordic Paints,60.7
2026-09-28,SUR-LAS,EU,Nordic Paints,74.4
2024-10-07,SUR-LAS,EU,Iberia Polymers,28.7
2024-10-14,SUR-LAS,EU,Iberia Polymers,37.4
2024-10-21,SUR-LAS,EU,Iberia Polymers,26.7
2024-10-28,SUR-LAS,EU,Iberia Polymers,35.4
2024-11-04,SUR-LAS,EU,Iberia Polymers,29.2
2024-11-11,SUR-LAS,EU,Iberia Polymers,36.7
2024-11-18,SUR-LAS,EU,Iberia Polymers,33.5
2024-11-25,SUR-LAS,EU,Iberia Polymers,29.5
2024-12-02,SUR-LAS,EU,Iberia Polymers,32.6
2024-12-09,SUR-LAS,EU,Iberia Polymers,31.0
2024-12-16,SUR-LAS,EU,Iberia Polymers,28.9
2024-12-23,SUR-LAS,EU,Iberia Polymers,48.7
2024-12-30,SUR-LAS,EU,Iberia Polymers,35.0
2025-01-06,SUR-LAS,EU,Iberia Polymers,23.4
2025-01-13,SUR-LAS,EU,Iberia Polymers,33.1
2025-01-20,SUR-LAS,EU,Iberia Polymers,46.6
2025-01-27,SUR-LAS,EU,Iberia Polymers,32.3
2025-02-03,SUR-LAS,EU,Iberia Polymers,54.6
2025-02-10,SUR-LAS,EU,Iberia Polymers,32.4
2025-02-17,SUR-LAS,EU,Iberia Polymers,43.0
2025-02-24,SUR-LAS,EU,Iberia Polymers,48.5
2025-03-03,SUR-LAS,EU,Iberia Polymers,42.5
2025-03-10,SUR-LAS,EU,Iberia Polymers,28.9
2025-03-17,SUR-LAS,EU,Iberia Polymers,32.1
2025-03-24,SUR-LAS,EU,Iberia Polymers,51.2
2025-03-31,SUR-LAS,EU,Iberia Polymers,33.6
2025-04-07,SUR-LAS,EU,Iberia Polymers,48.4
2025-04-14,SUR-LAS,EU,Iberia Polymers,35.1
2025-04-21,SUR-LAS,EU,Iberia Polymers,38.9
2025-04-28,SUR-LAS,EU,Iberia Polymers,27.5
2025-05-05,SUR-LAS,EU,Iberia Polymers,31.7
2025-05-12,SUR-LAS,EU,Iberia Polymers,29.9
2025-05-19,SUR-LAS,EU,Iberia Polymers,37.6
2025-05-26,SUR-LAS,EU,Iberia Polymers,35.5
2025-06-02,SUR-LAS,EU,Iberia Polymers,37.6
2025-06-09,SUR-LAS,EU,Iberia Polymers,30.4
2025-06-16,SUR-LAS,EU,Iberia Polymers,27.6
2025-06-23,SUR-LAS,EU,Iberia Polymers,36.1
2025-06-30,SUR-LAS,EU,Iberia Polymers,28.6
2025-07-07,SUR-LAS,EU,Iberia Polymers,45.4
2025-07-14,SUR-LAS,EU,Iberia Polymers,34.4
2025-07-21,SUR-LAS,EU,Iberia Polymers,31.7
2025-07-28,SUR-LAS,EU,Iberia Polymers,37.6
2025-08-04,SUR-LAS,EU,Iberia Polymers,33.0
2025-08-11,SUR-LAS,EU,Iberia Polymers,23.2
2025-08-18,SUR-LAS,EU,Iberia Polymers,26.2
2025-08-25,SUR-LAS,EU,Iberia Polymers,41.8
2025-09-01,SUR-LAS,EU,Iberia Polymers,34.3
2025-09-08,SUR-LAS,EU,Iberia Polymers,23.3
2025-09-15,SUR-LAS,EU,Iberia Polymers,36.7
2025-09-22,SUR-LAS,EU,Iberia Polymers,29.7
2025-09-29,SUR-LAS,EU,Iberia Polymers,27.2
2025-10-06,SUR-LAS,EU,Iberia Polymers,25.6
2025-10-13,SUR-LAS,EU,Iberia Polymers,41.4
2025-10-20,SUR-LAS,EU,Iberia Polymers,22.3
2025-10-27,SUR-LAS,EU,Iberia Polymers,28.8
2025-11-03,SUR-LAS,EU,Iberia Polymers,36.4
2025-11-10,SUR-LAS,EU,Iberia Polymers,50.1
2025-11-17,SUR-LAS,EU,Iberia Polymers,39.7
2025-11-24,SUR-LAS,EU,Iberia Polymers,28.9
2025-12-01,SUR-LAS,EU,Iberia Polymers,48.7
2025-12-08,SUR-LAS,EU,Iberia Polymers,26.8
2025-12-15,SUR-LAS,EU,Iberia Polymers,38.2
2025-12-22,SUR-LAS,EU,Iberia Polymers,40.7
2025-12-29,SUR-LAS,EU,Iberia Polymers,30.0
2026-01-05,SUR-LAS,EU,Iberia Polymers,43.1
2026-01-12,SUR-LAS,EU,Iberia Polymers,33.5
2026-01-19,SUR-LAS,EU,Iberia Polymers,43.6
2026-01-26,SUR-LAS,EU,Iberia Polymers,25.0
2026-02-02,SUR-LAS,EU,Iberia Polymers,40.0
2026-02-09,SUR-LAS,EU,Iberia Polymers,34.2
2026-02-16,SUR-LAS,EU,Iberia Polymers,47.9
2026-02-23,SUR-LAS,EU,Iberia Polymers,36.2
2026-03-02,SUR-LAS,EU,Iberia Polymers,47.0
2026-03-09,SUR-LAS,EU,Iberia Polymers,40.0
2026-03-16,SUR-LAS,EU,Iberia Polymers,35.4
2026-03-23,SUR-LAS,EU,Iberia Polymers,43.0
2026-03-30,SUR-LAS,EU,Iberia Polymers,42.9
2026-04-06,SUR-LAS,EU,Iberia Polymers,39.9
2026-04-13,SUR-LAS,EU,Iberia Polymers,22.0
2026-04-20,SUR-LAS,EU,Iberia Polymers,29.1
2026-04-27,SUR-LAS,EU,Iberia Polymers,48.4
2026-05-04,SUR-LAS,EU,Iberia Polymers,27.2
2026-05-11,SUR-LAS,EU,Iberia Polymers,43.5
2026-05-18,SUR-LAS,EU,Iberia Polymers,42.5
2026-05-25,SUR-LAS,EU,Iberia Polymers,30.7
2026-06-01,SUR-LAS,EU,Iberia Polymers,22.7
2026-06-08,SUR-LAS,EU,Iberia Polymers,30.2
2026-06-15,SUR-LAS,EU,Iberia Polymers,55.0
2026-06-22,SUR-LAS,EU,Iberia Polymers,29.2
2026-06-29,SUR-LAS,EU,Iberia Polymers,29.4
2026-07-06,SUR-LAS,EU,Iberia Polymers,27.8
2026-07-13,SUR-LAS,EU,Iberia Polymers,45.9
2026-07-20,SUR-LAS,EU,Iberia Polymers,32.7
2026-07-27,SUR-LAS,EU,Iberia Polymers,29.5
2026-08-03,SUR-LAS,EU,Iberia Polymers,46.6
2026-08-10,SUR-LAS,EU,Iberia Polymers,38.6
2026-08-17,SUR-LAS,EU,Iberia Polymers,27.3
2026-08-24,SUR-LAS,EU,Iberia Polymers,25.1
2026-08-31,SUR-LAS,EU,Iberia Polymers,41.8
2026-09-07,SUR-LAS,EU,Iberia Polymers,32.8
2026-09-14,SUR-LAS,EU,Iberia Polymers,22.9
2026-09-21,SUR-LAS,EU,Iberia Polymers,21.7
2026-09-28,SUR-LAS,EU,Iberia Polymers,24.0
2024-10-07,SUR-LAS,APAC,Pacific Coatings,29.4
2024-10-14,SUR-LAS,APAC,Pacific Coatings,33.9
2024-10-21,SUR-LAS,APAC,Pacific Coatings,28.6
2024-10-28,SUR-LAS,APAC,Pacific Coatings,32.7
2024-11-04,SUR-LAS,APAC,Pacific Coatings,31.4
2024-11-11,SUR-LAS,APAC,Pacific Coatings,30.6
2024-11-18,SUR-LAS,APAC,Pacific Coatings,53.2
2024-11-25,SUR-LAS,APAC,Pacific Coatings,35.1
2024-12-02,SUR-LAS,APAC,Pacific Coatings,22.4
2024-12-09,SUR-LAS,APAC,Pacific Coatings,30.4
2024-12-16,SUR-LAS,APAC,Pacific Coatings,23.8
2024-12-23,SUR-LAS,APAC,Pacific Coatings,31.2
2024-12-30,SUR-LAS,APAC,Pacific Coatings,21.2
2025-01-06,SUR-LAS,APAC,Pacific Coatings,22.2
2025-01-13,SUR-LAS,APAC,Pacific Coatings,30.2
2025-01-20,SUR-LAS,APAC,Pacific Coatings,34.7
2025-01-27,SUR-LAS,APAC,Pacific Coatings,31.2
2025-02-03,SUR-LAS,APAC,Pacific Coatings,33.7
2025-02-10,SUR-LAS,APAC,Pacific Coatings,29.9
2025-02-17,SUR-LAS,APAC,Pacific Coatings,28.6
2025-02-24,SUR-LAS,APAC,Pacific Coatings,24.8
2025-03-03,SUR-LAS,APAC,Pacific Coatings,34.4
2025-03-10,SUR-LAS,APAC,Pacific Coatings,37.1
2025-03-17,SUR-LAS,APAC,Pacific Coatings,29.1
2025-03-24,SUR-LAS,APAC,Pacific Coatings,28.8
2025-03-31,SUR-LAS,APAC,Pacific Coatings,41.4
2025-04-07,SUR-LAS,APAC,Pacific Coatings,29.0
2025-04-14,SUR-LAS,APAC,Pacific Coatings,30.0
2025-04-21,SUR-LAS,APAC,Pacific Coatings,33.8
2025-04-28,SUR-LAS,APAC,Pacific Coatings,29.5
2025-05-05,SUR-LAS,APAC,Pacific Coatings,25.3
2025-05-12,SUR-LAS,APAC,Pacific Coatings,32.3
2025-05-19,SUR-LAS,APAC,Pacific Coatings,29.6
2025-05-26,SUR-LAS,APAC,Pacific Coatings,44.5
2025-06-02,SUR-LAS,APAC,Pacific Coatings,35.4
2025-06-09,SUR-LAS,APAC,Pacific Coatings,25.9
2025-06-16,SUR-LAS,APAC,Pacific Coatings,35.0
2025-06-23,SUR-LAS,APAC,Pacific Coatings,31.3
2025-06-30,SUR-LAS,APAC,Pacific Coatings,38.4
2025-07-07,SUR-LAS,APAC,Pacific Coatings,26.7
2025-07-14,SUR-LAS,APAC,Pacific Coatings,30.7
2025-07-21,SUR-LAS,APAC,Pacific Coatings,28.5
2025-07-28,SUR-LAS,APAC,Pacific Coatings,30.4
2025-08-04,SUR-LAS,APAC,Pacific Coatings,25.9
2025-08-11,SUR-LAS,APAC,Pacific Coatings,35.1
2025-08-18,SUR-LAS,APAC,Pacific Coatings,33.7
2025-08-25,SUR-LAS,APAC,Pacific Coatings,41.0
2025-09-01,SUR-LAS,APAC,Pacific Coatings,31.6
2025-09-08,SUR-LAS,APAC,Pacific Coatings,28.4
2025-09-15,SUR-LAS,APAC,Pacific Coatings,36.9
2025-09-22,SUR-LAS,APAC,Pacific Coatings,26.2
2025-09-29,SUR-LAS,APAC,Pacific Coatings,39.6
2025-10-06,SUR-LAS,APAC,Pacific Coatings,39.2
2025-10-13,SUR-LAS,APAC,Pacific Coatings,40.5
2025-10-20,SUR-LAS,APAC,Pacific Coatings,32.5
2025-10-27,SUR-LAS,APAC,Pacific Coatings,26.5
2025-11-03,SUR-LAS,APAC,Pacific Coatings,29.9
2025-11-10,SUR-LAS,APAC,Pacific Coatings,31.6
2025-11-17,SUR-LAS,APAC,Pacific Coatings,25.2
2025-11-24,SUR-LAS,APAC,Pacific Coatings,38.4
2025-12-01,SUR-LAS,APAC,Pacific Coatings,32.8
2025-12-08,SUR-LAS,APAC,Pacific Coatings,23.6
2025-12-15,SUR-LAS,APAC,Pacific Coatings,43.3
2025-12-22,SUR-LAS,APAC,Pacific Coatings,29.0
2025-12-29,SUR-LAS,APAC,Pacific Coatings,22.2
2026-01-05,SUR-LAS,APAC,Pacific Coatings,23.2
2026-01-12,SUR-LAS,APAC,Pacific Coatings,38.7
2026-01-19,SUR-LAS,APAC,Pacific Coatings,41.5
2026-01-26,SUR-LAS,APAC,Pacific Coatings,35.7
2026-02-02,SUR-LAS,APAC,Pacific Coatings,38.9
2026-02-09,SUR-LAS,APAC,Pacific Coatings,38.2
2026-02-16,SUR-LAS,APAC,Pacific Coatings,32.8
2026-02-23,SUR-LAS,APAC,Pacific Coatings,30.8
2026-03-02,SUR-LAS,APAC,Pacific Coatings,32.8
2026-03-09,SUR-LAS,APAC,Pacific Coatings,34.6
2026-03-16,SUR-LAS,APAC,Pacific Coatings,25.3
2026-03-23,SUR-LAS,APAC,Pacific Coatings,34.3
2026-03-30,SUR-LAS,APAC,Pacific Coatings,41.1
2026-04-06,SUR-LAS,APAC,Pacific Coatings,28.9
2026-04-13,SUR-LAS,APAC,Pacific Coatings,28.0
2026-04-20,SUR-LAS,APAC,Pacific Coatings,33.4
2026-04-27,SUR-LAS,APAC,Pacific Coatings,26.3
2026-05-04,SUR-LAS,APAC,Pacific Coatings,23.1
2026-05-11,SUR-LAS,APAC,Pacific Coatings,39.8
2026-05-18,SUR-LAS,APAC,Pacific Coatings,28.3
2026-05-25,SUR-LAS,APAC,Pacific Coatings,31.5
2026-06-01,SUR-LAS,APAC,Pacific Coatings,27.7
2026-06-08,SUR-LAS,APAC,Pacific Coatings,43.1
2026-06-15,SUR-LAS,APAC,Pacific Coatings,38.2
2026-06-22,SUR-LAS,APAC,Pacific Coatings,30.3
2026-06-29,SUR-LAS,APAC,Pacific Coatings,24.8
2026-07-06,SUR-LAS,APAC,Pacific Coatings,30.1
2026-07-13,SUR-LAS,APAC,Pacific Coatings,36.8
2026-07-20,SUR-LAS,APAC,Pacific Coatings,33.1
2026-07-27,SUR-LAS,APAC,Pacific Coatings,32.8
2026-08-03,SUR-LAS,APAC,Pacific Coatings,34.5
2026-08-10,SUR-LAS,APAC,Pacific Coatings,38.0
2026-08-17,SUR-LAS,APAC,Pacific Coatings,33.2
2026-08-24,SUR-LAS,APAC,Pacific Coatings,37.7
2026-08-31,SUR-LAS,APAC,Pacific Coatings,28.1
2026-09-07,SUR-LAS,APAC,Pacific Coatings,61.7
2026-09-14,SUR-LAS,APAC,Pacific Coatings,33.6
2026-09-21,SUR-LAS,APAC,Pacific Coatings,38.6
2026-09-28,SUR-LAS,APAC,Pacific Coatings,42.9
2024-10-07,SUR-LAS,APAC,Shenzhen Electronic Materials,40.7
2024-10-14,SUR-LAS,APAC,Shenzhen Electronic Materials,44.4
2024-10-21,SUR-LAS,APAC,Shenzhen Electronic Materials,44.0
2024-10-28,SUR-LAS,APAC,Shenzhen Electronic Materials,35.8
2024-11-04,SUR-LAS,APAC,Shenzhen Electronic Materials,47.6
2024-11-11,SUR-LAS,APAC,Shenzhen Electronic Materials,30.3
2024-11-18,SUR-LAS,APAC,Shenzhen Electronic Materials,62.2
2024-11-25,SUR-LAS,APAC,Shenzhen Electronic Materials,50.0
2024-12-02,SUR-LAS,APAC,Shenzhen Electronic Materials,47.8
2024-12-09,SUR-LAS,APAC,Shenzhen Electronic Materials,28.0
2024-12-16,SUR-LAS,APAC,Shenzhen Electronic Materials,34.7
2024-12-23,SUR-LAS,APAC,Shenzhen Electronic Materials,56.0
2024-12-30,SUR-LAS,APAC,Shenzhen Electronic Materials,104.3
2025-01-06,SUR-LAS,APAC,Shenzhen Electronic Materials,53.9
2025-01-13,SUR-LAS,APAC,Shenzhen Electronic Materials,51.3
2025-01-20,SUR-LAS,APAC,Shenzhen Electronic Materials,45.7
2025-01-27,SUR-LAS,APAC,Shenzhen Electronic Materials,33.9
2025-02-03,SUR-LAS,APAC,Shenzhen Electronic Materials,50.8
2025-02-10,SUR-LAS,APAC,Shenzhen Electronic Materials,31.6
2025-02-17,SUR-LAS,APAC,Shenzhen Electronic Materials,30.9
2025-02-24,SUR-LAS,APAC,Shenzhen Electronic Materials,30.6
2025-03-03,SUR-LAS,APAC,Shenzhen Electronic Materials,52.2
2025-03-10,SUR-LAS,APAC,Shenzhen Electronic Materials,42.7
2025-03-17,SUR-LAS,APAC,Shenzhen Electronic Materials,44.1
2025-03-24,SUR-LAS,APAC,Shenzhen Electronic Materials,43.0
2025-03-31,SUR-LAS,APAC,Shenzhen Electronic Materials,33.3
2025-04-07,SUR-LAS,APAC,Shenzhen Electronic Materials,36.7
2025-04-14,SUR-LAS,APAC,Shenzhen Electronic Materials,37.6
2025-04-21,SUR-LAS,APAC,Shenzhen Electronic Materials,32.5
2025-04-28,SUR-LAS,APAC,Shenzhen Electronic Materials,39.5
2025-05-05,SUR-LAS,APAC,Shenzhen Electronic Materials,34.9
2025-05-12,SUR-LAS,APAC,Shenzhen Electronic Materials,49.3
2025-05-19,SUR-LAS,APAC,Shenzhen Electronic Materials,50.4
2025-05-26,SUR-LAS,APAC,Shenzhen Electronic Materials,32.6
2025-06-02,SUR-LAS,APAC,Shenzhen Electronic Materials,40.8
2025-06-09,SUR-LAS,APAC,Shenzhen Electronic Materials,65.0
2025-06-16,SUR-LAS,APAC,Shenzhen Electronic Materials,35.1
2025-06-23,SUR-LAS,APAC,Shenzhen Electronic Materials,46.9
2025-06-30,SUR-LAS,APAC,Shenzhen Electronic Materials,43.1
2025-07-07,SUR-LAS,APAC,Shenzhen Electronic Materials,55.6
2025-07-14,SUR-LAS,APAC,Shenzhen Electronic Materials,45.9
2025-07-21,SUR-LAS,APAC,Shenzhen Electronic Materials,38.7
2025-07-28,SUR-LAS,APAC,Shenzhen Electronic Materials,44.5
2025-08-04,SUR-LAS,APAC,Shenzhen Electronic Materials,46.9
2025-08-11,SUR-LAS,APAC,Shenzhen Electronic Materials,44.3
2025-08-18,SUR-LAS,APAC,Shenzhen Electronic Materials,33.6
2025-08-25,SUR-LAS,APAC,Shenzhen Electronic Materials,59.4
2025-09-01,SUR-LAS,APAC,Shenzhen Electronic Materials,58.5
2025-09-08,SUR-LAS,APAC,Shenzhen Electronic Materials,36.1
2025-09-15,SUR-LAS,APAC,Shenzhen Electronic Materials,42.4
2025-09-22,SUR-LAS,APAC,Shenzhen Electronic Materials,43.4
2025-09-29,SUR-LAS,APAC,Shenzhen Electronic Materials,35.4
2025-10-06,SUR-LAS,APAC,Shenzhen Electronic Materials,29.9
2025-10-13,SUR-LAS,APAC,Shenzhen Electronic Materials,38.7
2025-10-20,SUR-LAS,APAC,Shenzhen Electronic Materials,40.4
2025-10-27,SUR-LAS,APAC,Shenzhen Electronic Materials,31.4
2025-11-03,SUR-LAS,APAC,Shenzhen Electronic Materials,44.3
2025-11-10,SUR-LAS,APAC,Shenzhen Electronic Materials,54.9
2025-11-17,SUR-LAS,APAC,Shenzhen Electronic Materials,50.2
2025-11-24,SUR-LAS,APAC,Shenzhen Electronic Materials,40.7
2025-12-01,SUR-LAS,APAC,Shenzhen Electronic Materials,28.1
2025-12-08,SUR-LAS,APAC,Shenzhen Electronic Materials,49.0
2025-12-15,SUR-LAS,APAC,Shenzhen Electronic Materials,43.2
2025-12-22,SUR-LAS,APAC,Shenzhen Electronic Materials,45.6
2025-12-29,SUR-LAS,APAC,Shenzhen Electronic Materials,63.2
2026-01-05,SUR-LAS,APAC,Shenzhen Electronic Materials,33.9
2026-01-12,SUR-LAS,APAC,Shenzhen Electronic Materials,21.6
2026-01-19,SUR-LAS,APAC,Shenzhen Electronic Materials,32.2
2026-01-26,SUR-LAS,APAC,Shenzhen Electronic Materials,46.5
2026-02-02,SUR-LAS,APAC,Shenzhen Electronic Materials,42.8
2026-02-09,SUR-LAS,APAC,Shenzhen Electronic Materials,32.7
2026-02-16,SUR-LAS,APAC,Shenzhen Electronic Materials,31.0
2026-02-23,SUR-LAS,APAC,Shenzhen Electronic Materials,38.7
2026-03-02,SUR-LAS,APAC,Shenzhen Electronic Materials,32.4
2026-03-09,SUR-LAS,APAC,Shenzhen Electronic Materials,48.2
2026-03-16,SUR-LAS,APAC,Shenzhen Electronic Materials,39.7
2026-03-23,SUR-LAS,APAC,Shenzhen Electronic Materials,37.2
2026-03-30,SUR-LAS,APAC,Shenzhen Electronic Materials,36.9
2026-04-06,SUR-LAS,APAC,Shenzhen Electronic Materials,46.8
2026-04-13,SUR-LAS,APAC,Shenzhen Electronic Materials,44.3
2026-04-20,SUR-LAS,APAC,Shenzhen Electronic Materials,46.0
2026-04-27,SUR-LAS,APAC,Shenzhen Electronic Materials,46.2
2026-05-04,SUR-LAS,APAC,Shenzhen Electronic Materials,44.3
2026-05-11,SUR-LAS,APAC,Shenzhen Electronic Materials,36.0
2026-05-18,SUR-LAS,APAC,Shenzhen Electronic Materials,38.9
2026-05-25,SUR-LAS,APAC,Shenzhen Electronic Materials,42.0
2026-06-01,SUR-LAS,APAC,Shenzhen Electronic Materials,72.8
2026-06-08,SUR-LAS,APAC,Shenzhen Electronic Materials,35.3
2026-06-15,SUR-LAS,APAC,Shenzhen Electronic Materials,42.2
2026-06-22,SUR-LAS,APAC,Shenzhen Electronic Materials,47.6
2026-06-29,SUR-LAS,APAC,Shenzhen Electronic Materials,43.9
2026-07-06,SUR-LAS,APAC,Shenzhen Electronic Materials,60.1
2026-07-13,SUR-LAS,APAC,Shenzhen Electronic Materials,44.3
2026-07-20,SUR-LAS,APAC,Shenzhen Electronic Materials,44.1
2026-07-27,SUR-LAS,APAC,Shenzhen Electronic Materials,56.0
2026-08-03,SUR-LAS,APAC,Shenzhen Electronic Materials,71.7
2026-08-10,SUR-LAS,APAC,Shenzhen Electronic Materials,64.1
2026-08-17,SUR-LAS,APAC,Shenzhen Electronic Materials,47.5
2026-08-24,SUR-LAS,APAC,Shenzhen Electronic Materials,49.4
2026-08-31,SUR-LAS,APAC,Shenzhen Electronic Materials,51.6
2026-09-07,SUR-LAS,APAC,Shenzhen Electronic Materials,53.1
2026-09-14,SUR-LAS,APAC,Shenzhen Electronic Materials,43.4
2026-09-21,SUR-LAS,APAC,Shenzhen Electronic Materials,66.3
2026-09-28,SUR-LAS,APAC,Shenzhen Electronic Materials,57.9
2024-10-07,SUR-LAS,APAC,Jurong Construction Chem,152.8
2024-10-14,SUR-LAS,APAC,Jurong Construction Chem,115.9
2024-10-21,SUR-LAS,APAC,Jurong Construction Chem,154.4
2024-10-28,SUR-LAS,APAC,Jurong Construction Chem,99.7
2024-11-04,SUR-LAS,APAC,Jurong Construction Chem,131.5
2024-11-11,SUR-LAS,APAC,Jurong Construction Chem,133.0
2024-11-18,SUR-LAS,APAC,Jurong Construction Chem,156.0
2024-11-25,SUR-LAS,APAC,Jurong Construction Chem,219.8
2024-12-02,SUR-LAS,APAC,Jurong Construction Chem,162.8
2024-12-09,SUR-LAS,APAC,Jurong Construction Chem,195.0
2024-12-16,SUR-LAS,APAC,Jurong Construction Chem,164.8
2024-12-23,SUR-LAS,APAC,Jurong Construction Chem,182.9
2024-12-30,SUR-LAS,APAC,Jurong Construction Chem,217.8
2025-01-06,SUR-LAS,APAC,Jurong Construction Chem,122.0
2025-01-13,SUR-LAS,APAC,Jurong Construction Chem,118.7
2025-01-20,SUR-LAS,APAC,Jurong Construction Chem,163.3
2025-01-27,SUR-LAS,APAC,Jurong Construction Chem,141.2
2025-02-03,SUR-LAS,APAC,Jurong Construction Chem,148.2
2025-02-10,SUR-LAS,APAC,Jurong Construction Chem,131.8
2025-02-17,SUR-LAS,APAC,Jurong Construction Chem,122.2
2025-02-24,SUR-LAS,APAC,Jurong Construction Chem,200.4
2025-03-03,SUR-LAS,APAC,Jurong Construction Chem,114.3
2025-03-10,SUR-LAS,APAC,Jurong Construction Chem,174.1
2025-03-17,SUR-LAS,APAC,Jurong Construction Chem,167.3
2025-03-24,SUR-LAS,APAC,Jurong Construction Chem,105.5
2025-03-31,SUR-LAS,APAC,Jurong Construction Chem,122.9
2025-04-07,SUR-LAS,APAC,Jurong Construction Chem,127.3
2025-04-14,SUR-LAS,APAC,Jurong Construction Chem,168.9
2025-04-21,SUR-LAS,APAC,Jurong Construction Chem,141.5
2025-04-28,SUR-LAS,APAC,Jurong Construction Chem,149.7
2025-05-05,SUR-LAS,APAC,Jurong Construction Chem,111.2
2025-05-12,SUR-LAS,APAC,Jurong Construction Chem,250.6
2025-05-19,SUR-LAS,APAC,Jurong Construction Chem,153.2
2025-05-26,SUR-LAS,APAC,Jurong Construction Chem,167.4
2025-06-02,SUR-LAS,APAC,Jurong Construction Chem,133.6
2025-06-09,SUR-LAS,APAC,Jurong Construction Chem,129.5
2025-06-16,SUR-LAS,APAC,Jurong Construction Chem,229.5
2025-06-23,SUR-LAS,APAC,Jurong Construction Chem,97.0
2025-06-30,SUR-LAS,APAC,Jurong Construction Chem,154.9
2025-07-07,SUR-LAS,APAC,Jurong Construction Chem,115.9
2025-07-14,SUR-LAS,APAC,Jurong Construction Chem,136.2
2025-07-21,SUR-LAS,APAC,Jurong Construction Chem,127.9
2025-07-28,SUR-LAS,APAC,Jurong Construction Chem,122.1
2025-08-04,SUR-LAS,APAC,Jurong Construction Chem,160.5
2025-08-11,SUR-LAS,APAC,Jurong Construction Chem,88.8
2025-08-18,SUR-LAS,APAC,Jurong Construction Chem,145.1
2025-08-25,SUR-LAS,APAC,Jurong Construction Chem,153.2
2025-09-01,SUR-LAS,APAC,Jurong Construction Chem,118.7
2025-09-08,SUR-LAS,APAC,Jurong Construction Chem,219.4
2025-09-15,SUR-LAS,APAC,Jurong Construction Chem,137.6
2025-09-22,SUR-LAS,APAC,Jurong Construction Chem,149.7
2025-09-29,SUR-LAS,APAC,Jurong Construction Chem,138.5
2025-10-06,SUR-LAS,APAC,Jurong Construction Chem,153.4
2025-10-13,SUR-LAS,APAC,Jurong Construction Chem,207.0
2025-10-20,SUR-LAS,APAC,Jurong Construction Chem,260.3
2025-10-27,SUR-LAS,APAC,Jurong Construction Chem,175.8
2025-11-03,SUR-LAS,APAC,Jurong Construction Chem,187.2
2025-11-10,SUR-LAS,APAC,Jurong Construction Chem,214.5
2025-11-17,SUR-LAS,APAC,Jurong Construction Chem,152.5
2025-11-24,SUR-LAS,APAC,Jurong Construction Chem,204.5
2025-12-01,SUR-LAS,APAC,Jurong Construction Chem,173.7
2025-12-08,SUR-LAS,APAC,Jurong Construction Chem,149.5
2025-12-15,SUR-LAS,APAC,Jurong Construction Chem,156.2
2025-12-22,SUR-LAS,APAC,Jurong Construction Chem,96.3
2025-12-29,SUR-LAS,APAC,Jurong Construction Chem,152.4
2026-01-05,SUR-LAS,APAC,Jurong Construction Chem,100.2
2026-01-12,SUR-LAS,APAC,Jurong Construction Chem,98.6
2026-01-19,SUR-LAS,APAC,Jurong Construction Chem,146.6
2026-01-26,SUR-LAS,APAC,Jurong Construction Chem,113.1
2026-02-02,SUR-LAS,APAC,Jurong Construction Chem,146.9
2026-02-09,SUR-LAS,APAC,Jurong Construction Chem,152.5
2026-02-16,SUR-LAS,APAC,Jurong Construction Chem,152.7
2026-02-23,SUR-LAS,APAC,Jurong Construction Chem,118.7
2026-03-02,SUR-LAS,APAC,Jurong Construction Chem,179.7
2026-03-09,SUR-LAS,APAC,Jurong Construction Chem,145.9
2026-03-16,SUR-LAS,APAC,Jurong Construction Chem,165.6
2026-03-23,SUR-LAS,APAC,Jurong Construction Chem,113.4
2026-03-30,SUR-LAS,APAC,Jurong Construction Chem,145.0
2026-04-06,SUR-LAS,APAC,Jurong Construction Chem,194.4
2026-04-13,SUR-LAS,APAC,Jurong Construction Chem,187.8
2026-04-20,SUR-LAS,APAC,Jurong Construction Chem,127.8
2026-04-27,SUR-LAS,APAC,Jurong Construction Chem,136.3
2026-05-04,SUR-LAS,APAC,Jurong Construction Chem,125.4
2026-05-11,SUR-LAS,APAC,Jurong Construction Chem,135.4
2026-05-18,SUR-LAS,APAC,Jurong Construction Chem,116.1
2026-05-25,SUR-LAS,APAC,Jurong Construction Chem,153.8
2026-06-01,SUR-LAS,APAC,Jurong Construction Chem,183.9
2026-06-08,SUR-LAS,APAC,Jurong Construction Chem,138.4
2026-06-15,SUR-LAS,APAC,Jurong Construction Chem,157.0
2026-06-22,SUR-LAS,APAC,Jurong Construction Chem,153.7
2026-06-29,SUR-LAS,APAC,Jurong Construction Chem,204.8
2026-07-06,SUR-LAS,APAC,Jurong Construction Chem,143.5
2026-07-13,SUR-LAS,APAC,Jurong Construction Chem,144.7
2026-07-20,SUR-LAS,APAC,Jurong Construction Chem,133.4
2026-07-27,SUR-LAS,APAC,Jurong Construction Chem,126.2
2026-08-03,SUR-LAS,APAC,Jurong Construction Chem,187.2
2026-08-10,SUR-LAS,APAC,Jurong Construction Chem,157.9
2026-08-17,SUR-LAS,APAC,Jurong Construction Chem,171.5
2026-08-24,SUR-LAS,APAC,Jurong Construction Chem,228.7
2026-08-31,SUR-LAS,APAC,Jurong Construction Chem,236.9
2026-09-07,SUR-LAS,APAC,Jurong Construction Chem,123.9
2026-09-14,SUR-LAS,APAC,Jurong Construction Chem,208.4
2026-09-21,SUR-LAS,APAC,Jurong Construction Chem,196.1
2026-09-28,SUR-LAS,APAC,Jurong Construction Chem,173.0
2024-10-07,SUR-LAS,LATAM,Andes Plastics,17.8
2024-10-14,SUR-LAS,LATAM,Andes Plastics,17.1
2024-10-21,SUR-LAS,LATAM,Andes Plastics,14.1
2024-10-28,SUR-LAS,LATAM,Andes Plastics,22.2
2024-11-04,SUR-LAS,LATAM,Andes Plastics,24.8
2024-11-11,SUR-LAS,LATAM,Andes Plastics,18.6
2024-11-18,SUR-LAS,LATAM,Andes Plastics,17.3
2024-11-25,SUR-LAS,LATAM,Andes Plastics,20.2
2024-12-02,SUR-LAS,LATAM,Andes Plastics,17.9
2024-12-09,SUR-LAS,LATAM,Andes Plastics,14.3
2024-12-16,SUR-LAS,LATAM,Andes Plastics,15.3
2024-12-23,SUR-LAS,LATAM,Andes Plastics,16.6
2024-12-30,SUR-LAS,LATAM,Andes Plastics,18.5
2025-01-06,SUR-LAS,LATAM,Andes Plastics,17.8
2025-01-13,SUR-LAS,LATAM,Andes Plastics,18.7
2025-01-20,SUR-LAS,LATAM,Andes Plastics,13.1
2025-01-27,SUR-LAS,LATAM,Andes Plastics,21.3
2025-02-03,SUR-LAS,LATAM,Andes Plastics,17.9
2025-02-10,SUR-LAS,LATAM,Andes Plastics,31.4
2025-02-17,SUR-LAS,LATAM,Andes Plastics,16.2
2025-02-24,SUR-LAS,LATAM,Andes Plastics,18.8
2025-03-03,SUR-LAS,LATAM,Andes Plastics,33.4
2025-03-10,SUR-LAS,LATAM,Andes Plastics,19.0
2025-03-17,SUR-LAS,LATAM,Andes Plastics,17.8
2025-03-24,SUR-LAS,LATAM,Andes Plastics,14.4
2025-03-31,SUR-LAS,LATAM,Andes Plastics,25.2
2025-04-07,SUR-LAS,LATAM,Andes Plastics,13.8
2025-04-14,SUR-LAS,LATAM,Andes Plastics,19.5
2025-04-21,SUR-LAS,LATAM,Andes Plastics,16.1
2025-04-28,SUR-LAS,LATAM,Andes Plastics,17.7
2025-05-05,SUR-LAS,LATAM,Andes Plastics,13.7
2025-05-12,SUR-LAS,LATAM,Andes Plastics,24.5
2025-05-19,SUR-LAS,LATAM,Andes Plastics,17.4
2025-05-26,SUR-LAS,LATAM,Andes Plastics,14.3
2025-06-02,SUR-LAS,LATAM,Andes Plastics,24.9
2025-06-09,SUR-LAS,LATAM,Andes Plastics,17.5
2025-06-16,SUR-LAS,LATAM,Andes Plastics,20.5
2025-06-23,SUR-LAS,LATAM,Andes Plastics,22.9
2025-06-30,SUR-LAS,LATAM,Andes Plastics,21.4
2025-07-07,SUR-LAS,LATAM,Andes Plastics,11.7
2025-07-14,SUR-LAS,LATAM,Andes Plastics,22.7
2025-07-21,SUR-LAS,LATAM,Andes Plastics,19.2
2025-07-28,SUR-LAS,LATAM,Andes Plastics,18.5
2025-08-04,SUR-LAS,LATAM,Andes Plastics,19.2
2025-08-11,SUR-LAS,LATAM,Andes Plastics,14.0
2025-08-18,SUR-LAS,LATAM,Andes Plastics,21.2
2025-08-25,SUR-LAS,LATAM,Andes Plastics,15.0
2025-09-01,SUR-LAS,LATAM,Andes Plastics,19.1
2025-09-08,SUR-LAS,LATAM,Andes Plastics,21.1
2025-09-15,SUR-LAS,LATAM,Andes Plastics,25.3
2025-09-22,SUR-LAS,LATAM,Andes Plastics,16.6
2025-09-29,SUR-LAS,LATAM,Andes Plastics,27.2
2025-10-06,SUR-LAS,LATAM,Andes Plastics,24.3
2025-10-13,SUR-LAS,LATAM,Andes Plastics,18.0
2025-10-20,SUR-LAS,LATAM,Andes Plastics,15.1
2025-10-27,SUR-LAS,LATAM,Andes Plastics,14.0
2025-11-03,SUR-LAS,LATAM,Andes Plastics,20.6
2025-11-10,SUR-LAS,LATAM,Andes Plastics,16.2
2025-11-17,SUR-LAS,LATAM,Andes Plastics,24.3
2025-11-24,SUR-LAS,LATAM,Andes Plastics,16.0
2025-12-01,SUR-LAS,LATAM,Andes Plastics,15.3
2025-12-08,SUR-LAS,LATAM,Andes Plastics,19.5
2025-12-15,SUR-LAS,LATAM,Andes Plastics,16.1
2025-12-22,SUR-LAS,LATAM,Andes Plastics,18.8
2025-12-29,SUR-LAS,LATAM,Andes Plastics,23.4
2026-01-05,SUR-LAS,LATAM,Andes Plastics,19.4
2026-01-12,SUR-LAS,LATAM,Andes Plastics,19.8
2026-01-19,SUR-LAS,LATAM,Andes Plastics,20.1
2026-01-26,SUR-LAS,LATAM,Andes Plastics,12.8
2026-02-02,SUR-LAS,LATAM,Andes Plastics,20.7
2026-02-09,SUR-LAS,LATAM,Andes Plastics,19.5
2026-02-16,SUR-LAS,LATAM,Andes Plastics,23.0
2026-02-23,SUR-LAS,LATAM,Andes Plastics,22.0
2026-03-02,SUR-LAS,LATAM,Andes Plastics,18.1
2026-03-09,SUR-LAS,LATAM,Andes Plastics,23.4
2026-03-16,SUR-LAS,LATAM,Andes Plastics,17.2
2026-03-23,SUR-LAS,LATAM,Andes Plastics,19.3
2026-03-30,SUR-LAS,LATAM,Andes Plastics,17.2
2026-04-06,SUR-LAS,LATAM,Andes Plastics,20.7
2026-04-13,SUR-LAS,LATAM,Andes Plastics,17.4
2026-04-20,SUR-LAS,LATAM,Andes Plastics,26.8
2026-04-27,SUR-LAS,LATAM,Andes Plastics,28.5
2026-05-04,SUR-LAS,LATAM,Andes Plastics,22.3
2026-05-11,SUR-LAS,LATAM,Andes Plastics,25.9
2026-05-18,SUR-LAS,LATAM,Andes Plastics,13.3
2026-05-25,SUR-LAS,LATAM,Andes Plastics,13.9
2026-06-01,SUR-LAS,LATAM,Andes Plastics,17.9
2026-06-08,SUR-LAS,LATAM,Andes Plastics,19.7
2026-06-15,SUR-LAS,LATAM,Andes Plastics,18.9
2026-06-22,SUR-LAS,LATAM,Andes Plastics,13.9
2026-06-29,SUR-LAS,LATAM,Andes Plastics,25.6
2026-07-06,SUR-LAS,LATAM,Andes Plastics,32.1
2026-07-13,SUR-LAS,LATAM,Andes Plastics,26.7
2026-07-20,SUR-LAS,LATAM,Andes Plastics,25.9
2026-07-27,SUR-LAS,LATAM,Andes Plastics,21.4
2026-08-03,SUR-LAS,LATAM,Andes Plastics,17.0
2026-08-10,SUR-LAS,LATAM,Andes Plastics,20.7
2026-08-17,SUR-LAS,LATAM,Andes Plastics,32.4
2026-08-24,SUR-LAS,LATAM,Andes Plastics,19.0
2026-08-31,SUR-LAS,LATAM,Andes Plastics,18.1
2026-09-07,SUR-LAS,LATAM,Andes Plastics,24.9
2026-09-14,SUR-LAS,LATAM,Andes Plastics,24.7
2026-09-21,SUR-LAS,LATAM,Andes Plastics,15.3
2026-09-28,SUR-LAS,LATAM,Andes Plastics,17.1
2024-10-07,SUR-LAS,LATAM,Brasil Tintas,49.1
2024-10-14,SUR-LAS,LATAM,Brasil Tintas,55.3
2024-10-21,SUR-LAS,LATAM,Brasil Tintas,68.9
2024-10-28,SUR-LAS,LATAM,Brasil Tintas,44.9
2024-11-04,SUR-LAS,LATAM,Brasil Tintas,68.2
2024-11-11,SUR-LAS,LATAM,Brasil Tintas,55.0
2024-11-18,SUR-LAS,LATAM,Brasil Tintas,88.5
2024-11-25,SUR-LAS,LATAM,Brasil Tintas,56.4
2024-12-02,SUR-LAS,LATAM,Brasil Tintas,50.5
2024-12-09,SUR-LAS,LATAM,Brasil Tintas,59.0
2024-12-16,SUR-LAS,LATAM,Brasil Tintas,47.1
2024-12-23,SUR-LAS,LATAM,Brasil Tintas,34.3
2024-12-30,SUR-LAS,LATAM,Brasil Tintas,47.7
2025-01-06,SUR-LAS,LATAM,Brasil Tintas,48.3
2025-01-13,SUR-LAS,LATAM,Brasil Tintas,36.1
2025-01-20,SUR-LAS,LATAM,Brasil Tintas,51.5
2025-01-27,SUR-LAS,LATAM,Brasil Tintas,33.5
2025-02-03,SUR-LAS,LATAM,Brasil Tintas,47.6
2025-02-10,SUR-LAS,LATAM,Brasil Tintas,54.1
2025-02-17,SUR-LAS,LATAM,Brasil Tintas,51.6
2025-02-24,SUR-LAS,LATAM,Brasil Tintas,46.0
2025-03-03,SUR-LAS,LATAM,Brasil Tintas,50.5
2025-03-10,SUR-LAS,LATAM,Brasil Tintas,43.9
2025-03-17,SUR-LAS,LATAM,Brasil Tintas,52.0
2025-03-24,SUR-LAS,LATAM,Brasil Tintas,52.0
2025-03-31,SUR-LAS,LATAM,Brasil Tintas,42.3
2025-04-07,SUR-LAS,LATAM,Brasil Tintas,54.0
2025-04-14,SUR-LAS,LATAM,Brasil Tintas,54.0
2025-04-21,SUR-LAS,LATAM,Brasil Tintas,49.6
2025-04-28,SUR-LAS,LATAM,Brasil Tintas,90.1
2025-05-05,SUR-LAS,LATAM,Brasil Tintas,52.0
2025-05-12,SUR-LAS,LATAM,Brasil Tintas,49.3
2025-05-19,SUR-LAS,LATAM,Brasil Tintas,48.4
2025-05-26,SUR-LAS,LATAM,Brasil Tintas,43.2
2025-06-02,SUR-LAS,LATAM,Brasil Tintas,63.0
2025-06-09,SUR-LAS,LATAM,Brasil Tintas,48.2
2025-06-16,SUR-LAS,LATAM,Brasil Tintas,48.3
2025-06-23,SUR-LAS,LATAM,Brasil Tintas,48.4
2025-06-30,SUR-LAS,LATAM,Brasil Tintas,44.6
2025-07-07,SUR-LAS,LATAM,Brasil Tintas,37.0
2025-07-14,SUR-LAS,LATAM,Brasil Tintas,50.4
2025-07-21,SUR-LAS,LATAM,Brasil Tintas,68.2
2025-07-28,SUR-LAS,LATAM,Brasil Tintas,59.5
2025-08-04,SUR-LAS,LATAM,Brasil Tintas,79.6
2025-08-11,SUR-LAS,LATAM,Brasil Tintas,67.7
2025-08-18,SUR-LAS,LATAM,Brasil Tintas,65.4
2025-08-25,SUR-LAS,LATAM,Brasil Tintas,88.0
2025-09-01,SUR-LAS,LATAM,Brasil Tintas,57.1
2025-09-08,SUR-LAS,LATAM,Brasil Tintas,59.2
2025-09-15,SUR-LAS,LATAM,Brasil Tintas,57.1
2025-09-22,SUR-LAS,LATAM,Brasil Tintas,80.0
2025-09-29,SUR-LAS,LATAM,Brasil Tintas,56.7
2025-10-06,SUR-LAS,LATAM,Brasil Tintas,49.0
2025-10-13,SUR-LAS,LATAM,Brasil Tintas,64.6
2025-10-20,SUR-LAS,LATAM,Brasil Tintas,46.3
2025-10-27,SUR-LAS,LATAM,Brasil Tintas,61.9
2025-11-03,SUR-LAS,LATAM,Brasil Tintas,60.9
2025-11-10,SUR-LAS,LATAM,Brasil Tintas,52.4
2025-11-17,SUR-LAS,LATAM,Brasil Tintas,60.7
2025-11-24,SUR-LAS,LATAM,Brasil Tintas,38.3
2025-12-01,SUR-LAS,LATAM,Brasil Tintas,55.4
2025-12-08,SUR-LAS,LATAM,Brasil Tintas,47.9
2025-12-15,SUR-LAS,LATAM,Brasil Tintas,100.7
2025-12-22,SUR-LAS,LATAM,Brasil Tintas,55.7
2025-12-29,SUR-LAS,LATAM,Brasil Tintas,47.3
2026-01-05,SUR-LAS,LATAM,Brasil Tintas,40.0
2026-01-12,SUR-LAS,LATAM,Brasil Tintas,73.8
2026-01-19,SUR-LAS,LATAM,Brasil Tintas,51.1
2026-01-26,SUR-LAS,LATAM,Brasil Tintas,44.9
2026-02-02,SUR-LAS,LATAM,Brasil Tintas,58.8
2026-02-09,SUR-LAS,LATAM,Brasil Tintas,62.3
2026-02-16,SUR-LAS,LATAM,Brasil Tintas,62.4
2026-02-23,SUR-LAS,LATAM,Brasil Tintas,55.3
2026-03-02,SUR-LAS,LATAM,Brasil Tintas,56.2
2026-03-09,SUR-LAS,LATAM,Brasil Tintas,56.2
2026-03-16,SUR-LAS,LATAM,Brasil Tintas,56.6
2026-03-23,SUR-LAS,LATAM,Brasil Tintas,57.5
2026-03-30,SUR-LAS,LATAM,Brasil Tintas,67.3
2026-04-06,SUR-LAS,LATAM,Brasil Tintas,54.2
2026-04-13,SUR-LAS,LATAM,Brasil Tintas,45.2
2026-04-20,SUR-LAS,LATAM,Brasil Tintas,51.8
2026-04-27,SUR-LAS,LATAM,Brasil Tintas,61.8
2026-05-04,SUR-LAS,LATAM,Brasil Tintas,35.6
2026-05-11,SUR-LAS,LATAM,Brasil Tintas,35.8
2026-05-18,SUR-LAS,LATAM,Brasil Tintas,65.7
2026-05-25,SUR-LAS,LATAM,Brasil Tintas,76.3
2026-06-01,SUR-LAS,LATAM,Brasil Tintas,41.7
2026-06-08,SUR-LAS,LATAM,Brasil Tintas,57.3
2026-06-15,SUR-LAS,LATAM,Brasil Tintas,51.9
2026-06-22,SUR-LAS,LATAM,Brasil Tintas,54.1
2026-06-29,SUR-LAS,LATAM,Brasil Tintas,61.0
2026-07-06,SUR-LAS,LATAM,Brasil Tintas,43.1
2026-07-13,SUR-LAS,LATAM,Brasil Tintas,45.3
2026-07-20,SUR-LAS,LATAM,Brasil Tintas,54.8
2026-07-27,SUR-LAS,LATAM,Brasil Tintas,56.6
2026-08-03,SUR-LAS,LATAM,Brasil Tintas,45.9
2026-08-10,SUR-LAS,LATAM,Brasil Tintas,69.6
2026-08-17,SUR-LAS,LATAM,Brasil Tintas,53.4
2026-08-24,SUR-LAS,LATAM,Brasil Tintas,53.8
2026-08-31,SUR-LAS,LATAM,Brasil Tintas,61.1
2026-09-07,SUR-LAS,LATAM,Brasil Tintas,54.5
2026-09-14,SUR-LAS,LATAM,Brasil Tintas,65.8
2026-09-21,SUR-LAS,LATAM,Brasil Tintas,43.0
2026-09-28,SUR-LAS,LATAM,Brasil Tintas,38.1
2024-10-07,SUR-LAS,LATAM,Mexico Industrial,14.5
2024-10-14,SUR-LAS,LATAM,Mexico Industrial,15.6
2024-10-21,SUR-LAS,LATAM,Mexico Industrial,11.6
2024-10-28,SUR-LAS,LATAM,Mexico Industrial,11.2
2024-11-04,SUR-LAS,LATAM,Mexico Industrial,15.8
2024-11-11,SUR-LAS,LATAM,Mexico Industrial,12.9
2024-11-18,SUR-LAS,LATAM,Mexico Industrial,10.9
2024-11-25,SUR-LAS,LATAM,Mexico Industrial,18.4
2024-12-02,SUR-LAS,LATAM,Mexico Industrial,12.7
2024-12-09,SUR-LAS,LATAM,Mexico Industrial,19.0
2024-12-16,SUR-LAS,LATAM,Mexico Industrial,14.5
2024-12-23,SUR-LAS,LATAM,Mexico Industrial,15.4
2024-12-30,SUR-LAS,LATAM,Mexico Industrial,13.6
2025-01-06,SUR-LAS,LATAM,Mexico Industrial,8.1
2025-01-13,SUR-LAS,LATAM,Mexico Industrial,11.3
2025-01-20,SUR-LAS,LATAM,Mexico Industrial,14.4
2025-01-27,SUR-LAS,LATAM,Mexico Industrial,16.2
2025-02-03,SUR-LAS,LATAM,Mexico Industrial,9.8
2025-02-10,SUR-LAS,LATAM,Mexico Industrial,14.4
2025-02-17,SUR-LAS,LATAM,Mexico Industrial,11.2
2025-02-24,SUR-LAS,LATAM,Mexico Industrial,15.0
2025-03-03,SUR-LAS,LATAM,Mexico Industrial,14.5
2025-03-10,SUR-LAS,LATAM,Mexico Industrial,17.4
2025-03-17,SUR-LAS,LATAM,Mexico Industrial,18.6
2025-03-24,SUR-LAS,LATAM,Mexico Industrial,16.1
2025-03-31,SUR-LAS,LATAM,Mexico Industrial,17.7
2025-04-07,SUR-LAS,LATAM,Mexico Industrial,13.4
2025-04-14,SUR-LAS,LATAM,Mexico Industrial,26.9
2025-04-21,SUR-LAS,LATAM,Mexico Industrial,11.1
2025-04-28,SUR-LAS,LATAM,Mexico Industrial,13.3
2025-05-05,SUR-LAS,LATAM,Mexico Industrial,18.5
2025-05-12,SUR-LAS,LATAM,Mexico Industrial,17.5
2025-05-19,SUR-LAS,LATAM,Mexico Industrial,16.7
2025-05-26,SUR-LAS,LATAM,Mexico Industrial,17.6
2025-06-02,SUR-LAS,LATAM,Mexico Industrial,9.7
2025-06-09,SUR-LAS,LATAM,Mexico Industrial,22.5
2025-06-16,SUR-LAS,LATAM,Mexico Industrial,14.8
2025-06-23,SUR-LAS,LATAM,Mexico Industrial,20.3
2025-06-30,SUR-LAS,LATAM,Mexico Industrial,10.0
2025-07-07,SUR-LAS,LATAM,Mexico Industrial,16.3
2025-07-14,SUR-LAS,LATAM,Mexico Industrial,14.0
2025-07-21,SUR-LAS,LATAM,Mexico Industrial,18.1
2025-07-28,SUR-LAS,LATAM,Mexico Industrial,17.3
2025-08-04,SUR-LAS,LATAM,Mexico Industrial,17.3
2025-08-11,SUR-LAS,LATAM,Mexico Industrial,12.9
2025-08-18,SUR-LAS,LATAM,Mexico Industrial,16.3
2025-08-25,SUR-LAS,LATAM,Mexico Industrial,15.8
2025-09-01,SUR-LAS,LATAM,Mexico Industrial,18.4
2025-09-08,SUR-LAS,LATAM,Mexico Industrial,20.6
2025-09-15,SUR-LAS,LATAM,Mexico Industrial,16.8
2025-09-22,SUR-LAS,LATAM,Mexico Industrial,12.2
2025-09-29,SUR-LAS,LATAM,Mexico Industrial,16.4
2025-10-06,SUR-LAS,LATAM,Mexico Industrial,28.5
2025-10-13,SUR-LAS,LATAM,Mexico Industrial,23.1
2025-10-20,SUR-LAS,LATAM,Mexico Industrial,8.2
2025-10-27,SUR-LAS,LATAM,Mexico Industrial,15.8
2025-11-03,SUR-LAS,LATAM,Mexico Industrial,19.3
2025-11-10,SUR-LAS,LATAM,Mexico Industrial,14.9
2025-11-17,SUR-LAS,LATAM,Mexico Industrial,13.7
2025-11-24,SUR-LAS,LATAM,Mexico Industrial,14.2
2025-12-01,SUR-LAS,LATAM,Mexico Industrial,17.1
2025-12-08,SUR-LAS,LATAM,Mexico Industrial,11.7
2025-12-15,SUR-LAS,LATAM,Mexico Industrial,19.7
2025-12-22,SUR-LAS,LATAM,Mexico Industrial,15.0
2025-12-29,SUR-LAS,LATAM,Mexico Industrial,12.4
2026-01-05,SUR-LAS,LATAM,Mexico Industrial,19.6
2026-01-12,SUR-LAS,LATAM,Mexico Industrial,11.2
2026-01-19,SUR-LAS,LATAM,Mexico Industrial,13.8
2026-01-26,SUR-LAS,LATAM,Mexico Industrial,13.4
2026-02-02,SUR-LAS,LATAM,Mexico Industrial,24.8
2026-02-09,SUR-LAS,LATAM,Mexico Industrial,13.2
2026-02-16,SUR-LAS,LATAM,Mexico Industrial,9.6
2026-02-23,SUR-LAS,LATAM,Mexico Industrial,13.7
2026-03-02,SUR-LAS,LATAM,Mexico Industrial,17.0
2026-03-09,SUR-LAS,LATAM,Mexico Industrial,18.0
2026-03-16,SUR-LAS,LATAM,Mexico Industrial,24.6
2026-03-23,SUR-LAS,LATAM,Mexico Industrial,20.2
2026-03-30,SUR-LAS,LATAM,Mexico Industrial,15.6
2026-04-06,SUR-LAS,LATAM,Mexico Industrial,12.5
2026-04-13,SUR-LAS,LATAM,Mexico Industrial,21.9
2026-04-20,SUR-LAS,LATAM,Mexico Industrial,14.0
2026-04-27,SUR-LAS,LATAM,Mexico Industrial,12.8
2026-05-04,SUR-LAS,LATAM,Mexico Industrial,13.6
2026-05-11,SUR-LAS,LATAM,Mexico Industrial,11.4
2026-05-18,SUR-LAS,LATAM,Mexico Industrial,13.7
2026-05-25,SUR-LAS,LATAM,Mexico Industrial,14.7
2026-06-01,SUR-LAS,LATAM,Mexico Industrial,18.3
2026-06-08,SUR-LAS,LATAM,Mexico Industrial,14.6
2026-06-15,SUR-LAS,LATAM,Mexico Industrial,12.1
2026-06-22,SUR-LAS,LATAM,Mexico Industrial,11.4
2026-06-29,SUR-LAS,LATAM,Mexico Industrial,16.9
2026-07-06,SUR-LAS,LATAM,Mexico Industrial,16.5
2026-07-13,SUR-LAS,LATAM,Mexico Industrial,14.5
2026-07-20,SUR-LAS,LATAM,Mexico Industrial,15.0
2026-07-27,SUR-LAS,LATAM,Mexico Industrial,18.0
2026-08-03,SUR-LAS,LATAM,Mexico Industrial,22.6
2026-08-10,SUR-LAS,LATAM,Mexico Industrial,14.0
2026-08-17,SUR-LAS,LATAM,Mexico Industrial,16.9
2026-08-24,SUR-LAS,LATAM,Mexico Industrial,20.6
2026-08-31,SUR-LAS,LATAM,Mexico Industrial,13.7
2026-09-07,SUR-LAS,LATAM,Mexico Industrial,15.8
2026-09-14,SUR-LAS,LATAM,Mexico Industrial,15.4
2026-09-21,SUR-LAS,LATAM,Mexico Industrial,11.2
2026-09-28,SUR-LAS,LATAM,Mexico Industrial,15.2
2024-10-07,SUR-AEO,NAM,Apex Coatings,23.6
2024-10-14,SUR-AEO,NAM,Apex Coatings,34.1
2024-10-21,SUR-AEO,NAM,Apex Coatings,28.0
2024-10-28,SUR-AEO,NAM,Apex Coatings,33.4
2024-11-04,SUR-AEO,NAM,Apex Coatings,26.3
2024-11-11,SUR-AEO,NAM,Apex Coatings,21.8
2024-11-18,SUR-AEO,NAM,Apex Coatings,30.1
2024-11-25,SUR-AEO,NAM,Apex Coatings,37.4
2024-12-02,SUR-AEO,NAM,Apex Coatings,33.6
2024-12-09,SUR-AEO,NAM,Apex Coatings,34.9
2024-12-16,SUR-AEO,NAM,Apex Coatings,33.6
2024-12-23,SUR-AEO,NAM,Apex Coatings,35.3
2024-12-30,SUR-AEO,NAM,Apex Coatings,35.9
2025-01-06,SUR-AEO,NAM,Apex Coatings,30.8
2025-01-13,SUR-AEO,NAM,Apex Coatings,33.8
2025-01-20,SUR-AEO,NAM,Apex Coatings,48.9
2025-01-27,SUR-AEO,NAM,Apex Coatings,35.0
2025-02-03,SUR-AEO,NAM,Apex Coatings,34.7
2025-02-10,SUR-AEO,NAM,Apex Coatings,34.7
2025-02-17,SUR-AEO,NAM,Apex Coatings,32.5
2025-02-24,SUR-AEO,NAM,Apex Coatings,30.7
2025-03-03,SUR-AEO,NAM,Apex Coatings,35.6
2025-03-10,SUR-AEO,NAM,Apex Coatings,30.4
2025-03-17,SUR-AEO,NAM,Apex Coatings,32.6
2025-03-24,SUR-AEO,NAM,Apex Coatings,28.0
2025-03-31,SUR-AEO,NAM,Apex Coatings,34.5
2025-04-07,SUR-AEO,NAM,Apex Coatings,38.1
2025-04-14,SUR-AEO,NAM,Apex Coatings,31.5
2025-04-21,SUR-AEO,NAM,Apex Coatings,21.0
2025-04-28,SUR-AEO,NAM,Apex Coatings,37.3
2025-05-05,SUR-AEO,NAM,Apex Coatings,33.5
2025-05-12,SUR-AEO,NAM,Apex Coatings,26.2
2025-05-19,SUR-AEO,NAM,Apex Coatings,38.5
2025-05-26,SUR-AEO,NAM,Apex Coatings,24.4
2025-06-02,SUR-AEO,NAM,Apex Coatings,41.3
2025-06-09,SUR-AEO,NAM,Apex Coatings,32.0
2025-06-16,SUR-AEO,NAM,Apex Coatings,19.2
2025-06-23,SUR-AEO,NAM,Apex Coatings,33.1
2025-06-30,SUR-AEO,NAM,Apex Coatings,29.3
2025-07-07,SUR-AEO,NAM,Apex Coatings,28.2
2025-07-14,SUR-AEO,NAM,Apex Coatings,26.8
2025-07-21,SUR-AEO,NAM,Apex Coatings,30.1
2025-07-28,SUR-AEO,NAM,Apex Coatings,28.0
2025-08-04,SUR-AEO,NAM,Apex Coatings,20.9
2025-08-11,SUR-AEO,NAM,Apex Coatings,42.0
2025-08-18,SUR-AEO,NAM,Apex Coatings,29.8
2025-08-25,SUR-AEO,NAM,Apex Coatings,26.8
2025-09-01,SUR-AEO,NAM,Apex Coatings,24.8
2025-09-08,SUR-AEO,NAM,Apex Coatings,37.8
2025-09-15,SUR-AEO,NAM,Apex Coatings,24.5
2025-09-22,SUR-AEO,NAM,Apex Coatings,33.7
2025-09-29,SUR-AEO,NAM,Apex Coatings,29.3
2025-10-06,SUR-AEO,NAM,Apex Coatings,30.0
2025-10-13,SUR-AEO,NAM,Apex Coatings,26.7
2025-10-20,SUR-AEO,NAM,Apex Coatings,30.2
2025-10-27,SUR-AEO,NAM,Apex Coatings,34.3
2025-11-03,SUR-AEO,NAM,Apex Coatings,36.2
2025-11-10,SUR-AEO,NAM,Apex Coatings,29.1
2025-11-17,SUR-AEO,NAM,Apex Coatings,33.9
2025-11-24,SUR-AEO,NAM,Apex Coatings,42.2
2025-12-01,SUR-AEO,NAM,Apex Coatings,24.7
2025-12-08,SUR-AEO,NAM,Apex Coatings,35.6
2025-12-15,SUR-AEO,NAM,Apex Coatings,29.6
2025-12-22,SUR-AEO,NAM,Apex Coatings,28.4
2025-12-29,SUR-AEO,NAM,Apex Coatings,38.0
2026-01-05,SUR-AEO,NAM,Apex Coatings,32.2
2026-01-12,SUR-AEO,NAM,Apex Coatings,28.0
2026-01-19,SUR-AEO,NAM,Apex Coatings,49.7
2026-01-26,SUR-AEO,NAM,Apex Coatings,46.0
2026-02-02,SUR-AEO,NAM,Apex Coatings,24.5
2026-02-09,SUR-AEO,NAM,Apex Coatings,27.0
2026-02-16,SUR-AEO,NAM,Apex Coatings,43.2
2026-02-23,SUR-AEO,NAM,Apex Coatings,35.5
2026-03-02,SUR-AEO,NAM,Apex Coatings,51.4
2026-03-09,SUR-AEO,NAM,Apex Coatings,41.6
2026-03-16,SUR-AEO,NAM,Apex Coatings,38.3
2026-03-23,SUR-AEO,NAM,Apex Coatings,28.7
2026-03-30,SUR-AEO,NAM,Apex Coatings,39.8
2026-04-06,SUR-AEO,NAM,Apex Coatings,27.1
2026-04-13,SUR-AEO,NAM,Apex Coatings,47.3
2026-04-20,SUR-AEO,NAM,Apex Coatings,38.9
2026-04-27,SUR-AEO,NAM,Apex Coatings,29.5
2026-05-04,SUR-AEO,NAM,Apex Coatings,41.9
2026-05-11,SUR-AEO,NAM,Apex Coatings,57.3
2026-05-18,SUR-AEO,NAM,Apex Coatings,32.8
2026-05-25,SUR-AEO,NAM,Apex Coatings,38.3
2026-06-01,SUR-AEO,NAM,Apex Coatings,30.5
2026-06-08,SUR-AEO,NAM,Apex Coatings,33.4
2026-06-15,SUR-AEO,NAM,Apex Coatings,23.5
2026-06-22,SUR-AEO,NAM,Apex Coatings,32.3
2026-06-29,SUR-AEO,NAM,Apex Coatings,32.5
2026-07-06,SUR-AEO,NAM,Apex Coatings,47.8
2026-07-13,SUR-AEO,NAM,Apex Coatings,21.7
2026-07-20,SUR-AEO,NAM,Apex Coatings,30.5
2026-07-27,SUR-AEO,NAM,Apex Coatings,42.9
2026-08-03,SUR-AEO,NAM,Apex Coatings,30.5
2026-08-10,SUR-AEO,NAM,Apex Coatings,30.8
2026-08-17,SUR-AEO,NAM,Apex Coatings,26.1
2026-08-24,SUR-AEO,NAM,Apex Coatings,25.1
2026-08-31,SUR-AEO,NAM,Apex Coatings,20.2
2026-09-07,SUR-AEO,NAM,Apex Coatings,26.0
2026-09-14,SUR-AEO,NAM,Apex Coatings,24.3
2026-09-21,SUR-AEO,NAM,Apex Coatings,30.9
2026-09-28,SUR-AEO,NAM,Apex Coatings,25.3
2024-10-07,SUR-AEO,NAM,Midwest Plastics,15.3
2024-10-14,SUR-AEO,NAM,Midwest Plastics,15.5
2024-10-21,SUR-AEO,NAM,Midwest Plastics,17.1
2024-10-28,SUR-AEO,NAM,Midwest Plastics,15.5
2024-11-04,SUR-AEO,NAM,Midwest Plastics,13.7
2024-11-11,SUR-AEO,NAM,Midwest Plastics,18.0
2024-11-18,SUR-AEO,NAM,Midwest Plastics,22.8
2024-11-25,SUR-AEO,NAM,Midwest Plastics,18.2
2024-12-02,SUR-AEO,NAM,Midwest Plastics,15.3
2024-12-09,SUR-AEO,NAM,Midwest Plastics,17.3
2024-12-16,SUR-AEO,NAM,Midwest Plastics,11.3
2024-12-23,SUR-AEO,NAM,Midwest Plastics,17.4
2024-12-30,SUR-AEO,NAM,Midwest Plastics,16.3
2025-01-06,SUR-AEO,NAM,Midwest Plastics,14.8
2025-01-13,SUR-AEO,NAM,Midwest Plastics,15.6
2025-01-20,SUR-AEO,NAM,Midwest Plastics,16.9
2025-01-27,SUR-AEO,NAM,Midwest Plastics,23.4
2025-02-03,SUR-AEO,NAM,Midwest Plastics,24.3
2025-02-10,SUR-AEO,NAM,Midwest Plastics,15.3
2025-02-17,SUR-AEO,NAM,Midwest Plastics,16.9
2025-02-24,SUR-AEO,NAM,Midwest Plastics,16.8
2025-03-03,SUR-AEO,NAM,Midwest Plastics,22.6
2025-03-10,SUR-AEO,NAM,Midwest Plastics,19.5
2025-03-17,SUR-AEO,NAM,Midwest Plastics,19.1
2025-03-24,SUR-AEO,NAM,Midwest Plastics,20.8
2025-03-31,SUR-AEO,NAM,Midwest Plastics,16.4
2025-04-07,SUR-AEO,NAM,Midwest Plastics,25.1
2025-04-14,SUR-AEO,NAM,Midwest Plastics,18.3
2025-04-21,SUR-AEO,NAM,Midwest Plastics,15.0
2025-04-28,SUR-AEO,NAM,Midwest Plastics,17.3
2025-05-05,SUR-AEO,NAM,Midwest Plastics,23.7
2025-05-12,SUR-AEO,NAM,Midwest Plastics,16.4
2025-05-19,SUR-AEO,NAM,Midwest Plastics,22.2
2025-05-26,SUR-AEO,NAM,Midwest Plastics,16.0
2025-06-02,SUR-AEO,NAM,Midwest Plastics,15.4
2025-06-09,SUR-AEO,NAM,Midwest Plastics,20.8
2025-06-16,SUR-AEO,NAM,Midwest Plastics,14.5
2025-06-23,SUR-AEO,NAM,Midwest Plastics,21.1
2025-06-30,SUR-AEO,NAM,Midwest Plastics,19.2
2025-07-07,SUR-AEO,NAM,Midwest Plastics,14.6
2025-07-14,SUR-AEO,NAM,Midwest Plastics,17.2
2025-07-21,SUR-AEO,NAM,Midwest Plastics,15.2
2025-07-28,SUR-AEO,NAM,Midwest Plastics,18.7
2025-08-04,SUR-AEO,NAM,Midwest Plastics,26.4
2025-08-11,SUR-AEO,NAM,Midwest Plastics,16.2
2025-08-18,SUR-AEO,NAM,Midwest Plastics,19.6
2025-08-25,SUR-AEO,NAM,Midwest Plastics,17.6
2025-09-01,SUR-AEO,NAM,Midwest Plastics,17.7
2025-09-08,SUR-AEO,NAM,Midwest Plastics,17.1
2025-09-15,SUR-AEO,NAM,Midwest Plastics,15.0
2025-09-22,SUR-AEO,NAM,Midwest Plastics,19.6
2025-09-29,SUR-AEO,NAM,Midwest Plastics,17.3
2025-10-06,SUR-AEO,NAM,Midwest Plastics,15.3
2025-10-13,SUR-AEO,NAM,Midwest Plastics,23.6
2025-10-20,SUR-AEO,NAM,Midwest Plastics,19.6
2025-10-27,SUR-AEO,NAM,Midwest Plastics,18.1
2025-11-03,SUR-AEO,NAM,Midwest Plastics,25.6
2025-11-10,SUR-AEO,NAM,Midwest Plastics,12.8
2025-11-17,SUR-AEO,NAM,Midwest Plastics,25.4
2025-11-24,SUR-AEO,NAM,Midwest Plastics,15.9
2025-12-01,SUR-AEO,NAM,Midwest Plastics,20.7
2025-12-08,SUR-AEO,NAM,Midwest Plastics,17.4
2025-12-15,SUR-AEO,NAM,Midwest Plastics,16.5
2025-12-22,SUR-AEO,NAM,Midwest Plastics,26.5
2025-12-29,SUR-AEO,NAM,Midwest Plastics,29.9
2026-01-05,SUR-AEO,NAM,Midwest Plastics,19.2
2026-01-12,SUR-AEO,NAM,Midwest Plastics,21.9
2026-01-19,SUR-AEO,NAM,Midwest Plastics,20.9
2026-01-26,SUR-AEO,NAM,Midwest Plastics,30.5
2026-02-02,SUR-AEO,NAM,Midwest Plastics,13.1
2026-02-09,SUR-AEO,NAM,Midwest Plastics,22.5
2026-02-16,SUR-AEO,NAM,Midwest Plastics,17.9
2026-02-23,SUR-AEO,NAM,Midwest Plastics,12.5
2026-03-02,SUR-AEO,NAM,Midwest Plastics,18.9
2026-03-09,SUR-AEO,NAM,Midwest Plastics,30.3
2026-03-16,SUR-AEO,NAM,Midwest Plastics,17.2
2026-03-23,SUR-AEO,NAM,Midwest Plastics,23.7
2026-03-30,SUR-AEO,NAM,Midwest Plastics,25.8
2026-04-06,SUR-AEO,NAM,Midwest Plastics,19.9
2026-04-13,SUR-AEO,NAM,Midwest Plastics,20.2
2026-04-20,SUR-AEO,NAM,Midwest Plastics,13.5
2026-04-27,SUR-AEO,NAM,Midwest Plastics,16.8
2026-05-04,SUR-AEO,NAM,Midwest Plastics,23.8
2026-05-11,SUR-AEO,NAM,Midwest Plastics,19.7
2026-05-18,SUR-AEO,NAM,Midwest Plastics,20.7
2026-05-25,SUR-AEO,NAM,Midwest Plastics,19.4
2026-06-01,SUR-AEO,NAM,Midwest Plastics,30.1
2026-06-08,SUR-AEO,NAM,Midwest Plastics,16.5
2026-06-15,SUR-AEO,NAM,Midwest Plastics,25.8
2026-06-22,SUR-AEO,NAM,Midwest Plastics,18.5
2026-06-29,SUR-AEO,NAM,Midwest Plastics,25.9
2026-07-06,SUR-AEO,NAM,Midwest Plastics,13.6
2026-07-13,SUR-AEO,NAM,Midwest Plastics,18.6
2026-07-20,SUR-AEO,NAM,Midwest Plastics,16.5
2026-07-27,SUR-AEO,NAM,Midwest Plastics,18.5
2026-08-03,SUR-AEO,NAM,Midwest Plastics,23.3
2026-08-10,SUR-AEO,NAM,Midwest Plastics,19.3
2026-08-17,SUR-AEO,NAM,Midwest Plastics,22.8
2026-08-24,SUR-AEO,NAM,Midwest Plastics,14.7
2026-08-31,SUR-AEO,NAM,Midwest Plastics,14.0
2026-09-07,SUR-AEO,NAM,Midwest Plastics,16.6
2026-09-14,SUR-AEO,NAM,Midwest Plastics,16.6
2026-09-21,SUR-AEO,NAM,Midwest Plastics,16.0
2026-09-28,SUR-AEO,NAM,Midwest Plastics,13.5
2024-10-07,SUR-AEO,NAM,Gulf Packaging,49.8
2024-10-14,SUR-AEO,NAM,Gulf Packaging,35.6
2024-10-21,SUR-AEO,NAM,Gulf Packaging,53.3
2024-10-28,SUR-AEO,NAM,Gulf Packaging,39.4
2024-11-04,SUR-AEO,NAM,Gulf Packaging,45.0
2024-11-11,SUR-AEO,NAM,Gulf Packaging,45.0
2024-11-18,SUR-AEO,NAM,Gulf Packaging,33.8
2024-11-25,SUR-AEO,NAM,Gulf Packaging,43.3
2024-12-02,SUR-AEO,NAM,Gulf Packaging,60.3
2024-12-09,SUR-AEO,NAM,Gulf Packaging,42.2
2024-12-16,SUR-AEO,NAM,Gulf Packaging,48.9
2024-12-23,SUR-AEO,NAM,Gulf Packaging,47.0
2024-12-30,SUR-AEO,NAM,Gulf Packaging,42.8
2025-01-06,SUR-AEO,NAM,Gulf Packaging,42.6
2025-01-13,SUR-AEO,NAM,Gulf Packaging,46.8
2025-01-20,SUR-AEO,NAM,Gulf Packaging,49.3
2025-01-27,SUR-AEO,NAM,Gulf Packaging,31.5
2025-02-03,SUR-AEO,NAM,Gulf Packaging,45.4
2025-02-10,SUR-AEO,NAM,Gulf Packaging,40.7
2025-02-17,SUR-AEO,NAM,Gulf Packaging,39.1
2025-02-24,SUR-AEO,NAM,Gulf Packaging,56.1
2025-03-03,SUR-AEO,NAM,Gulf Packaging,36.2
2025-03-10,SUR-AEO,NAM,Gulf Packaging,31.2
2025-03-17,SUR-AEO,NAM,Gulf Packaging,50.2
2025-03-24,SUR-AEO,NAM,Gulf Packaging,30.5
2025-03-31,SUR-AEO,NAM,Gulf Packaging,27.6
2025-04-07,SUR-AEO,NAM,Gulf Packaging,51.2
2025-04-14,SUR-AEO,NAM,Gulf Packaging,42.7
2025-04-21,SUR-AEO,NAM,Gulf Packaging,45.2
2025-04-28,SUR-AEO,NAM,Gulf Packaging,37.1
2025-05-05,SUR-AEO,NAM,Gulf Packaging,30.1
2025-05-12,SUR-AEO,NAM,Gulf Packaging,31.4
2025-05-19,SUR-AEO,NAM,Gulf Packaging,38.2
2025-05-26,SUR-AEO,NAM,Gulf Packaging,31.4
2025-06-02,SUR-AEO,NAM,Gulf Packaging,43.8
2025-06-09,SUR-AEO,NAM,Gulf Packaging,36.6
2025-06-16,SUR-AEO,NAM,Gulf Packaging,41.3
2025-06-23,SUR-AEO,NAM,Gulf Packaging,41.1
2025-06-30,SUR-AEO,NAM,Gulf Packaging,43.7
2025-07-07,SUR-AEO,NAM,Gulf Packaging,44.5
2025-07-14,SUR-AEO,NAM,Gulf Packaging,36.5
2025-07-21,SUR-AEO,NAM,Gulf Packaging,40.3
2025-07-28,SUR-AEO,NAM,Gulf Packaging,41.0
2025-08-04,SUR-AEO,NAM,Gulf Packaging,23.0
2025-08-11,SUR-AEO,NAM,Gulf Packaging,45.7
2025-08-18,SUR-AEO,NAM,Gulf Packaging,40.7
2025-08-25,SUR-AEO,NAM,Gulf Packaging,44.6
2025-09-01,SUR-AEO,NAM,Gulf Packaging,29.9
2025-09-08,SUR-AEO,NAM,Gulf Packaging,37.2
2025-09-15,SUR-AEO,NAM,Gulf Packaging,32.0
2025-09-22,SUR-AEO,NAM,Gulf Packaging,48.2
2025-09-29,SUR-AEO,NAM,Gulf Packaging,30.6
2025-10-06,SUR-AEO,NAM,Gulf Packaging,34.4
2025-10-13,SUR-AEO,NAM,Gulf Packaging,47.8
2025-10-20,SUR-AEO,NAM,Gulf Packaging,37.7
2025-10-27,SUR-AEO,NAM,Gulf Packaging,34.9
2025-11-03,SUR-AEO,NAM,Gulf Packaging,52.5
2025-11-10,SUR-AEO,NAM,Gulf Packaging,53.2
2025-11-17,SUR-AEO,NAM,Gulf Packaging,50.6
2025-11-24,SUR-AEO,NAM,Gulf Packaging,52.3
2025-12-01,SUR-AEO,NAM,Gulf Packaging,42.4
2025-12-08,SUR-AEO,NAM,Gulf Packaging,42.6
2025-12-15,SUR-AEO,NAM,Gulf Packaging,39.5
2025-12-22,SUR-AEO,NAM,Gulf Packaging,46.4
2025-12-29,SUR-AEO,NAM,Gulf Packaging,39.9
2026-01-05,SUR-AEO,NAM,Gulf Packaging,41.2
2026-01-12,SUR-AEO,NAM,Gulf Packaging,52.2
2026-01-19,SUR-AEO,NAM,Gulf Packaging,60.2
2026-01-26,SUR-AEO,NAM,Gulf Packaging,51.3
2026-02-02,SUR-AEO,NAM,Gulf Packaging,69.6
2026-02-09,SUR-AEO,NAM,Gulf Packaging,40.0
2026-02-16,SUR-AEO,NAM,Gulf Packaging,31.7
2026-02-23,SUR-AEO,NAM,Gulf Packaging,55.2
2026-03-02,SUR-AEO,NAM,Gulf Packaging,39.0
2026-03-09,SUR-AEO,NAM,Gulf Packaging,42.8
2026-03-16,SUR-AEO,NAM,Gulf Packaging,30.4
2026-03-23,SUR-AEO,NAM,Gulf Packaging,36.8
2026-03-30,SUR-AEO,NAM,Gulf Packaging,32.1
2026-04-06,SUR-AEO,NAM,Gulf Packaging,40.8
2026-04-13,SUR-AEO,NAM,Gulf Packaging,40.7
2026-04-20,SUR-AEO,NAM,Gulf Packaging,45.2
2026-04-27,SUR-AEO,NAM,Gulf Packaging,58.0
2026-05-04,SUR-AEO,NAM,Gulf Packaging,50.9
2026-05-11,SUR-AEO,NAM,Gulf Packaging,30.6
2026-05-18,SUR-AEO,NAM,Gulf Packaging,49.1
2026-05-25,SUR-AEO,NAM,Gulf Packaging,43.5
2026-06-01,SUR-AEO,NAM,Gulf Packaging,41.0
2026-06-08,SUR-AEO,NAM,Gulf Packaging,40.8
2026-06-15,SUR-AEO,NAM,Gulf Packaging,42.8
2026-06-22,SUR-AEO,NAM,Gulf Packaging,34.7
2026-06-29,SUR-AEO,NAM,Gulf Packaging,38.6
2026-07-06,SUR-AEO,NAM,Gulf Packaging,52.2
2026-07-13,SUR-AEO,NAM,Gulf Packaging,34.5
2026-07-20,SUR-AEO,NAM,Gulf Packaging,32.3
2026-07-27,SUR-AEO,NAM,Gulf Packaging,39.9
2026-08-03,SUR-AEO,NAM,Gulf Packaging,31.3
2026-08-10,SUR-AEO,NAM,Gulf Packaging,27.4
2026-08-17,SUR-AEO,NAM,Gulf Packaging,36.3
2026-08-24,SUR-AEO,NAM,Gulf Packaging,52.9
2026-08-31,SUR-AEO,NAM,Gulf Packaging,37.5
2026-09-07,SUR-AEO,NAM,Gulf Packaging,38.9
2026-09-14,SUR-AEO,NAM,Gulf Packaging,23.6
2026-09-21,SUR-AEO,NAM,Gulf Packaging,41.4
2026-09-28,SUR-AEO,NAM,Gulf Packaging,38.4
2024-10-07,SUR-AEO,EU,Rhein Composites,29.7
2024-10-14,SUR-AEO,EU,Rhein Composites,34.8
2024-10-21,SUR-AEO,EU,Rhein Composites,44.0
2024-10-28,SUR-AEO,EU,Rhein Composites,28.1
2024-11-04,SUR-AEO,EU,Rhein Composites,42.1
2024-11-11,SUR-AEO,EU,Rhein Composites,31.7
2024-11-18,SUR-AEO,EU,Rhein Composites,38.9
2024-11-25,SUR-AEO,EU,Rhein Composites,33.4
2024-12-02,SUR-AEO,EU,Rhein Composites,32.8
2024-12-09,SUR-AEO,EU,Rhein Composites,52.6
2024-12-16,SUR-AEO,EU,Rhein Composites,27.9
2024-12-23,SUR-AEO,EU,Rhein Composites,42.2
2024-12-30,SUR-AEO,EU,Rhein Composites,54.7
2025-01-06,SUR-AEO,EU,Rhein Composites,43.6
2025-01-13,SUR-AEO,EU,Rhein Composites,28.0
2025-01-20,SUR-AEO,EU,Rhein Composites,28.4
2025-01-27,SUR-AEO,EU,Rhein Composites,31.9
2025-02-03,SUR-AEO,EU,Rhein Composites,40.1
2025-02-10,SUR-AEO,EU,Rhein Composites,40.5
2025-02-17,SUR-AEO,EU,Rhein Composites,28.7
2025-02-24,SUR-AEO,EU,Rhein Composites,31.4
2025-03-03,SUR-AEO,EU,Rhein Composites,31.8
2025-03-10,SUR-AEO,EU,Rhein Composites,37.1
2025-03-17,SUR-AEO,EU,Rhein Composites,60.3
2025-03-24,SUR-AEO,EU,Rhein Composites,31.7
2025-03-31,SUR-AEO,EU,Rhein Composites,31.9
2025-04-07,SUR-AEO,EU,Rhein Composites,30.0
2025-04-14,SUR-AEO,EU,Rhein Composites,43.7
2025-04-21,SUR-AEO,EU,Rhein Composites,36.9
2025-04-28,SUR-AEO,EU,Rhein Composites,30.1
2025-05-05,SUR-AEO,EU,Rhein Composites,32.9
2025-05-12,SUR-AEO,EU,Rhein Composites,30.0
2025-05-19,SUR-AEO,EU,Rhein Composites,37.6
2025-05-26,SUR-AEO,EU,Rhein Composites,61.8
2025-06-02,SUR-AEO,EU,Rhein Composites,37.7
2025-06-09,SUR-AEO,EU,Rhein Composites,32.6
2025-06-16,SUR-AEO,EU,Rhein Composites,28.8
2025-06-23,SUR-AEO,EU,Rhein Composites,25.4
2025-06-30,SUR-AEO,EU,Rhein Composites,41.5
2025-07-07,SUR-AEO,EU,Rhein Composites,40.9
2025-07-14,SUR-AEO,EU,Rhein Composites,31.3
2025-07-21,SUR-AEO,EU,Rhein Composites,43.9
2025-07-28,SUR-AEO,EU,Rhein Composites,33.6
2025-08-04,SUR-AEO,EU,Rhein Composites,39.2
2025-08-11,SUR-AEO,EU,Rhein Composites,35.1
2025-08-18,SUR-AEO,EU,Rhein Composites,31.3
2025-08-25,SUR-AEO,EU,Rhein Composites,26.4
2025-09-01,SUR-AEO,EU,Rhein Composites,32.1
2025-09-08,SUR-AEO,EU,Rhein Composites,40.0
2025-09-15,SUR-AEO,EU,Rhein Composites,29.9
2025-09-22,SUR-AEO,EU,Rhein Composites,36.4
2025-09-29,SUR-AEO,EU,Rhein Composites,25.5
2025-10-06,SUR-AEO,EU,Rhein Composites,38.5
2025-10-13,SUR-AEO,EU,Rhein Composites,35.0
2025-10-20,SUR-AEO,EU,Rhein Composites,25.9
2025-10-27,SUR-AEO,EU,Rhein Composites,32.4
2025-11-03,SUR-AEO,EU,Rhein Composites,42.8
2025-11-10,SUR-AEO,EU,Rhein Composites,26.4
2025-11-17,SUR-AEO,EU,Rhein Composites,27.3
2025-11-24,SUR-AEO,EU,Rhein Composites,33.8
2025-12-01,SUR-AEO,EU,Rhein Composites,54.6
2025-12-08,SUR-AEO,EU,Rhein Composites,30.6
2025-12-15,SUR-AEO,EU,Rhein Composites,39.5
2025-12-22,SUR-AEO,EU,Rhein Composites,38.1
2025-12-29,SUR-AEO,EU,Rhein Composites,31.5
2026-01-05,SUR-AEO,EU,Rhein Composites,37.7
2026-01-12,SUR-AEO,EU,Rhein Composites,33.4
2026-01-19,SUR-AEO,EU,Rhein Composites,34.0
2026-01-26,SUR-AEO,EU,Rhein Composites,25.6
2026-02-02,SUR-AEO,EU,Rhein Composites,36.4
2026-02-09,SUR-AEO,EU,Rhein Composites,44.8
2026-02-16,SUR-AEO,EU,Rhein Composites,37.0
2026-02-23,SUR-AEO,EU,Rhein Composites,45.7
2026-03-02,SUR-AEO,EU,Rhein Composites,39.9
2026-03-09,SUR-AEO,EU,Rhein Composites,34.7
2026-03-16,SUR-AEO,EU,Rhein Composites,31.1
2026-03-23,SUR-AEO,EU,Rhein Composites,32.0
2026-03-30,SUR-AEO,EU,Rhein Composites,25.6
2026-04-06,SUR-AEO,EU,Rhein Composites,33.3
2026-04-13,SUR-AEO,EU,Rhein Composites,36.9
2026-04-20,SUR-AEO,EU,Rhein Composites,51.8
2026-04-27,SUR-AEO,EU,Rhein Composites,39.4
2026-05-04,SUR-AEO,EU,Rhein Composites,29.2
2026-05-11,SUR-AEO,EU,Rhein Composites,25.6
2026-05-18,SUR-AEO,EU,Rhein Composites,34.1
2026-05-25,SUR-AEO,EU,Rhein Composites,42.3
2026-06-01,SUR-AEO,EU,Rhein Composites,32.9
2026-06-08,SUR-AEO,EU,Rhein Composites,37.9
2026-06-15,SUR-AEO,EU,Rhein Composites,32.9
2026-06-22,SUR-AEO,EU,Rhein Composites,40.5
2026-06-29,SUR-AEO,EU,Rhein Composites,24.2
2026-07-06,SUR-AEO,EU,Rhein Composites,48.4
2026-07-13,SUR-AEO,EU,Rhein Composites,27.0
2026-07-20,SUR-AEO,EU,Rhein Composites,40.3
2026-07-27,SUR-AEO,EU,Rhein Composites,31.3
2026-08-03,SUR-AEO,EU,Rhein Composites,32.7
2026-08-10,SUR-AEO,EU,Rhein Composites,31.6
2026-08-17,SUR-AEO,EU,Rhein Composites,34.7
2026-08-24,SUR-AEO,EU,Rhein Composites,35.6
2026-08-31,SUR-AEO,EU,Rhein Composites,40.1
2026-09-07,SUR-AEO,EU,Rhein Composites,43.7
2026-09-14,SUR-AEO,EU,Rhein Composites,33.9
2026-09-21,SUR-AEO,EU,Rhein Composites,46.0
2026-09-28,SUR-AEO,EU,Rhein Composites,30.7
2024-10-07,SUR-AEO,EU,Nordic Paints,14.5
2024-10-14,SUR-AEO,EU,Nordic Paints,12.7
2024-10-21,SUR-AEO,EU,Nordic Paints,10.3
2024-10-28,SUR-AEO,EU,Nordic Paints,12.2
2024-11-04,SUR-AEO,EU,Nordic Paints,13.2
2024-11-11,SUR-AEO,EU,Nordic Paints,11.7
2024-11-18,SUR-AEO,EU,Nordic Paints,12.9
2024-11-25,SUR-AEO,EU,Nordic Paints,14.6
2024-12-02,SUR-AEO,EU,Nordic Paints,11.8
2024-12-09,SUR-AEO,EU,Nordic Paints,6.3
2024-12-16,SUR-AEO,EU,Nordic Paints,17.6
2024-12-23,SUR-AEO,EU,Nordic Paints,11.3
2024-12-30,SUR-AEO,EU,Nordic Paints,9.9
2025-01-06,SUR-AEO,EU,Nordic Paints,9.4
2025-01-13,SUR-AEO,EU,Nordic Paints,11.1
2025-01-20,SUR-AEO,EU,Nordic Paints,10.6
2025-01-27,SUR-AEO,EU,Nordic Paints,10.2
2025-02-03,SUR-AEO,EU,Nordic Paints,10.6
2025-02-10,SUR-AEO,EU,Nordic Paints,13.8
2025-02-17,SUR-AEO,EU,Nordic Paints,18.9
2025-02-24,SUR-AEO,EU,Nordic Paints,14.5
2025-03-03,SUR-AEO,EU,Nordic Paints,15.5
2025-03-10,SUR-AEO,EU,Nordic Paints,11.3
2025-03-17,SUR-AEO,EU,Nordic Paints,12.7
2025-03-24,SUR-AEO,EU,Nordic Paints,13.7
2025-03-31,SUR-AEO,EU,Nordic Paints,10.9
2025-04-07,SUR-AEO,EU,Nordic Paints,11.2
2025-04-14,SUR-AEO,EU,Nordic Paints,14.7
2025-04-21,SUR-AEO,EU,Nordic Paints,15.1
2025-04-28,SUR-AEO,EU,Nordic Paints,11.9
2025-05-05,SUR-AEO,EU,Nordic Paints,8.8
2025-05-12,SUR-AEO,EU,Nordic Paints,10.7
2025-05-19,SUR-AEO,EU,Nordic Paints,8.2
2025-05-26,SUR-AEO,EU,Nordic Paints,11.1
2025-06-02,SUR-AEO,EU,Nordic Paints,11.3
2025-06-09,SUR-AEO,EU,Nordic Paints,10.0
2025-06-16,SUR-AEO,EU,Nordic Paints,11.2
2025-06-23,SUR-AEO,EU,Nordic Paints,12.0
2025-06-30,SUR-AEO,EU,Nordic Paints,11.9
2025-07-07,SUR-AEO,EU,Nordic Paints,8.6
2025-07-14,SUR-AEO,EU,Nordic Paints,10.5
2025-07-21,SUR-AEO,EU,Nordic Paints,11.7
2025-07-28,SUR-AEO,EU,Nordic Paints,15.1
2025-08-04,SUR-AEO,EU,Nordic Paints,9.9
2025-08-11,SUR-AEO,EU,Nordic Paints,11.8
2025-08-18,SUR-AEO,EU,Nordic Paints,12.6
2025-08-25,SUR-AEO,EU,Nordic Paints,10.0
2025-09-01,SUR-AEO,EU,Nordic Paints,13.6
2025-09-08,SUR-AEO,EU,Nordic Paints,13.8
2025-09-15,SUR-AEO,EU,Nordic Paints,14.4
2025-09-22,SUR-AEO,EU,Nordic Paints,11.7
2025-09-29,SUR-AEO,EU,Nordic Paints,17.4
2025-10-06,SUR-AEO,EU,Nordic Paints,9.0
2025-10-13,SUR-AEO,EU,Nordic Paints,16.6
2025-10-20,SUR-AEO,EU,Nordic Paints,12.8
2025-10-27,SUR-AEO,EU,Nordic Paints,14.6
2025-11-03,SUR-AEO,EU,Nordic Paints,10.4
2025-11-10,SUR-AEO,EU,Nordic Paints,13.4
2025-11-17,SUR-AEO,EU,Nordic Paints,15.1
2025-11-24,SUR-AEO,EU,Nordic Paints,8.6
2025-12-01,SUR-AEO,EU,Nordic Paints,10.5
2025-12-08,SUR-AEO,EU,Nordic Paints,7.1
2025-12-15,SUR-AEO,EU,Nordic Paints,10.9
2025-12-22,SUR-AEO,EU,Nordic Paints,9.6
2025-12-29,SUR-AEO,EU,Nordic Paints,10.9
2026-01-05,SUR-AEO,EU,Nordic Paints,22.1
2026-01-12,SUR-AEO,EU,Nordic Paints,17.2
2026-01-19,SUR-AEO,EU,Nordic Paints,8.6
2026-01-26,SUR-AEO,EU,Nordic Paints,13.3
2026-02-02,SUR-AEO,EU,Nordic Paints,13.9
2026-02-09,SUR-AEO,EU,Nordic Paints,10.9
2026-02-16,SUR-AEO,EU,Nordic Paints,12.1
2026-02-23,SUR-AEO,EU,Nordic Paints,12.2
2026-03-02,SUR-AEO,EU,Nordic Paints,8.3
2026-03-09,SUR-AEO,EU,Nordic Paints,8.9
2026-03-16,SUR-AEO,EU,Nordic Paints,11.8
2026-03-23,SUR-AEO,EU,Nordic Paints,11.6
2026-03-30,SUR-AEO,EU,Nordic Paints,9.7
2026-04-06,SUR-AEO,EU,Nordic Paints,9.5
2026-04-13,SUR-AEO,EU,Nordic Paints,11.2
2026-04-20,SUR-AEO,EU,Nordic Paints,13.8
2026-04-27,SUR-AEO,EU,Nordic Paints,11.0
2026-05-04,SUR-AEO,EU,Nordic Paints,16.1
2026-05-11,SUR-AEO,EU,Nordic Paints,9.6
2026-05-18,SUR-AEO,EU,Nordic Paints,11.9
2026-05-25,SUR-AEO,EU,Nordic Paints,10.4
2026-06-01,SUR-AEO,EU,Nordic Paints,12.6
2026-06-08,SUR-AEO,EU,Nordic Paints,9.0
2026-06-15,SUR-AEO,EU,Nordic Paints,16.7
2026-06-22,SUR-AEO,EU,Nordic Paints,7.6
2026-06-29,SUR-AEO,EU,Nordic Paints,16.0
2026-07-06,SUR-AEO,EU,Nordic Paints,11.1
2026-07-13,SUR-AEO,EU,Nordic Paints,12.4
2026-07-20,SUR-AEO,EU,Nordic Paints,14.5
2026-07-27,SUR-AEO,EU,Nordic Paints,12.8
2026-08-03,SUR-AEO,EU,Nordic Paints,9.1
2026-08-10,SUR-AEO,EU,Nordic Paints,12.1
2026-08-17,SUR-AEO,EU,Nordic Paints,15.8
2026-08-24,SUR-AEO,EU,Nordic Paints,8.5
2026-08-31,SUR-AEO,EU,Nordic Paints,16.2
2026-09-07,SUR-AEO,EU,Nordic Paints,11.1
2026-09-14,SUR-AEO,EU,Nordic Paints,9.1
2026-09-21,SUR-AEO,EU,Nordic Paints,8.3
2026-09-28,SUR-AEO,EU,Nordic Paints,9.1
2024-10-07,SUR-AEO,EU,Iberia Polymers,21.7
2024-10-14,SUR-AEO,EU,Iberia Polymers,30.7
2024-10-21,SUR-AEO,EU,Iberia Polymers,32.0
2024-10-28,SUR-AEO,EU,Iberia Polymers,27.0
2024-11-04,SUR-AEO,EU,Iberia Polymers,40.6
2024-11-11,SUR-AEO,EU,Iberia Polymers,32.6
2024-11-18,SUR-AEO,EU,Iberia Polymers,29.8
2024-11-25,SUR-AEO,EU,Iberia Polymers,32.7
2024-12-02,SUR-AEO,EU,Iberia Polymers,37.3
2024-12-09,SUR-AEO,EU,Iberia Polymers,35.5
2024-12-16,SUR-AEO,EU,Iberia Polymers,30.3
2024-12-23,SUR-AEO,EU,Iberia Polymers,36.2
2024-12-30,SUR-AEO,EU,Iberia Polymers,34.3
2025-01-06,SUR-AEO,EU,Iberia Polymers,27.1
2025-01-13,SUR-AEO,EU,Iberia Polymers,32.7
2025-01-20,SUR-AEO,EU,Iberia Polymers,39.7
2025-01-27,SUR-AEO,EU,Iberia Polymers,39.7
2025-02-03,SUR-AEO,EU,Iberia Polymers,34.2
2025-02-10,SUR-AEO,EU,Iberia Polymers,41.6
2025-02-17,SUR-AEO,EU,Iberia Polymers,28.4
2025-02-24,SUR-AEO,EU,Iberia Polymers,28.7
2025-03-03,SUR-AEO,EU,Iberia Polymers,33.4
2025-03-10,SUR-AEO,EU,Iberia Polymers,49.9
2025-03-17,SUR-AEO,EU,Iberia Polymers,37.6
2025-03-24,SUR-AEO,EU,Iberia Polymers,34.1
2025-03-31,SUR-AEO,EU,Iberia Polymers,51.6
2025-04-07,SUR-AEO,EU,Iberia Polymers,33.6
2025-04-14,SUR-AEO,EU,Iberia Polymers,57.8
2025-04-21,SUR-AEO,EU,Iberia Polymers,30.9
2025-04-28,SUR-AEO,EU,Iberia Polymers,27.3
2025-05-05,SUR-AEO,EU,Iberia Polymers,32.0
2025-05-12,SUR-AEO,EU,Iberia Polymers,31.4
2025-05-19,SUR-AEO,EU,Iberia Polymers,27.4
2025-05-26,SUR-AEO,EU,Iberia Polymers,56.4
2025-06-02,SUR-AEO,EU,Iberia Polymers,33.3
2025-06-09,SUR-AEO,EU,Iberia Polymers,34.3
2025-06-16,SUR-AEO,EU,Iberia Polymers,28.0
2025-06-23,SUR-AEO,EU,Iberia Polymers,28.0
2025-06-30,SUR-AEO,EU,Iberia Polymers,41.1
2025-07-07,SUR-AEO,EU,Iberia Polymers,22.7
2025-07-14,SUR-AEO,EU,Iberia Polymers,25.1
2025-07-21,SUR-AEO,EU,Iberia Polymers,29.6
2025-07-28,SUR-AEO,EU,Iberia Polymers,41.9
2025-08-04,SUR-AEO,EU,Iberia Polymers,28.3
2025-08-11,SUR-AEO,EU,Iberia Polymers,33.5
2025-08-18,SUR-AEO,EU,Iberia Polymers,30.4
2025-08-25,SUR-AEO,EU,Iberia Polymers,40.3
2025-09-01,SUR-AEO,EU,Iberia Polymers,21.7
2025-09-08,SUR-AEO,EU,Iberia Polymers,36.3
2025-09-15,SUR-AEO,EU,Iberia Polymers,29.7
2025-09-22,SUR-AEO,EU,Iberia Polymers,37.7
2025-09-29,SUR-AEO,EU,Iberia Polymers,25.2
2025-10-06,SUR-AEO,EU,Iberia Polymers,30.3
2025-10-13,SUR-AEO,EU,Iberia Polymers,29.7
2025-10-20,SUR-AEO,EU,Iberia Polymers,25.2
2025-10-27,SUR-AEO,EU,Iberia Polymers,23.9
2025-11-03,SUR-AEO,EU,Iberia Polymers,28.5
2025-11-10,SUR-AEO,EU,Iberia Polymers,33.3
2025-11-17,SUR-AEO,EU,Iberia Polymers,27.2
2025-11-24,SUR-AEO,EU,Iberia Polymers,29.6
2025-12-01,SUR-AEO,EU,Iberia Polymers,21.0
2025-12-08,SUR-AEO,EU,Iberia Polymers,30.4
2025-12-15,SUR-AEO,EU,Iberia Polymers,41.2
2025-12-22,SUR-AEO,EU,Iberia Polymers,39.1
2025-12-29,SUR-AEO,EU,Iberia Polymers,32.7
2026-01-05,SUR-AEO,EU,Iberia Polymers,35.7
2026-01-12,SUR-AEO,EU,Iberia Polymers,28.6
2026-01-19,SUR-AEO,EU,Iberia Polymers,48.9
2026-01-26,SUR-AEO,EU,Iberia Polymers,54.0
2026-02-02,SUR-AEO,EU,Iberia Polymers,35.2
2026-02-09,SUR-AEO,EU,Iberia Polymers,60.4
2026-02-16,SUR-AEO,EU,Iberia Polymers,29.2
2026-02-23,SUR-AEO,EU,Iberia Polymers,25.4
2026-03-02,SUR-AEO,EU,Iberia Polymers,27.9
2026-03-09,SUR-AEO,EU,Iberia Polymers,31.1
2026-03-16,SUR-AEO,EU,Iberia Polymers,55.3
2026-03-23,SUR-AEO,EU,Iberia Polymers,31.1
2026-03-30,SUR-AEO,EU,Iberia Polymers,27.2
2026-04-06,SUR-AEO,EU,Iberia Polymers,26.9
2026-04-13,SUR-AEO,EU,Iberia Polymers,42.7
2026-04-20,SUR-AEO,EU,Iberia Polymers,41.1
2026-04-27,SUR-AEO,EU,Iberia Polymers,29.3
2026-05-04,SUR-AEO,EU,Iberia Polymers,21.7
2026-05-11,SUR-AEO,EU,Iberia Polymers,25.5
2026-05-18,SUR-AEO,EU,Iberia Polymers,48.5
2026-05-25,SUR-AEO,EU,Iberia Polymers,38.3
2026-06-01,SUR-AEO,EU,Iberia Polymers,32.6
2026-06-08,SUR-AEO,EU,Iberia Polymers,47.1
2026-06-15,SUR-AEO,EU,Iberia Polymers,48.9
2026-06-22,SUR-AEO,EU,Iberia Polymers,31.9
2026-06-29,SUR-AEO,EU,Iberia Polymers,31.8
2026-07-06,SUR-AEO,EU,Iberia Polymers,27.8
2026-07-13,SUR-AEO,EU,Iberia Polymers,30.1
2026-07-20,SUR-AEO,EU,Iberia Polymers,22.7
2026-07-27,SUR-AEO,EU,Iberia Polymers,22.3
2026-08-03,SUR-AEO,EU,Iberia Polymers,21.3
2026-08-10,SUR-AEO,EU,Iberia Polymers,39.3
2026-08-17,SUR-AEO,EU,Iberia Polymers,21.6
2026-08-24,SUR-AEO,EU,Iberia Polymers,46.0
2026-08-31,SUR-AEO,EU,Iberia Polymers,25.2
2026-09-07,SUR-AEO,EU,Iberia Polymers,43.7
2026-09-14,SUR-AEO,EU,Iberia Polymers,27.0
2026-09-21,SUR-AEO,EU,Iberia Polymers,20.8
2026-09-28,SUR-AEO,EU,Iberia Polymers,37.0
2024-10-07,SUR-AEO,APAC,Pacific Coatings,30.9
2024-10-14,SUR-AEO,APAC,Pacific Coatings,40.4
2024-10-21,SUR-AEO,APAC,Pacific Coatings,53.2
2024-10-28,SUR-AEO,APAC,Pacific Coatings,43.3
2024-11-04,SUR-AEO,APAC,Pacific Coatings,41.6
2024-11-11,SUR-AEO,APAC,Pacific Coatings,36.7
2024-11-18,SUR-AEO,APAC,Pacific Coatings,38.4
2024-11-25,SUR-AEO,APAC,Pacific Coatings,59.4
2024-12-02,SUR-AEO,APAC,Pacific Coatings,33.5
2024-12-09,SUR-AEO,APAC,Pacific Coatings,49.8
2024-12-16,SUR-AEO,APAC,Pacific Coatings,43.3
2024-12-23,SUR-AEO,APAC,Pacific Coatings,45.2
2024-12-30,SUR-AEO,APAC,Pacific Coatings,37.0
2025-01-06,SUR-AEO,APAC,Pacific Coatings,39.8
2025-01-13,SUR-AEO,APAC,Pacific Coatings,42.4
2025-01-20,SUR-AEO,APAC,Pacific Coatings,37.8
2025-01-27,SUR-AEO,APAC,Pacific Coatings,45.7
2025-02-03,SUR-AEO,APAC,Pacific Coatings,46.9
2025-02-10,SUR-AEO,APAC,Pacific Coatings,67.5
2025-02-17,SUR-AEO,APAC,Pacific Coatings,44.6
2025-02-24,SUR-AEO,APAC,Pacific Coatings,27.7
2025-03-03,SUR-AEO,APAC,Pacific Coatings,56.6
2025-03-10,SUR-AEO,APAC,Pacific Coatings,43.1
2025-03-17,SUR-AEO,APAC,Pacific Coatings,69.9
2025-03-24,SUR-AEO,APAC,Pacific Coatings,62.2
2025-03-31,SUR-AEO,APAC,Pacific Coatings,39.8
2025-04-07,SUR-AEO,APAC,Pacific Coatings,52.0
2025-04-14,SUR-AEO,APAC,Pacific Coatings,39.5
2025-04-21,SUR-AEO,APAC,Pacific Coatings,46.3
2025-04-28,SUR-AEO,APAC,Pacific Coatings,53.4
2025-05-05,SUR-AEO,APAC,Pacific Coatings,59.1
2025-05-12,SUR-AEO,APAC,Pacific Coatings,55.2
2025-05-19,SUR-AEO,APAC,Pacific Coatings,46.3
2025-05-26,SUR-AEO,APAC,Pacific Coatings,78.2
2025-06-02,SUR-AEO,APAC,Pacific Coatings,42.0
2025-06-09,SUR-AEO,APAC,Pacific Coatings,31.7
2025-06-16,SUR-AEO,APAC,Pacific Coatings,33.4
2025-06-23,SUR-AEO,APAC,Pacific Coatings,61.8
2025-06-30,SUR-AEO,APAC,Pacific Coatings,43.3
2025-07-07,SUR-AEO,APAC,Pacific Coatings,47.4
2025-07-14,SUR-AEO,APAC,Pacific Coatings,40.0
2025-07-21,SUR-AEO,APAC,Pacific Coatings,40.3
2025-07-28,SUR-AEO,APAC,Pacific Coatings,38.6
2025-08-04,SUR-AEO,APAC,Pacific Coatings,53.5
2025-08-11,SUR-AEO,APAC,Pacific Coatings,46.3
2025-08-18,SUR-AEO,APAC,Pacific Coatings,51.8
2025-08-25,SUR-AEO,APAC,Pacific Coatings,51.0
2025-09-01,SUR-AEO,APAC,Pacific Coatings,44.2
2025-09-08,SUR-AEO,APAC,Pacific Coatings,34.6
2025-09-15,SUR-AEO,APAC,Pacific Coatings,33.8
2025-09-22,SUR-AEO,APAC,Pacific Coatings,93.1
2025-09-29,SUR-AEO,APAC,Pacific Coatings,66.3
2025-10-06,SUR-AEO,APAC,Pacific Coatings,63.6
2025-10-13,SUR-AEO,APAC,Pacific Coatings,40.6
2025-10-20,SUR-AEO,APAC,Pacific Coatings,46.0
2025-10-27,SUR-AEO,APAC,Pacific Coatings,37.9
2025-11-03,SUR-AEO,APAC,Pacific Coatings,33.5
2025-11-10,SUR-AEO,APAC,Pacific Coatings,39.3
2025-11-17,SUR-AEO,APAC,Pacific Coatings,58.8
2025-11-24,SUR-AEO,APAC,Pacific Coatings,53.0
2025-12-01,SUR-AEO,APAC,Pacific Coatings,35.9
2025-12-08,SUR-AEO,APAC,Pacific Coatings,41.1
2025-12-15,SUR-AEO,APAC,Pacific Coatings,51.9
2025-12-22,SUR-AEO,APAC,Pacific Coatings,38.6
2025-12-29,SUR-AEO,APAC,Pacific Coatings,44.3
2026-01-05,SUR-AEO,APAC,Pacific Coatings,46.8
2026-01-12,SUR-AEO,APAC,Pacific Coatings,46.8
2026-01-19,SUR-AEO,APAC,Pacific Coatings,45.3
2026-01-26,SUR-AEO,APAC,Pacific Coatings,38.1
2026-02-02,SUR-AEO,APAC,Pacific Coatings,39.7
2026-02-09,SUR-AEO,APAC,Pacific Coatings,35.1
2026-02-16,SUR-AEO,APAC,Pacific Coatings,31.7
2026-02-23,SUR-AEO,APAC,Pacific Coatings,43.1
2026-03-02,SUR-AEO,APAC,Pacific Coatings,53.8
2026-03-09,SUR-AEO,APAC,Pacific Coatings,33.5
2026-03-16,SUR-AEO,APAC,Pacific Coatings,48.7
2026-03-23,SUR-AEO,APAC,Pacific Coatings,53.6
2026-03-30,SUR-AEO,APAC,Pacific Coatings,30.8
2026-04-06,SUR-AEO,APAC,Pacific Coatings,44.0
2026-04-13,SUR-AEO,APAC,Pacific Coatings,66.6
2026-04-20,SUR-AEO,APAC,Pacific Coatings,52.6
2026-04-27,SUR-AEO,APAC,Pacific Coatings,31.1
2026-05-04,SUR-AEO,APAC,Pacific Coatings,55.1
2026-05-11,SUR-AEO,APAC,Pacific Coatings,40.6
2026-05-18,SUR-AEO,APAC,Pacific Coatings,56.3
2026-05-25,SUR-AEO,APAC,Pacific Coatings,41.7
2026-06-01,SUR-AEO,APAC,Pacific Coatings,48.4
2026-06-08,SUR-AEO,APAC,Pacific Coatings,44.8
2026-06-15,SUR-AEO,APAC,Pacific Coatings,49.1
2026-06-22,SUR-AEO,APAC,Pacific Coatings,43.6
2026-06-29,SUR-AEO,APAC,Pacific Coatings,47.4
2026-07-06,SUR-AEO,APAC,Pacific Coatings,38.9
2026-07-13,SUR-AEO,APAC,Pacific Coatings,56.1
2026-07-20,SUR-AEO,APAC,Pacific Coatings,51.2
2026-07-27,SUR-AEO,APAC,Pacific Coatings,34.8
2026-08-03,SUR-AEO,APAC,Pacific Coatings,63.6
2026-08-10,SUR-AEO,APAC,Pacific Coatings,48.0
2026-08-17,SUR-AEO,APAC,Pacific Coatings,53.9
2026-08-24,SUR-AEO,APAC,Pacific Coatings,62.8
2026-08-31,SUR-AEO,APAC,Pacific Coatings,58.3
2026-09-07,SUR-AEO,APAC,Pacific Coatings,70.7
2026-09-14,SUR-AEO,APAC,Pacific Coatings,52.1
2026-09-21,SUR-AEO,APAC,Pacific Coatings,72.0
2026-09-28,SUR-AEO,APAC,Pacific Coatings,60.5
2024-10-07,SUR-AEO,APAC,Shenzhen Electronic Materials,34.0
2024-10-14,SUR-AEO,APAC,Shenzhen Electronic Materials,33.1
2024-10-21,SUR-AEO,APAC,Shenzhen Electronic Materials,39.5
2024-10-28,SUR-AEO,APAC,Shenzhen Electronic Materials,35.0
2024-11-04,SUR-AEO,APAC,Shenzhen Electronic Materials,26.8
2024-11-11,SUR-AEO,APAC,Shenzhen Electronic Materials,25.8
2024-11-18,SUR-AEO,APAC,Shenzhen Electronic Materials,28.6
2024-11-25,SUR-AEO,APAC,Shenzhen Electronic Materials,24.3
2024-12-02,SUR-AEO,APAC,Shenzhen Electronic Materials,22.5
2024-12-09,SUR-AEO,APAC,Shenzhen Electronic Materials,17.6
2024-12-16,SUR-AEO,APAC,Shenzhen Electronic Materials,20.1
2024-12-23,SUR-AEO,APAC,Shenzhen Electronic Materials,43.7
2024-12-30,SUR-AEO,APAC,Shenzhen Electronic Materials,24.8
2025-01-06,SUR-AEO,APAC,Shenzhen Electronic Materials,43.1
2025-01-13,SUR-AEO,APAC,Shenzhen Electronic Materials,30.6
2025-01-20,SUR-AEO,APAC,Shenzhen Electronic Materials,27.6
2025-01-27,SUR-AEO,APAC,Shenzhen Electronic Materials,20.1
2025-02-03,SUR-AEO,APAC,Shenzhen Electronic Materials,28.0
2025-02-10,SUR-AEO,APAC,Shenzhen Electronic Materials,41.8
2025-02-17,SUR-AEO,APAC,Shenzhen Electronic Materials,38.9
2025-02-24,SUR-AEO,APAC,Shenzhen Electronic Materials,29.6
2025-03-03,SUR-AEO,APAC,Shenzhen Electronic Materials,22.4
2025-03-10,SUR-AEO,APAC,Shenzhen Electronic Materials,24.1
2025-03-17,SUR-AEO,APAC,Shenzhen Electronic Materials,24.5
2025-03-24,SUR-AEO,APAC,Shenzhen Electronic Materials,39.3
2025-03-31,SUR-AEO,APAC,Shenzhen Electronic Materials,42.0
2025-04-07,SUR-AEO,APAC,Shenzhen Electronic Materials,30.5
2025-04-14,SUR-AEO,APAC,Shenzhen Electronic Materials,27.7
2025-04-21,SUR-AEO,APAC,Shenzhen Electronic Materials,42.9
2025-04-28,SUR-AEO,APAC,Shenzhen Electronic Materials,24.5
2025-05-05,SUR-AEO,APAC,Shenzhen Electronic Materials,30.8
2025-05-12,SUR-AEO,APAC,Shenzhen Electronic Materials,33.1
2025-05-19,SUR-AEO,APAC,Shenzhen Electronic Materials,24.8
2025-05-26,SUR-AEO,APAC,Shenzhen Electronic Materials,25.9
2025-06-02,SUR-AEO,APAC,Shenzhen Electronic Materials,25.6
2025-06-09,SUR-AEO,APAC,Shenzhen Electronic Materials,40.7
2025-06-16,SUR-AEO,APAC,Shenzhen Electronic Materials,45.7
2025-06-23,SUR-AEO,APAC,Shenzhen Electronic Materials,30.2
2025-06-30,SUR-AEO,APAC,Shenzhen Electronic Materials,27.4
2025-07-07,SUR-AEO,APAC,Shenzhen Electronic Materials,26.4
2025-07-14,SUR-AEO,APAC,Shenzhen Electronic Materials,29.7
2025-07-21,SUR-AEO,APAC,Shenzhen Electronic Materials,26.0
2025-07-28,SUR-AEO,APAC,Shenzhen Electronic Materials,29.6
2025-08-04,SUR-AEO,APAC,Shenzhen Electronic Materials,34.8
2025-08-11,SUR-AEO,APAC,Shenzhen Electronic Materials,28.5
2025-08-18,SUR-AEO,APAC,Shenzhen Electronic Materials,29.8
2025-08-25,SUR-AEO,APAC,Shenzhen Electronic Materials,30.0
2025-09-01,SUR-AEO,APAC,Shenzhen Electronic Materials,29.8
2025-09-08,SUR-AEO,APAC,Shenzhen Electronic Materials,28.5
2025-09-15,SUR-AEO,APAC,Shenzhen Electronic Materials,37.1
2025-09-22,SUR-AEO,APAC,Shenzhen Electronic Materials,21.4
2025-09-29,SUR-AEO,APAC,Shenzhen Electronic Materials,44.6
2025-10-06,SUR-AEO,APAC,Shenzhen Electronic Materials,32.2
2025-10-13,SUR-AEO,APAC,Shenzhen Electronic Materials,35.5
2025-10-20,SUR-AEO,APAC,Shenzhen Electronic Materials,35.5
2025-10-27,SUR-AEO,APAC,Shenzhen Electronic Materials,25.6
2025-11-03,SUR-AEO,APAC,Shenzhen Electronic Materials,24.1
2025-11-10,SUR-AEO,APAC,Shenzhen Electronic Materials,23.5
2025-11-17,SUR-AEO,APAC,Shenzhen Electronic Materials,27.4
2025-11-24,SUR-AEO,APAC,Shenzhen Electronic Materials,33.8
2025-12-01,SUR-AEO,APAC,Shenzhen Electronic Materials,25.7
2025-12-08,SUR-AEO,APAC,Shenzhen Electronic Materials,33.2
2025-12-15,SUR-AEO,APAC,Shenzhen Electronic Materials,17.2
2025-12-22,SUR-AEO,APAC,Shenzhen Electronic Materials,26.5
2025-12-29,SUR-AEO,APAC,Shenzhen Electronic Materials,37.1
2026-01-05,SUR-AEO,APAC,Shenzhen Electronic Materials,27.2
2026-01-12,SUR-AEO,APAC,Shenzhen Electronic Materials,23.6
2026-01-19,SUR-AEO,APAC,Shenzhen Electronic Materials,24.4
2026-01-26,SUR-AEO,APAC,Shenzhen Electronic Materials,14.9
2026-02-02,SUR-AEO,APAC,Shenzhen Electronic Materials,23.7
2026-02-09,SUR-AEO,APAC,Shenzhen Electronic Materials,37.5
2026-02-16,SUR-AEO,APAC,Shenzhen Electronic Materials,25.9
2026-02-23,SUR-AEO,APAC,Shenzhen Electronic Materials,26.3
2026-03-02,SUR-AEO,APAC,Shenzhen Electronic Materials,17.8
2026-03-09,SUR-AEO,APAC,Shenzhen Electronic Materials,20.9
2026-03-16,SUR-AEO,APAC,Shenzhen Electronic Materials,39.3
2026-03-23,SUR-AEO,APAC,Shenzhen Electronic Materials,34.0
2026-03-30,SUR-AEO,APAC,Shenzhen Electronic Materials,22.8
2026-04-06,SUR-AEO,APAC,Shenzhen Electronic Materials,26.8
2026-04-13,SUR-AEO,APAC,Shenzhen Electronic Materials,30.4
2026-04-20,SUR-AEO,APAC,Shenzhen Electronic Materials,23.6
2026-04-27,SUR-AEO,APAC,Shenzhen Electronic Materials,19.9
2026-05-04,SUR-AEO,APAC,Shenzhen Electronic Materials,30.3
2026-05-11,SUR-AEO,APAC,Shenzhen Electronic Materials,35.8
2026-05-18,SUR-AEO,APAC,Shenzhen Electronic Materials,36.3
2026-05-25,SUR-AEO,APAC,Shenzhen Electronic Materials,38.8
2026-06-01,SUR-AEO,APAC,Shenzhen Electronic Materials,22.9
2026-06-08,SUR-AEO,APAC,Shenzhen Electronic Materials,33.6
2026-06-15,SUR-AEO,APAC,Shenzhen Electronic Materials,30.5
2026-06-22,SUR-AEO,APAC,Shenzhen Electronic Materials,32.0
2026-06-29,SUR-AEO,APAC,Shenzhen Electronic Materials,31.3
2026-07-06,SUR-AEO,APAC,Shenzhen Electronic Materials,28.7
2026-07-13,SUR-AEO,APAC,Shenzhen Electronic Materials,17.1
2026-07-20,SUR-AEO,APAC,Shenzhen Electronic Materials,41.9
2026-07-27,SUR-AEO,APAC,Shenzhen Electronic Materials,35.2
2026-08-03,SUR-AEO,APAC,Shenzhen Electronic Materials,24.3
2026-08-10,SUR-AEO,APAC,Shenzhen Electronic Materials,36.5
2026-08-17,SUR-AEO,APAC,Shenzhen Electronic Materials,31.1
2026-08-24,SUR-AEO,APAC,Shenzhen Electronic Materials,31.9
2026-08-31,SUR-AEO,APAC,Shenzhen Electronic Materials,30.2
2026-09-07,SUR-AEO,APAC,Shenzhen Electronic Materials,40.6
2026-09-14,SUR-AEO,APAC,Shenzhen Electronic Materials,30.7
2026-09-21,SUR-AEO,APAC,Shenzhen Electronic Materials,29.7
2026-09-28,SUR-AEO,APAC,Shenzhen Electronic Materials,49.8
2024-10-07,SUR-AEO,APAC,Jurong Construction Chem,36.7
2024-10-14,SUR-AEO,APAC,Jurong Construction Chem,36.7
2024-10-21,SUR-AEO,APAC,Jurong Construction Chem,43.9
2024-10-28,SUR-AEO,APAC,Jurong Construction Chem,32.3
2024-11-04,SUR-AEO,APAC,Jurong Construction Chem,33.4
2024-11-11,SUR-AEO,APAC,Jurong Construction Chem,39.8
2024-11-18,SUR-AEO,APAC,Jurong Construction Chem,25.8
2024-11-25,SUR-AEO,APAC,Jurong Construction Chem,37.8
2024-12-02,SUR-AEO,APAC,Jurong Construction Chem,30.1
2024-12-09,SUR-AEO,APAC,Jurong Construction Chem,42.4
2024-12-16,SUR-AEO,APAC,Jurong Construction Chem,40.0
2024-12-23,SUR-AEO,APAC,Jurong Construction Chem,38.8
2024-12-30,SUR-AEO,APAC,Jurong Construction Chem,25.2
2025-01-06,SUR-AEO,APAC,Jurong Construction Chem,34.8
2025-01-13,SUR-AEO,APAC,Jurong Construction Chem,27.1
2025-01-20,SUR-AEO,APAC,Jurong Construction Chem,34.7
2025-01-27,SUR-AEO,APAC,Jurong Construction Chem,21.1
2025-02-03,SUR-AEO,APAC,Jurong Construction Chem,25.0
2025-02-10,SUR-AEO,APAC,Jurong Construction Chem,44.9
2025-02-17,SUR-AEO,APAC,Jurong Construction Chem,37.5
2025-02-24,SUR-AEO,APAC,Jurong Construction Chem,32.3
2025-03-03,SUR-AEO,APAC,Jurong Construction Chem,29.6
2025-03-10,SUR-AEO,APAC,Jurong Construction Chem,29.3
2025-03-17,SUR-AEO,APAC,Jurong Construction Chem,38.8
2025-03-24,SUR-AEO,APAC,Jurong Construction Chem,34.4
2025-03-31,SUR-AEO,APAC,Jurong Construction Chem,51.6
2025-04-07,SUR-AEO,APAC,Jurong Construction Chem,35.2
2025-04-14,SUR-AEO,APAC,Jurong Construction Chem,37.6
2025-04-21,SUR-AEO,APAC,Jurong Construction Chem,28.1
2025-04-28,SUR-AEO,APAC,Jurong Construction Chem,35.1
2025-05-05,SUR-AEO,APAC,Jurong Construction Chem,39.7
2025-05-12,SUR-AEO,APAC,Jurong Construction Chem,34.5
2025-05-19,SUR-AEO,APAC,Jurong Construction Chem,33.8
2025-05-26,SUR-AEO,APAC,Jurong Construction Chem,40.2
2025-06-02,SUR-AEO,APAC,Jurong Construction Chem,52.4
2025-06-09,SUR-AEO,APAC,Jurong Construction Chem,38.5
2025-06-16,SUR-AEO,APAC,Jurong Construction Chem,48.4
2025-06-23,SUR-AEO,APAC,Jurong Construction Chem,42.3
2025-06-30,SUR-AEO,APAC,Jurong Construction Chem,46.2
2025-07-07,SUR-AEO,APAC,Jurong Construction Chem,33.1
2025-07-14,SUR-AEO,APAC,Jurong Construction Chem,35.6
2025-07-21,SUR-AEO,APAC,Jurong Construction Chem,35.2
2025-07-28,SUR-AEO,APAC,Jurong Construction Chem,42.8
2025-08-04,SUR-AEO,APAC,Jurong Construction Chem,47.4
2025-08-11,SUR-AEO,APAC,Jurong Construction Chem,40.2
2025-08-18,SUR-AEO,APAC,Jurong Construction Chem,47.2
2025-08-25,SUR-AEO,APAC,Jurong Construction Chem,34.6
2025-09-01,SUR-AEO,APAC,Jurong Construction Chem,48.7
2025-09-08,SUR-AEO,APAC,Jurong Construction Chem,49.3
2025-09-15,SUR-AEO,APAC,Jurong Construction Chem,45.6
2025-09-22,SUR-AEO,APAC,Jurong Construction Chem,40.7
2025-09-29,SUR-AEO,APAC,Jurong Construction Chem,46.3
2025-10-06,SUR-AEO,APAC,Jurong Construction Chem,32.2
2025-10-13,SUR-AEO,APAC,Jurong Construction Chem,40.7
2025-10-20,SUR-AEO,APAC,Jurong Construction Chem,40.5
2025-10-27,SUR-AEO,APAC,Jurong Construction Chem,27.9
2025-11-03,SUR-AEO,APAC,Jurong Construction Chem,41.1
2025-11-10,SUR-AEO,APAC,Jurong Construction Chem,28.0
2025-11-17,SUR-AEO,APAC,Jurong Construction Chem,33.0
2025-11-24,SUR-AEO,APAC,Jurong Construction Chem,36.7
2025-12-01,SUR-AEO,APAC,Jurong Construction Chem,31.2
2025-12-08,SUR-AEO,APAC,Jurong Construction Chem,37.1
2025-12-15,SUR-AEO,APAC,Jurong Construction Chem,36.9
2025-12-22,SUR-AEO,APAC,Jurong Construction Chem,30.2
2025-12-29,SUR-AEO,APAC,Jurong Construction Chem,40.7
2026-01-05,SUR-AEO,APAC,Jurong Construction Chem,29.9
2026-01-12,SUR-AEO,APAC,Jurong Construction Chem,58.7
2026-01-19,SUR-AEO,APAC,Jurong Construction Chem,34.5
2026-01-26,SUR-AEO,APAC,Jurong Construction Chem,28.1
2026-02-02,SUR-AEO,APAC,Jurong Construction Chem,29.8
2026-02-09,SUR-AEO,APAC,Jurong Construction Chem,48.0
2026-02-16,SUR-AEO,APAC,Jurong Construction Chem,33.8
2026-02-23,SUR-AEO,APAC,Jurong Construction Chem,27.0
2026-03-02,SUR-AEO,APAC,Jurong Construction Chem,44.8
2026-03-09,SUR-AEO,APAC,Jurong Construction Chem,34.2
2026-03-16,SUR-AEO,APAC,Jurong Construction Chem,43.8
2026-03-23,SUR-AEO,APAC,Jurong Construction Chem,45.7
2026-03-30,SUR-AEO,APAC,Jurong Construction Chem,40.4
2026-04-06,SUR-AEO,APAC,Jurong Construction Chem,65.3
2026-04-13,SUR-AEO,APAC,Jurong Construction Chem,26.2
2026-04-20,SUR-AEO,APAC,Jurong Construction Chem,32.1
2026-04-27,SUR-AEO,APAC,Jurong Construction Chem,36.7
2026-05-04,SUR-AEO,APAC,Jurong Construction Chem,64.7
2026-05-11,SUR-AEO,APAC,Jurong Construction Chem,58.7
2026-05-18,SUR-AEO,APAC,Jurong Construction Chem,53.0
2026-05-25,SUR-AEO,APAC,Jurong Construction Chem,33.7
2026-06-01,SUR-AEO,APAC,Jurong Construction Chem,34.9
2026-06-08,SUR-AEO,APAC,Jurong Construction Chem,34.7
2026-06-15,SUR-AEO,APAC,Jurong Construction Chem,34.1
2026-06-22,SUR-AEO,APAC,Jurong Construction Chem,56.7
2026-06-29,SUR-AEO,APAC,Jurong Construction Chem,39.0
2026-07-06,SUR-AEO,APAC,Jurong Construction Chem,40.6
2026-07-13,SUR-AEO,APAC,Jurong Construction Chem,49.3
2026-07-20,SUR-AEO,APAC,Jurong Construction Chem,28.2
2026-07-27,SUR-AEO,APAC,Jurong Construction Chem,41.5
2026-08-03,SUR-AEO,APAC,Jurong Construction Chem,33.2
2026-08-10,SUR-AEO,APAC,Jurong Construction Chem,38.7
2026-08-17,SUR-AEO,APAC,Jurong Construction Chem,37.8
2026-08-24,SUR-AEO,APAC,Jurong Construction Chem,38.1
2026-08-31,SUR-AEO,APAC,Jurong Construction Chem,47.1
2026-09-07,SUR-AEO,APAC,Jurong Construction Chem,47.4
2026-09-14,SUR-AEO,APAC,Jurong Construction Chem,43.7
2026-09-21,SUR-AEO,APAC,Jurong Construction Chem,51.4
2026-09-28,SUR-AEO,APAC,Jurong Construction Chem,40.2
2024-10-07,SUR-AEO,LATAM,Andes Plastics,11.1
2024-10-14,SUR-AEO,LATAM,Andes Plastics,17.4
2024-10-21,SUR-AEO,LATAM,Andes Plastics,12.7
2024-10-28,SUR-AEO,LATAM,Andes Plastics,14.9
2024-11-04,SUR-AEO,LATAM,Andes Plastics,12.3
2024-11-11,SUR-AEO,LATAM,Andes Plastics,18.7
2024-11-18,SUR-AEO,LATAM,Andes Plastics,12.2
2024-11-25,SUR-AEO,LATAM,Andes Plastics,18.8
2024-12-02,SUR-AEO,LATAM,Andes Plastics,10.8
2024-12-09,SUR-AEO,LATAM,Andes Plastics,12.8
2024-12-16,SUR-AEO,LATAM,Andes Plastics,18.2
2024-12-23,SUR-AEO,LATAM,Andes Plastics,14.0
2024-12-30,SUR-AEO,LATAM,Andes Plastics,22.0
2025-01-06,SUR-AEO,LATAM,Andes Plastics,12.8
2025-01-13,SUR-AEO,LATAM,Andes Plastics,14.4
2025-01-20,SUR-AEO,LATAM,Andes Plastics,21.2
2025-01-27,SUR-AEO,LATAM,Andes Plastics,10.1
2025-02-03,SUR-AEO,LATAM,Andes Plastics,9.5
2025-02-10,SUR-AEO,LATAM,Andes Plastics,11.5
2025-02-17,SUR-AEO,LATAM,Andes Plastics,16.1
2025-02-24,SUR-AEO,LATAM,Andes Plastics,9.4
2025-03-03,SUR-AEO,LATAM,Andes Plastics,15.7
2025-03-10,SUR-AEO,LATAM,Andes Plastics,15.7
2025-03-17,SUR-AEO,LATAM,Andes Plastics,21.7
2025-03-24,SUR-AEO,LATAM,Andes Plastics,17.4
2025-03-31,SUR-AEO,LATAM,Andes Plastics,15.1
2025-04-07,SUR-AEO,LATAM,Andes Plastics,18.5
2025-04-14,SUR-AEO,LATAM,Andes Plastics,15.5
2025-04-21,SUR-AEO,LATAM,Andes Plastics,12.6
2025-04-28,SUR-AEO,LATAM,Andes Plastics,11.1
2025-05-05,SUR-AEO,LATAM,Andes Plastics,12.8
2025-05-12,SUR-AEO,LATAM,Andes Plastics,14.1
2025-05-19,SUR-AEO,LATAM,Andes Plastics,15.0
2025-05-26,SUR-AEO,LATAM,Andes Plastics,9.1
2025-06-02,SUR-AEO,LATAM,Andes Plastics,14.1
2025-06-09,SUR-AEO,LATAM,Andes Plastics,15.4
2025-06-16,SUR-AEO,LATAM,Andes Plastics,16.9
2025-06-23,SUR-AEO,LATAM,Andes Plastics,21.3
2025-06-30,SUR-AEO,LATAM,Andes Plastics,15.8
2025-07-07,SUR-AEO,LATAM,Andes Plastics,12.2
2025-07-14,SUR-AEO,LATAM,Andes Plastics,10.3
2025-07-21,SUR-AEO,LATAM,Andes Plastics,18.0
2025-07-28,SUR-AEO,LATAM,Andes Plastics,13.0
2025-08-04,SUR-AEO,LATAM,Andes Plastics,18.8
2025-08-11,SUR-AEO,LATAM,Andes Plastics,21.5
2025-08-18,SUR-AEO,LATAM,Andes Plastics,11.5
2025-08-25,SUR-AEO,LATAM,Andes Plastics,18.2
2025-09-01,SUR-AEO,LATAM,Andes Plastics,21.5
2025-09-08,SUR-AEO,LATAM,Andes Plastics,20.3
2025-09-15,SUR-AEO,LATAM,Andes Plastics,10.0
2025-09-22,SUR-AEO,LATAM,Andes Plastics,13.1
2025-09-29,SUR-AEO,LATAM,Andes Plastics,11.9
2025-10-06,SUR-AEO,LATAM,Andes Plastics,17.7
2025-10-13,SUR-AEO,LATAM,Andes Plastics,17.3
2025-10-20,SUR-AEO,LATAM,Andes Plastics,8.6
2025-10-27,SUR-AEO,LATAM,Andes Plastics,14.4
2025-11-03,SUR-AEO,LATAM,Andes Plastics,18.6
2025-11-10,SUR-AEO,LATAM,Andes Plastics,15.8
2025-11-17,SUR-AEO,LATAM,Andes Plastics,15.6
2025-11-24,SUR-AEO,LATAM,Andes Plastics,13.8
2025-12-01,SUR-AEO,LATAM,Andes Plastics,11.9
2025-12-08,SUR-AEO,LATAM,Andes Plastics,14.9
2025-12-15,SUR-AEO,LATAM,Andes Plastics,15.3
2025-12-22,SUR-AEO,LATAM,Andes Plastics,17.4
2025-12-29,SUR-AEO,LATAM,Andes Plastics,17.8
2026-01-05,SUR-AEO,LATAM,Andes Plastics,15.6
2026-01-12,SUR-AEO,LATAM,Andes Plastics,20.0
2026-01-19,SUR-AEO,LATAM,Andes Plastics,14.4
2026-01-26,SUR-AEO,LATAM,Andes Plastics,11.1
2026-02-02,SUR-AEO,LATAM,Andes Plastics,17.3
2026-02-09,SUR-AEO,LATAM,Andes Plastics,15.8
2026-02-16,SUR-AEO,LATAM,Andes Plastics,17.3
2026-02-23,SUR-AEO,LATAM,Andes Plastics,11.9
2026-03-02,SUR-AEO,LATAM,Andes Plastics,23.0
2026-03-09,SUR-AEO,LATAM,Andes Plastics,17.9
2026-03-16,SUR-AEO,LATAM,Andes Plastics,14.2
2026-03-23,SUR-AEO,LATAM,Andes Plastics,12.2
2026-03-30,SUR-AEO,LATAM,Andes Plastics,19.3
2026-04-06,SUR-AEO,LATAM,Andes Plastics,12.1
2026-04-13,SUR-AEO,LATAM,Andes Plastics,25.7
2026-04-20,SUR-AEO,LATAM,Andes Plastics,13.5
2026-04-27,SUR-AEO,LATAM,Andes Plastics,22.1
2026-05-04,SUR-AEO,LATAM,Andes Plastics,14.7
2026-05-11,SUR-AEO,LATAM,Andes Plastics,21.7
2026-05-18,SUR-AEO,LATAM,Andes Plastics,13.3
2026-05-25,SUR-AEO,LATAM,Andes Plastics,15.9
2026-06-01,SUR-AEO,LATAM,Andes Plastics,19.1
2026-06-08,SUR-AEO,LATAM,Andes Plastics,18.9
2026-06-15,SUR-AEO,LATAM,Andes Plastics,21.1
2026-06-22,SUR-AEO,LATAM,Andes Plastics,15.0
2026-06-29,SUR-AEO,LATAM,Andes Plastics,17.0
2026-07-06,SUR-AEO,LATAM,Andes Plastics,22.1
2026-07-13,SUR-AEO,LATAM,Andes Plastics,14.5
2026-07-20,SUR-AEO,LATAM,Andes Plastics,19.5
2026-07-27,SUR-AEO,LATAM,Andes Plastics,16.4
2026-08-03,SUR-AEO,LATAM,Andes Plastics,18.1
2026-08-10,SUR-AEO,LATAM,Andes Plastics,17.6
2026-08-17,SUR-AEO,LATAM,Andes Plastics,14.5
2026-08-24,SUR-AEO,LATAM,Andes Plastics,16.5
2026-08-31,SUR-AEO,LATAM,Andes Plastics,17.5
2026-09-07,SUR-AEO,LATAM,Andes Plastics,16.2
2026-09-14,SUR-AEO,LATAM,Andes Plastics,22.9
2026-09-21,SUR-AEO,LATAM,Andes Plastics,19.6
2026-09-28,SUR-AEO,LATAM,Andes Plastics,16.4
2024-10-07,SUR-AEO,LATAM,Brasil Tintas,5.8
2024-10-14,SUR-AEO,LATAM,Brasil Tintas,5.7
2024-10-21,SUR-AEO,LATAM,Brasil Tintas,10.4
2024-10-28,SUR-AEO,LATAM,Brasil Tintas,5.4
2024-11-04,SUR-AEO,LATAM,Brasil Tintas,6.9
2024-11-11,SUR-AEO,LATAM,Brasil Tintas,7.3
2024-11-18,SUR-AEO,LATAM,Brasil Tintas,6.2
2024-11-25,SUR-AEO,LATAM,Brasil Tintas,5.3
2024-12-02,SUR-AEO,LATAM,Brasil Tintas,5.5
2024-12-09,SUR-AEO,LATAM,Brasil Tintas,5.8
2024-12-16,SUR-AEO,LATAM,Brasil Tintas,5.5
2024-12-23,SUR-AEO,LATAM,Brasil Tintas,8.6
2024-12-30,SUR-AEO,LATAM,Brasil Tintas,6.3
2025-01-06,SUR-AEO,LATAM,Brasil Tintas,5.8
2025-01-13,SUR-AEO,LATAM,Brasil Tintas,6.7
2025-01-20,SUR-AEO,LATAM,Brasil Tintas,7.7
2025-01-27,SUR-AEO,LATAM,Brasil Tintas,6.2
2025-02-03,SUR-AEO,LATAM,Brasil Tintas,8.0
2025-02-10,SUR-AEO,LATAM,Brasil Tintas,4.9
2025-02-17,SUR-AEO,LATAM,Brasil Tintas,8.3
2025-02-24,SUR-AEO,LATAM,Brasil Tintas,6.4
2025-03-03,SUR-AEO,LATAM,Brasil Tintas,6.5
2025-03-10,SUR-AEO,LATAM,Brasil Tintas,5.7
2025-03-17,SUR-AEO,LATAM,Brasil Tintas,5.1
2025-03-24,SUR-AEO,LATAM,Brasil Tintas,4.6
2025-03-31,SUR-AEO,LATAM,Brasil Tintas,5.6
2025-04-07,SUR-AEO,LATAM,Brasil Tintas,7.5
2025-04-14,SUR-AEO,LATAM,Brasil Tintas,5.3
2025-04-21,SUR-AEO,LATAM,Brasil Tintas,4.7
2025-04-28,SUR-AEO,LATAM,Brasil Tintas,5.6
2025-05-05,SUR-AEO,LATAM,Brasil Tintas,6.4
2025-05-12,SUR-AEO,LATAM,Brasil Tintas,6.3
2025-05-19,SUR-AEO,LATAM,Brasil Tintas,6.7
2025-05-26,SUR-AEO,LATAM,Brasil Tintas,8.7
2025-06-02,SUR-AEO,LATAM,Brasil Tintas,9.3
2025-06-09,SUR-AEO,LATAM,Brasil Tintas,11.3
2025-06-16,SUR-AEO,LATAM,Brasil Tintas,5.0
2025-06-23,SUR-AEO,LATAM,Brasil Tintas,5.9
2025-06-30,SUR-AEO,LATAM,Brasil Tintas,8.4
2025-07-07,SUR-AEO,LATAM,Brasil Tintas,6.4
2025-07-14,SUR-AEO,LATAM,Brasil Tintas,8.8
2025-07-21,SUR-AEO,LATAM,Brasil Tintas,7.7
2025-07-28,SUR-AEO,LATAM,Brasil Tintas,10.6
2025-08-04,SUR-AEO,LATAM,Brasil Tintas,9.3
2025-08-11,SUR-AEO,LATAM,Brasil Tintas,9.5
2025-08-18,SUR-AEO,LATAM,Brasil Tintas,7.0
2025-08-25,SUR-AEO,LATAM,Brasil Tintas,7.5
2025-09-01,SUR-AEO,LATAM,Brasil Tintas,7.2
2025-09-08,SUR-AEO,LATAM,Brasil Tintas,5.5
2025-09-15,SUR-AEO,LATAM,Brasil Tintas,10.5
2025-09-22,SUR-AEO,LATAM,Brasil Tintas,8.9
2025-09-29,SUR-AEO,LATAM,Brasil Tintas,7.0
2025-10-06,SUR-AEO,LATAM,Brasil Tintas,10.0
2025-10-13,SUR-AEO,LATAM,Brasil Tintas,6.6
2025-10-20,SUR-AEO,LATAM,Brasil Tintas,4.9
2025-10-27,SUR-AEO,LATAM,Brasil Tintas,9.2
2025-11-03,SUR-AEO,LATAM,Brasil Tintas,5.6
2025-11-10,SUR-AEO,LATAM,Brasil Tintas,7.0
2025-11-17,SUR-AEO,LATAM,Brasil Tintas,7.5
2025-11-24,SUR-AEO,LATAM,Brasil Tintas,7.8
2025-12-01,SUR-AEO,LATAM,Brasil Tintas,8.7
2025-12-08,SUR-AEO,LATAM,Brasil Tintas,8.1
2025-12-15,SUR-AEO,LATAM,Brasil Tintas,8.2
2025-12-22,SUR-AEO,LATAM,Brasil Tintas,6.1
2025-12-29,SUR-AEO,LATAM,Brasil Tintas,7.8
2026-01-05,SUR-AEO,LATAM,Brasil Tintas,5.3
2026-01-12,SUR-AEO,LATAM,Brasil Tintas,10.6
2026-01-19,SUR-AEO,LATAM,Brasil Tintas,5.5
2026-01-26,SUR-AEO,LATAM,Brasil Tintas,6.7
2026-02-02,SUR-AEO,LATAM,Brasil Tintas,5.6
2026-02-09,SUR-AEO,LATAM,Brasil Tintas,6.3
2026-02-16,SUR-AEO,LATAM,Brasil Tintas,7.4
2026-02-23,SUR-AEO,LATAM,Brasil Tintas,6.7
2026-03-02,SUR-AEO,LATAM,Brasil Tintas,9.5
2026-03-09,SUR-AEO,LATAM,Brasil Tintas,7.7
2026-03-16,SUR-AEO,LATAM,Brasil Tintas,6.5
2026-03-23,SUR-AEO,LATAM,Brasil Tintas,7.0
2026-03-30,SUR-AEO,LATAM,Brasil Tintas,9.5
2026-04-06,SUR-AEO,LATAM,Brasil Tintas,9.0
2026-04-13,SUR-AEO,LATAM,Brasil Tintas,5.8
2026-04-20,SUR-AEO,LATAM,Brasil Tintas,6.4
2026-04-27,SUR-AEO,LATAM,Brasil Tintas,8.0
2026-05-04,SUR-AEO,LATAM,Brasil Tintas,7.9
2026-05-11,SUR-AEO,LATAM,Brasil Tintas,5.8
2026-05-18,SUR-AEO,LATAM,Brasil Tintas,8.8
2026-05-25,SUR-AEO,LATAM,Brasil Tintas,6.2
2026-06-01,SUR-AEO,LATAM,Brasil Tintas,10.2
2026-06-08,SUR-AEO,LATAM,Brasil Tintas,8.8
2026-06-15,SUR-AEO,LATAM,Brasil Tintas,6.2
2026-06-22,SUR-AEO,LATAM,Brasil Tintas,7.1
2026-06-29,SUR-AEO,LATAM,Brasil Tintas,7.1
2026-07-06,SUR-AEO,LATAM,Brasil Tintas,8.3
2026-07-13,SUR-AEO,LATAM,Brasil Tintas,7.7
2026-07-20,SUR-AEO,LATAM,Brasil Tintas,6.4
2026-07-27,SUR-AEO,LATAM,Brasil Tintas,6.0
2026-08-03,SUR-AEO,LATAM,Brasil Tintas,9.3
2026-08-10,SUR-AEO,LATAM,Brasil Tintas,8.8
2026-08-17,SUR-AEO,LATAM,Brasil Tintas,8.4
2026-08-24,SUR-AEO,LATAM,Brasil Tintas,8.8
2026-08-31,SUR-AEO,LATAM,Brasil Tintas,7.1
2026-09-07,SUR-AEO,LATAM,Brasil Tintas,8.3
2026-09-14,SUR-AEO,LATAM,Brasil Tintas,13.5
2026-09-21,SUR-AEO,LATAM,Brasil Tintas,9.7
2026-09-28,SUR-AEO,LATAM,Brasil Tintas,6.9
2024-10-07,SUR-AEO,LATAM,Mexico Industrial,21.1
2024-10-14,SUR-AEO,LATAM,Mexico Industrial,12.5
2024-10-21,SUR-AEO,LATAM,Mexico Industrial,29.5
2024-10-28,SUR-AEO,LATAM,Mexico Industrial,27.6
2024-11-04,SUR-AEO,LATAM,Mexico Industrial,20.6
2024-11-11,SUR-AEO,LATAM,Mexico Industrial,17.0
2024-11-18,SUR-AEO,LATAM,Mexico Industrial,17.9
2024-11-25,SUR-AEO,LATAM,Mexico Industrial,25.2
2024-12-02,SUR-AEO,LATAM,Mexico Industrial,22.0
2024-12-09,SUR-AEO,LATAM,Mexico Industrial,26.4
2024-12-16,SUR-AEO,LATAM,Mexico Industrial,22.6
2024-12-23,SUR-AEO,LATAM,Mexico Industrial,27.5
2024-12-30,SUR-AEO,LATAM,Mexico Industrial,23.9
2025-01-06,SUR-AEO,LATAM,Mexico Industrial,26.9
2025-01-13,SUR-AEO,LATAM,Mexico Industrial,14.2
2025-01-20,SUR-AEO,LATAM,Mexico Industrial,17.6
2025-01-27,SUR-AEO,LATAM,Mexico Industrial,21.4
2025-02-03,SUR-AEO,LATAM,Mexico Industrial,28.7
2025-02-10,SUR-AEO,LATAM,Mexico Industrial,34.2
2025-02-17,SUR-AEO,LATAM,Mexico Industrial,21.5
2025-02-24,SUR-AEO,LATAM,Mexico Industrial,19.5
2025-03-03,SUR-AEO,LATAM,Mexico Industrial,14.8
2025-03-10,SUR-AEO,LATAM,Mexico Industrial,28.0
2025-03-17,SUR-AEO,LATAM,Mexico Industrial,20.4
2025-03-24,SUR-AEO,LATAM,Mexico Industrial,43.8
2025-03-31,SUR-AEO,LATAM,Mexico Industrial,19.5
2025-04-07,SUR-AEO,LATAM,Mexico Industrial,36.1
2025-04-14,SUR-AEO,LATAM,Mexico Industrial,26.9
2025-04-21,SUR-AEO,LATAM,Mexico Industrial,18.3
2025-04-28,SUR-AEO,LATAM,Mexico Industrial,24.9
2025-05-05,SUR-AEO,LATAM,Mexico Industrial,28.5
2025-05-12,SUR-AEO,LATAM,Mexico Industrial,22.4
2025-05-19,SUR-AEO,LATAM,Mexico Industrial,28.7
2025-05-26,SUR-AEO,LATAM,Mexico Industrial,28.8
2025-06-02,SUR-AEO,LATAM,Mexico Industrial,27.9
2025-06-09,SUR-AEO,LATAM,Mexico Industrial,25.2
2025-06-16,SUR-AEO,LATAM,Mexico Industrial,19.1
2025-06-23,SUR-AEO,LATAM,Mexico Industrial,24.2
2025-06-30,SUR-AEO,LATAM,Mexico Industrial,26.1
2025-07-07,SUR-AEO,LATAM,Mexico Industrial,16.3
2025-07-14,SUR-AEO,LATAM,Mexico Industrial,26.3
2025-07-21,SUR-AEO,LATAM,Mexico Industrial,25.1
2025-07-28,SUR-AEO,LATAM,Mexico Industrial,19.5
2025-08-04,SUR-AEO,LATAM,Mexico Industrial,23.9
2025-08-11,SUR-AEO,LATAM,Mexico Industrial,24.5
2025-08-18,SUR-AEO,LATAM,Mexico Industrial,40.7
2025-08-25,SUR-AEO,LATAM,Mexico Industrial,27.9
2025-09-01,SUR-AEO,LATAM,Mexico Industrial,33.6
2025-09-08,SUR-AEO,LATAM,Mexico Industrial,26.1
2025-09-15,SUR-AEO,LATAM,Mexico Industrial,17.4
2025-09-22,SUR-AEO,LATAM,Mexico Industrial,30.4
2025-09-29,SUR-AEO,LATAM,Mexico Industrial,22.6
2025-10-06,SUR-AEO,LATAM,Mexico Industrial,24.2
2025-10-13,SUR-AEO,LATAM,Mexico Industrial,20.8
2025-10-20,SUR-AEO,LATAM,Mexico Industrial,26.1
2025-10-27,SUR-AEO,LATAM,Mexico Industrial,32.2
2025-11-03,SUR-AEO,LATAM,Mexico Industrial,31.7
2025-11-10,SUR-AEO,LATAM,Mexico Industrial,35.9
2025-11-17,SUR-AEO,LATAM,Mexico Industrial,36.4
2025-11-24,SUR-AEO,LATAM,Mexico Industrial,15.8
2025-12-01,SUR-AEO,LATAM,Mexico Industrial,19.2
2025-12-08,SUR-AEO,LATAM,Mexico Industrial,16.6
2025-12-15,SUR-AEO,LATAM,Mexico Industrial,28.8
2025-12-22,SUR-AEO,LATAM,Mexico Industrial,21.6
2025-12-29,SUR-AEO,LATAM,Mexico Industrial,22.7
2026-01-05,SUR-AEO,LATAM,Mexico Industrial,24.2
2026-01-12,SUR-AEO,LATAM,Mexico Industrial,28.3
2026-01-19,SUR-AEO,LATAM,Mexico Industrial,18.7
2026-01-26,SUR-AEO,LATAM,Mexico Industrial,19.1
2026-02-02,SUR-AEO,LATAM,Mexico Industrial,25.7
2026-02-09,SUR-AEO,LATAM,Mexico Industrial,33.2
2026-02-16,SUR-AEO,LATAM,Mexico Industrial,25.5
2026-02-23,SUR-AEO,LATAM,Mexico Industrial,21.9
2026-03-02,SUR-AEO,LATAM,Mexico Industrial,16.0
2026-03-09,SUR-AEO,LATAM,Mexico Industrial,31.2
2026-03-16,SUR-AEO,LATAM,Mexico Industrial,21.2
2026-03-23,SUR-AEO,LATAM,Mexico Industrial,19.3
2026-03-30,SUR-AEO,LATAM,Mexico Industrial,17.3
2026-04-06,SUR-AEO,LATAM,Mexico Industrial,18.6
2026-04-13,SUR-AEO,LATAM,Mexico Industrial,20.9
2026-04-20,SUR-AEO,LATAM,Mexico Industrial,24.3
2026-04-27,SUR-AEO,LATAM,Mexico Industrial,19.2
2026-05-04,SUR-AEO,LATAM,Mexico Industrial,26.3
2026-05-11,SUR-AEO,LATAM,Mexico Industrial,24.1
2026-05-18,SUR-AEO,LATAM,Mexico Industrial,42.0
2026-05-25,SUR-AEO,LATAM,Mexico Industrial,18.1
2026-06-01,SUR-AEO,LATAM,Mexico Industrial,27.5
2026-06-08,SUR-AEO,LATAM,Mexico Industrial,28.1
2026-06-15,SUR-AEO,LATAM,Mexico Industrial,21.8
2026-06-22,SUR-AEO,LATAM,Mexico Industrial,28.3
2026-06-29,SUR-AEO,LATAM,Mexico Industrial,32.7
2026-07-06,SUR-AEO,LATAM,Mexico Industrial,28.4
2026-07-13,SUR-AEO,LATAM,Mexico Industrial,38.1
2026-07-20,SUR-AEO,LATAM,Mexico Industrial,17.6
2026-07-27,SUR-AEO,LATAM,Mexico Industrial,23.6
2026-08-03,SUR-AEO,LATAM,Mexico Industrial,39.6
2026-08-10,SUR-AEO,LATAM,Mexico Industrial,34.9
2026-08-17,SUR-AEO,LATAM,Mexico Industrial,32.2
2026-08-24,SUR-AEO,LATAM,Mexico Industrial,37.8
2026-08-31,SUR-AEO,LATAM,Mexico Industrial,18.4
2026-09-07,SUR-AEO,LATAM,Mexico Industrial,32.7
2026-09-14,SUR-AEO,LATAM,Mexico Industrial,33.9
2026-09-21,SUR-AEO,LATAM,Mexico Industrial,22.4
2026-09-28,SUR-AEO,LATAM,Mexico Industrial,45.5
2024-10-07,ADD-UV1,NAM,Apex Coatings,2.8
2024-10-14,ADD-UV1,NAM,Apex Coatings,2.5
2024-10-21,ADD-UV1,NAM,Apex Coatings,1.7
2024-10-28,ADD-UV1,NAM,Apex Coatings,2.0
2024-11-04,ADD-UV1,NAM,Apex Coatings,2.3
2024-11-11,ADD-UV1,NAM,Apex Coatings,1.9
2024-11-18,ADD-UV1,NAM,Apex Coatings,1.9
2024-11-25,ADD-UV1,NAM,Apex Coatings,2.1
2024-12-02,ADD-UV1,NAM,Apex Coatings,1.6
2024-12-09,ADD-UV1,NAM,Apex Coatings,1.3
2024-12-16,ADD-UV1,NAM,Apex Coatings,2.2
2024-12-23,ADD-UV1,NAM,Apex Coatings,1.3
2024-12-30,ADD-UV1,NAM,Apex Coatings,1.7
2025-01-06,ADD-UV1,NAM,Apex Coatings,1.4
2025-01-13,ADD-UV1,NAM,Apex Coatings,1.5
2025-01-20,ADD-UV1,NAM,Apex Coatings,2.4
2025-01-27,ADD-UV1,NAM,Apex Coatings,2.1
2025-02-03,ADD-UV1,NAM,Apex Coatings,2.1
2025-02-10,ADD-UV1,NAM,Apex Coatings,1.6
2025-02-17,ADD-UV1,NAM,Apex Coatings,1.9
2025-02-24,ADD-UV1,NAM,Apex Coatings,2.4
2025-03-03,ADD-UV1,NAM,Apex Coatings,2.2
2025-03-10,ADD-UV1,NAM,Apex Coatings,2.6
2025-03-17,ADD-UV1,NAM,Apex Coatings,2.7
2025-03-24,ADD-UV1,NAM,Apex Coatings,2.0
2025-03-31,ADD-UV1,NAM,Apex Coatings,1.4
2025-04-07,ADD-UV1,NAM,Apex Coatings,1.8
2025-04-14,ADD-UV1,NAM,Apex Coatings,2.1
2025-04-21,ADD-UV1,NAM,Apex Coatings,1.8
2025-04-28,ADD-UV1,NAM,Apex Coatings,1.7
2025-05-05,ADD-UV1,NAM,Apex Coatings,2.1
2025-05-12,ADD-UV1,NAM,Apex Coatings,3.6
2025-05-19,ADD-UV1,NAM,Apex Coatings,1.9
2025-05-26,ADD-UV1,NAM,Apex Coatings,2.1
2025-06-02,ADD-UV1,NAM,Apex Coatings,1.6
2025-06-09,ADD-UV1,NAM,Apex Coatings,2.7
2025-06-16,ADD-UV1,NAM,Apex Coatings,2.5
2025-06-23,ADD-UV1,NAM,Apex Coatings,2.4
2025-06-30,ADD-UV1,NAM,Apex Coatings,2.8
2025-07-07,ADD-UV1,NAM,Apex Coatings,1.9
2025-07-14,ADD-UV1,NAM,Apex Coatings,1.9
2025-07-21,ADD-UV1,NAM,Apex Coatings,2.9
2025-07-28,ADD-UV1,NAM,Apex Coatings,2.3
2025-08-04,ADD-UV1,NAM,Apex Coatings,1.2
2025-08-11,ADD-UV1,NAM,Apex Coatings,2.2
2025-08-18,ADD-UV1,NAM,Apex Coatings,1.8
2025-08-25,ADD-UV1,NAM,Apex Coatings,2.4
2025-09-01,ADD-UV1,NAM,Apex Coatings,2.2
2025-09-08,ADD-UV1,NAM,Apex Coatings,1.4
2025-09-15,ADD-UV1,NAM,Apex Coatings,2.2
2025-09-22,ADD-UV1,NAM,Apex Coatings,2.2
2025-09-29,ADD-UV1,NAM,Apex Coatings,2.3
2025-10-06,ADD-UV1,NAM,Apex Coatings,2.4
2025-10-13,ADD-UV1,NAM,Apex Coatings,3.0
2025-10-20,ADD-UV1,NAM,Apex Coatings,2.4
2025-10-27,ADD-UV1,NAM,Apex Coatings,2.2
2025-11-03,ADD-UV1,NAM,Apex Coatings,2.8
2025-11-10,ADD-UV1,NAM,Apex Coatings,3.6
2025-11-17,ADD-UV1,NAM,Apex Coatings,2.7
2025-11-24,ADD-UV1,NAM,Apex Coatings,2.3
2025-12-01,ADD-UV1,NAM,Apex Coatings,2.5
2025-12-08,ADD-UV1,NAM,Apex Coatings,2.4
2025-12-15,ADD-UV1,NAM,Apex Coatings,2.3
2025-12-22,ADD-UV1,NAM,Apex Coatings,3.6
2025-12-29,ADD-UV1,NAM,Apex Coatings,1.9
2026-01-05,ADD-UV1,NAM,Apex Coatings,3.0
2026-01-12,ADD-UV1,NAM,Apex Coatings,2.2
2026-01-19,ADD-UV1,NAM,Apex Coatings,1.7
2026-01-26,ADD-UV1,NAM,Apex Coatings,2.3
2026-02-02,ADD-UV1,NAM,Apex Coatings,2.1
2026-02-09,ADD-UV1,NAM,Apex Coatings,2.7
2026-02-16,ADD-UV1,NAM,Apex Coatings,2.4
2026-02-23,ADD-UV1,NAM,Apex Coatings,1.9
2026-03-02,ADD-UV1,NAM,Apex Coatings,3.2
2026-03-09,ADD-UV1,NAM,Apex Coatings,2.9
2026-03-16,ADD-UV1,NAM,Apex Coatings,3.2
2026-03-23,ADD-UV1,NAM,Apex Coatings,2.4
2026-03-30,ADD-UV1,NAM,Apex Coatings,2.2
2026-04-06,ADD-UV1,NAM,Apex Coatings,2.6
2026-04-13,ADD-UV1,NAM,Apex Coatings,2.0
2026-04-20,ADD-UV1,NAM,Apex Coatings,2.3
2026-04-27,ADD-UV1,NAM,Apex Coatings,2.1
2026-05-04,ADD-UV1,NAM,Apex Coatings,1.6
2026-05-11,ADD-UV1,NAM,Apex Coatings,2.3
2026-05-18,ADD-UV1,NAM,Apex Coatings,2.0
2026-05-25,ADD-UV1,NAM,Apex Coatings,2.0
2026-06-01,ADD-UV1,NAM,Apex Coatings,2.3
2026-06-08,ADD-UV1,NAM,Apex Coatings,2.7
2026-06-15,ADD-UV1,NAM,Apex Coatings,1.7
2026-06-22,ADD-UV1,NAM,Apex Coatings,1.9
2026-06-29,ADD-UV1,NAM,Apex Coatings,1.7
2026-07-06,ADD-UV1,NAM,Apex Coatings,1.7
2026-07-13,ADD-UV1,NAM,Apex Coatings,1.8
2026-07-20,ADD-UV1,NAM,Apex Coatings,1.9
2026-07-27,ADD-UV1,NAM,Apex Coatings,2.3
2026-08-03,ADD-UV1,NAM,Apex Coatings,2.2
2026-08-10,ADD-UV1,NAM,Apex Coatings,1.6
2026-08-17,ADD-UV1,NAM,Apex Coatings,2.6
2026-08-24,ADD-UV1,NAM,Apex Coatings,2.4
2026-08-31,ADD-UV1,NAM,Apex Coatings,1.5
2026-09-07,ADD-UV1,NAM,Apex Coatings,2.4
2026-09-14,ADD-UV1,NAM,Apex Coatings,2.0
2026-09-21,ADD-UV1,NAM,Apex Coatings,1.8
2026-09-28,ADD-UV1,NAM,Apex Coatings,2.0
2024-10-07,ADD-UV1,NAM,Midwest Plastics,3.8
2024-10-14,ADD-UV1,NAM,Midwest Plastics,4.3
2024-10-21,ADD-UV1,NAM,Midwest Plastics,4.0
2024-10-28,ADD-UV1,NAM,Midwest Plastics,3.6
2024-11-04,ADD-UV1,NAM,Midwest Plastics,2.5
2024-11-11,ADD-UV1,NAM,Midwest Plastics,4.4
2024-11-18,ADD-UV1,NAM,Midwest Plastics,3.7
2024-11-25,ADD-UV1,NAM,Midwest Plastics,4.7
2024-12-02,ADD-UV1,NAM,Midwest Plastics,4.3
2024-12-09,ADD-UV1,NAM,Midwest Plastics,3.7
2024-12-16,ADD-UV1,NAM,Midwest Plastics,4.9
2024-12-23,ADD-UV1,NAM,Midwest Plastics,4.2
2024-12-30,ADD-UV1,NAM,Midwest Plastics,4.1
2025-01-06,ADD-UV1,NAM,Midwest Plastics,3.9
2025-01-13,ADD-UV1,NAM,Midwest Plastics,5.9
2025-01-20,ADD-UV1,NAM,Midwest Plastics,3.5
2025-01-27,ADD-UV1,NAM,Midwest Plastics,3.9
2025-02-03,ADD-UV1,NAM,Midwest Plastics,3.2
2025-02-10,ADD-UV1,NAM,Midwest Plastics,4.9
2025-02-17,ADD-UV1,NAM,Midwest Plastics,3.7
2025-02-24,ADD-UV1,NAM,Midwest Plastics,3.7
2025-03-03,ADD-UV1,NAM,Midwest Plastics,3.7
2025-03-10,ADD-UV1,NAM,Midwest Plastics,4.2
2025-03-17,ADD-UV1,NAM,Midwest Plastics,3.1
2025-03-24,ADD-UV1,NAM,Midwest Plastics,2.5
2025-03-31,ADD-UV1,NAM,Midwest Plastics,4.6
2025-04-07,ADD-UV1,NAM,Midwest Plastics,2.6
2025-04-14,ADD-UV1,NAM,Midwest Plastics,4.9
2025-04-21,ADD-UV1,NAM,Midwest Plastics,5.6
2025-04-28,ADD-UV1,NAM,Midwest Plastics,3.9
2025-05-05,ADD-UV1,NAM,Midwest Plastics,5.3
2025-05-12,ADD-UV1,NAM,Midwest Plastics,4.0
2025-05-19,ADD-UV1,NAM,Midwest Plastics,5.6
2025-05-26,ADD-UV1,NAM,Midwest Plastics,3.7
2025-06-02,ADD-UV1,NAM,Midwest Plastics,2.4
2025-06-09,ADD-UV1,NAM,Midwest Plastics,3.9
2025-06-16,ADD-UV1,NAM,Midwest Plastics,5.6
2025-06-23,ADD-UV1,NAM,Midwest Plastics,4.4
2025-06-30,ADD-UV1,NAM,Midwest Plastics,3.5
2025-07-07,ADD-UV1,NAM,Midwest Plastics,4.2
2025-07-14,ADD-UV1,NAM,Midwest Plastics,4.7
2025-07-21,ADD-UV1,NAM,Midwest Plastics,3.7
2025-07-28,ADD-UV1,NAM,Midwest Plastics,6.8
2025-08-04,ADD-UV1,NAM,Midwest Plastics,3.4
2025-08-11,ADD-UV1,NAM,Midwest Plastics,4.8
2025-08-18,ADD-UV1,NAM,Midwest Plastics,4.5
2025-08-25,ADD-UV1,NAM,Midwest Plastics,3.3
2025-09-01,ADD-UV1,NAM,Midwest Plastics,3.5
2025-09-08,ADD-UV1,NAM,Midwest Plastics,4.8
2025-09-15,ADD-UV1,NAM,Midwest Plastics,4.1
2025-09-22,ADD-UV1,NAM,Midwest Plastics,4.3
2025-09-29,ADD-UV1,NAM,Midwest Plastics,2.8
2025-10-06,ADD-UV1,NAM,Midwest Plastics,4.7
2025-10-13,ADD-UV1,NAM,Midwest Plastics,4.4
2025-10-20,ADD-UV1,NAM,Midwest Plastics,4.1
2025-10-27,ADD-UV1,NAM,Midwest Plastics,4.5
2025-11-03,ADD-UV1,NAM,Midwest Plastics,3.8
2025-11-10,ADD-UV1,NAM,Midwest Plastics,3.7
2025-11-17,ADD-UV1,NAM,Midwest Plastics,4.0
2025-11-24,ADD-UV1,NAM,Midwest Plastics,3.8
2025-12-01,ADD-UV1,NAM,Midwest Plastics,7.0
2025-12-08,ADD-UV1,NAM,Midwest Plastics,5.3
2025-12-15,ADD-UV1,NAM,Midwest Plastics,3.6
2025-12-22,ADD-UV1,NAM,Midwest Plastics,6.8
2025-12-29,ADD-UV1,NAM,Midwest Plastics,3.9
2026-01-05,ADD-UV1,NAM,Midwest Plastics,4.4
2026-01-12,ADD-UV1,NAM,Midwest Plastics,5.4
2026-01-19,ADD-UV1,NAM,Midwest Plastics,2.9
2026-01-26,ADD-UV1,NAM,Midwest Plastics,4.3
2026-02-02,ADD-UV1,NAM,Midwest Plastics,4.0
2026-02-09,ADD-UV1,NAM,Midwest Plastics,4.7
2026-02-16,ADD-UV1,NAM,Midwest Plastics,5.0
2026-02-23,ADD-UV1,NAM,Midwest Plastics,4.5
2026-03-02,ADD-UV1,NAM,Midwest Plastics,4.3
2026-03-09,ADD-UV1,NAM,Midwest Plastics,5.5
2026-03-16,ADD-UV1,NAM,Midwest Plastics,4.6
2026-03-23,ADD-UV1,NAM,Midwest Plastics,4.3
2026-03-30,ADD-UV1,NAM,Midwest Plastics,4.4
2026-04-06,ADD-UV1,NAM,Midwest Plastics,6.4
2026-04-13,ADD-UV1,NAM,Midwest Plastics,4.4
2026-04-20,ADD-UV1,NAM,Midwest Plastics,3.8
2026-04-27,ADD-UV1,NAM,Midwest Plastics,2.8
2026-05-04,ADD-UV1,NAM,Midwest Plastics,3.1
2026-05-11,ADD-UV1,NAM,Midwest Plastics,3.8
2026-05-18,ADD-UV1,NAM,Midwest Plastics,4.0
2026-05-25,ADD-UV1,NAM,Midwest Plastics,3.6
2026-06-01,ADD-UV1,NAM,Midwest Plastics,4.3
2026-06-08,ADD-UV1,NAM,Midwest Plastics,3.5
2026-06-15,ADD-UV1,NAM,Midwest Plastics,3.2
2026-06-22,ADD-UV1,NAM,Midwest Plastics,4.4
2026-06-29,ADD-UV1,NAM,Midwest Plastics,5.2
2026-07-06,ADD-UV1,NAM,Midwest Plastics,3.0
2026-07-13,ADD-UV1,NAM,Midwest Plastics,4.1
2026-07-20,ADD-UV1,NAM,Midwest Plastics,2.5
2026-07-27,ADD-UV1,NAM,Midwest Plastics,2.8
2026-08-03,ADD-UV1,NAM,Midwest Plastics,3.4
2026-08-10,ADD-UV1,NAM,Midwest Plastics,4.9
2026-08-17,ADD-UV1,NAM,Midwest Plastics,3.1
2026-08-24,ADD-UV1,NAM,Midwest Plastics,3.1
2026-08-31,ADD-UV1,NAM,Midwest Plastics,3.6
2026-09-07,ADD-UV1,NAM,Midwest Plastics,3.6
2026-09-14,ADD-UV1,NAM,Midwest Plastics,3.0
2026-09-21,ADD-UV1,NAM,Midwest Plastics,5.5
2026-09-28,ADD-UV1,NAM,Midwest Plastics,3.4
2024-10-07,ADD-UV1,NAM,Gulf Packaging,5.8
2024-10-14,ADD-UV1,NAM,Gulf Packaging,5.2
2024-10-21,ADD-UV1,NAM,Gulf Packaging,6.4
2024-10-28,ADD-UV1,NAM,Gulf Packaging,7.6
2024-11-04,ADD-UV1,NAM,Gulf Packaging,8.3
2024-11-11,ADD-UV1,NAM,Gulf Packaging,5.0
2024-11-18,ADD-UV1,NAM,Gulf Packaging,7.6
2024-11-25,ADD-UV1,NAM,Gulf Packaging,6.7
2024-12-02,ADD-UV1,NAM,Gulf Packaging,7.2
2024-12-09,ADD-UV1,NAM,Gulf Packaging,5.8
2024-12-16,ADD-UV1,NAM,Gulf Packaging,5.7
2024-12-23,ADD-UV1,NAM,Gulf Packaging,7.3
2024-12-30,ADD-UV1,NAM,Gulf Packaging,7.3
2025-01-06,ADD-UV1,NAM,Gulf Packaging,8.5
2025-01-13,ADD-UV1,NAM,Gulf Packaging,6.4
2025-01-20,ADD-UV1,NAM,Gulf Packaging,6.0
2025-01-27,ADD-UV1,NAM,Gulf Packaging,3.6
2025-02-03,ADD-UV1,NAM,Gulf Packaging,4.4
2025-02-10,ADD-UV1,NAM,Gulf Packaging,5.7
2025-02-17,ADD-UV1,NAM,Gulf Packaging,4.9
2025-02-24,ADD-UV1,NAM,Gulf Packaging,7.4
2025-03-03,ADD-UV1,NAM,Gulf Packaging,4.7
2025-03-10,ADD-UV1,NAM,Gulf Packaging,5.6
2025-03-17,ADD-UV1,NAM,Gulf Packaging,5.6
2025-03-24,ADD-UV1,NAM,Gulf Packaging,8.0
2025-03-31,ADD-UV1,NAM,Gulf Packaging,5.4
2025-04-07,ADD-UV1,NAM,Gulf Packaging,6.8
2025-04-14,ADD-UV1,NAM,Gulf Packaging,6.3
2025-04-21,ADD-UV1,NAM,Gulf Packaging,7.3
2025-04-28,ADD-UV1,NAM,Gulf Packaging,7.2
2025-05-05,ADD-UV1,NAM,Gulf Packaging,5.9
2025-05-12,ADD-UV1,NAM,Gulf Packaging,4.1
2025-05-19,ADD-UV1,NAM,Gulf Packaging,5.6
2025-05-26,ADD-UV1,NAM,Gulf Packaging,6.0
2025-06-02,ADD-UV1,NAM,Gulf Packaging,6.4
2025-06-09,ADD-UV1,NAM,Gulf Packaging,5.0
2025-06-16,ADD-UV1,NAM,Gulf Packaging,7.4
2025-06-23,ADD-UV1,NAM,Gulf Packaging,5.8
2025-06-30,ADD-UV1,NAM,Gulf Packaging,4.8
2025-07-07,ADD-UV1,NAM,Gulf Packaging,5.3
2025-07-14,ADD-UV1,NAM,Gulf Packaging,8.8
2025-07-21,ADD-UV1,NAM,Gulf Packaging,6.5
2025-07-28,ADD-UV1,NAM,Gulf Packaging,7.2
2025-08-04,ADD-UV1,NAM,Gulf Packaging,4.6
2025-08-11,ADD-UV1,NAM,Gulf Packaging,5.0
2025-08-18,ADD-UV1,NAM,Gulf Packaging,4.9
2025-08-25,ADD-UV1,NAM,Gulf Packaging,6.0
2025-09-01,ADD-UV1,NAM,Gulf Packaging,5.6
2025-09-08,ADD-UV1,NAM,Gulf Packaging,5.2
2025-09-15,ADD-UV1,NAM,Gulf Packaging,5.5
2025-09-22,ADD-UV1,NAM,Gulf Packaging,5.0
2025-09-29,ADD-UV1,NAM,Gulf Packaging,5.8
2025-10-06,ADD-UV1,NAM,Gulf Packaging,7.8
2025-10-13,ADD-UV1,NAM,Gulf Packaging,4.4
2025-10-20,ADD-UV1,NAM,Gulf Packaging,6.8
2025-10-27,ADD-UV1,NAM,Gulf Packaging,8.4
2025-11-03,ADD-UV1,NAM,Gulf Packaging,6.0
2025-11-10,ADD-UV1,NAM,Gulf Packaging,5.6
2025-11-17,ADD-UV1,NAM,Gulf Packaging,7.7
2025-11-24,ADD-UV1,NAM,Gulf Packaging,5.1
2025-12-01,ADD-UV1,NAM,Gulf Packaging,6.4
2025-12-08,ADD-UV1,NAM,Gulf Packaging,5.1
2025-12-15,ADD-UV1,NAM,Gulf Packaging,4.4
2025-12-22,ADD-UV1,NAM,Gulf Packaging,6.3
2025-12-29,ADD-UV1,NAM,Gulf Packaging,4.9
2026-01-05,ADD-UV1,NAM,Gulf Packaging,6.5
2026-01-12,ADD-UV1,NAM,Gulf Packaging,8.4
2026-01-19,ADD-UV1,NAM,Gulf Packaging,10.1
2026-01-26,ADD-UV1,NAM,Gulf Packaging,6.9
2026-02-02,ADD-UV1,NAM,Gulf Packaging,8.5
2026-02-09,ADD-UV1,NAM,Gulf Packaging,7.4
2026-02-16,ADD-UV1,NAM,Gulf Packaging,6.3
2026-02-23,ADD-UV1,NAM,Gulf Packaging,4.5
2026-03-02,ADD-UV1,NAM,Gulf Packaging,9.5
2026-03-09,ADD-UV1,NAM,Gulf Packaging,5.2
2026-03-16,ADD-UV1,NAM,Gulf Packaging,8.7
2026-03-23,ADD-UV1,NAM,Gulf Packaging,7.3
2026-03-30,ADD-UV1,NAM,Gulf Packaging,5.2
2026-04-06,ADD-UV1,NAM,Gulf Packaging,6.9
2026-04-13,ADD-UV1,NAM,Gulf Packaging,10.2
2026-04-20,ADD-UV1,NAM,Gulf Packaging,8.9
2026-04-27,ADD-UV1,NAM,Gulf Packaging,5.7
2026-05-04,ADD-UV1,NAM,Gulf Packaging,5.4
2026-05-11,ADD-UV1,NAM,Gulf Packaging,6.4
2026-05-18,ADD-UV1,NAM,Gulf Packaging,5.9
2026-05-25,ADD-UV1,NAM,Gulf Packaging,7.9
2026-06-01,ADD-UV1,NAM,Gulf Packaging,7.1
2026-06-08,ADD-UV1,NAM,Gulf Packaging,4.0
2026-06-15,ADD-UV1,NAM,Gulf Packaging,6.5
2026-06-22,ADD-UV1,NAM,Gulf Packaging,5.6
2026-06-29,ADD-UV1,NAM,Gulf Packaging,5.8
2026-07-06,ADD-UV1,NAM,Gulf Packaging,6.1
2026-07-13,ADD-UV1,NAM,Gulf Packaging,7.5
2026-07-20,ADD-UV1,NAM,Gulf Packaging,7.2
2026-07-27,ADD-UV1,NAM,Gulf Packaging,4.9
2026-08-03,ADD-UV1,NAM,Gulf Packaging,5.7
2026-08-10,ADD-UV1,NAM,Gulf Packaging,5.2
2026-08-17,ADD-UV1,NAM,Gulf Packaging,3.9
2026-08-24,ADD-UV1,NAM,Gulf Packaging,5.4
2026-08-31,ADD-UV1,NAM,Gulf Packaging,8.1
2026-09-07,ADD-UV1,NAM,Gulf Packaging,3.7
2026-09-14,ADD-UV1,NAM,Gulf Packaging,5.4
2026-09-21,ADD-UV1,NAM,Gulf Packaging,5.3
2026-09-28,ADD-UV1,NAM,Gulf Packaging,5.7
2024-10-07,ADD-UV1,EU,Rhein Composites,1.8
2024-10-14,ADD-UV1,EU,Rhein Composites,2.2
2024-10-21,ADD-UV1,EU,Rhein Composites,2.6
2024-10-28,ADD-UV1,EU,Rhein Composites,2.6
2024-11-04,ADD-UV1,EU,Rhein Composites,1.6
2024-11-11,ADD-UV1,EU,Rhein Composites,1.8
2024-11-18,ADD-UV1,EU,Rhein Composites,2.3
2024-11-25,ADD-UV1,EU,Rhein Composites,3.3
2024-12-02,ADD-UV1,EU,Rhein Composites,1.8
2024-12-09,ADD-UV1,EU,Rhein Composites,1.9
2024-12-16,ADD-UV1,EU,Rhein Composites,2.4
2024-12-23,ADD-UV1,EU,Rhein Composites,2.5
2024-12-30,ADD-UV1,EU,Rhein Composites,2.5
2025-01-06,ADD-UV1,EU,Rhein Composites,1.8
2025-01-13,ADD-UV1,EU,Rhein Composites,1.9
2025-01-20,ADD-UV1,EU,Rhein Composites,2.3
2025-01-27,ADD-UV1,EU,Rhein Composites,2.9
2025-02-03,ADD-UV1,EU,Rhein Composites,2.1
2025-02-10,ADD-UV1,EU,Rhein Composites,2.2
2025-02-17,ADD-UV1,EU,Rhein Composites,1.7
2025-02-24,ADD-UV1,EU,Rhein Composites,3.3
2025-03-03,ADD-UV1,EU,Rhein Composites,2.3
2025-03-10,ADD-UV1,EU,Rhein Composites,2.8
2025-03-17,ADD-UV1,EU,Rhein Composites,2.3
2025-03-24,ADD-UV1,EU,Rhein Composites,2.3
2025-03-31,ADD-UV1,EU,Rhein Composites,1.6
2025-04-07,ADD-UV1,EU,Rhein Composites,1.4
2025-04-14,ADD-UV1,EU,Rhein Composites,2.9
2025-04-21,ADD-UV1,EU,Rhein Composites,2.2
2025-04-28,ADD-UV1,EU,Rhein Composites,2.2
2025-05-05,ADD-UV1,EU,Rhein Composites,1.6
2025-05-12,ADD-UV1,EU,Rhein Composites,1.7
2025-05-19,ADD-UV1,EU,Rhein Composites,2.6
2025-05-26,ADD-UV1,EU,Rhein Composites,2.9
2025-06-02,ADD-UV1,EU,Rhein Composites,1.7
2025-06-09,ADD-UV1,EU,Rhein Composites,2.2
2025-06-16,ADD-UV1,EU,Rhein Composites,2.0
2025-06-23,ADD-UV1,EU,Rhein Composites,1.9
2025-06-30,ADD-UV1,EU,Rhein Composites,3.1
2025-07-07,ADD-UV1,EU,Rhein Composites,1.8
2025-07-14,ADD-UV1,EU,Rhein Composites,2.6
2025-07-21,ADD-UV1,EU,Rhein Composites,2.1
2025-07-28,ADD-UV1,EU,Rhein Composites,1.9
2025-08-04,ADD-UV1,EU,Rhein Composites,2.6
2025-08-11,ADD-UV1,EU,Rhein Composites,2.0
2025-08-18,ADD-UV1,EU,Rhein Composites,1.8
2025-08-25,ADD-UV1,EU,Rhein Composites,2.6
2025-09-01,ADD-UV1,EU,Rhein Composites,2.5
2025-09-08,ADD-UV1,EU,Rhein Composites,2.5
2025-09-15,ADD-UV1,EU,Rhein Composites,0.8
2025-09-22,ADD-UV1,EU,Rhein Composites,2.1
2025-09-29,ADD-UV1,EU,Rhein Composites,2.0
2025-10-06,ADD-UV1,EU,Rhein Composites,1.9
2025-10-13,ADD-UV1,EU,Rhein Composites,2.2
2025-10-20,ADD-UV1,EU,Rhein Composites,2.1
2025-10-27,ADD-UV1,EU,Rhein Composites,2.3
2025-11-03,ADD-UV1,EU,Rhein Composites,1.9
2025-11-10,ADD-UV1,EU,Rhein Composites,2.8
2025-11-17,ADD-UV1,EU,Rhein Composites,2.4
2025-11-24,ADD-UV1,EU,Rhein Composites,2.2
2025-12-01,ADD-UV1,EU,Rhein Composites,2.2
2025-12-08,ADD-UV1,EU,Rhein Composites,2.7
2025-12-15,ADD-UV1,EU,Rhein Composites,2.6
2025-12-22,ADD-UV1,EU,Rhein Composites,2.0
2025-12-29,ADD-UV1,EU,Rhein Composites,2.6
2026-01-05,ADD-UV1,EU,Rhein Composites,2.2
2026-01-12,ADD-UV1,EU,Rhein Composites,3.3
2026-01-19,ADD-UV1,EU,Rhein Composites,2.7
2026-01-26,ADD-UV1,EU,Rhein Composites,1.9
2026-02-02,ADD-UV1,EU,Rhein Composites,3.5
2026-02-09,ADD-UV1,EU,Rhein Composites,1.3
2026-02-16,ADD-UV1,EU,Rhein Composites,2.4
2026-02-23,ADD-UV1,EU,Rhein Composites,1.8
2026-03-02,ADD-UV1,EU,Rhein Composites,3.1
2026-03-09,ADD-UV1,EU,Rhein Composites,2.2
2026-03-16,ADD-UV1,EU,Rhein Composites,1.7
2026-03-23,ADD-UV1,EU,Rhein Composites,1.9
2026-03-30,ADD-UV1,EU,Rhein Composites,1.8
2026-04-06,ADD-UV1,EU,Rhein Composites,1.9
2026-04-13,ADD-UV1,EU,Rhein Composites,1.9
2026-04-20,ADD-UV1,EU,Rhein Composites,1.7
2026-04-27,ADD-UV1,EU,Rhein Composites,2.2
2026-05-04,ADD-UV1,EU,Rhein Composites,2.2
2026-05-11,ADD-UV1,EU,Rhein Composites,1.6
2026-05-18,ADD-UV1,EU,Rhein Composites,1.4
2026-05-25,ADD-UV1,EU,Rhein Composites,2.2
2026-06-01,ADD-UV1,EU,Rhein Composites,2.3
2026-06-08,ADD-UV1,EU,Rhein Composites,2.3
2026-06-15,ADD-UV1,EU,Rhein Composites,2.2
2026-06-22,ADD-UV1,EU,Rhein Composites,2.8
2026-06-29,ADD-UV1,EU,Rhein Composites,2.5
2026-07-06,ADD-UV1,EU,Rhein Composites,3.6
2026-07-13,ADD-UV1,EU,Rhein Composites,4.0
2026-07-20,ADD-UV1,EU,Rhein Composites,1.3
2026-07-27,ADD-UV1,EU,Rhein Composites,1.2
2026-08-03,ADD-UV1,EU,Rhein Composites,1.9
2026-08-10,ADD-UV1,EU,Rhein Composites,2.2
2026-08-17,ADD-UV1,EU,Rhein Composites,1.9
2026-08-24,ADD-UV1,EU,Rhein Composites,2.2
2026-08-31,ADD-UV1,EU,Rhein Composites,1.7
2026-09-07,ADD-UV1,EU,Rhein Composites,1.6
2026-09-14,ADD-UV1,EU,Rhein Composites,1.6
2026-09-21,ADD-UV1,EU,Rhein Composites,1.8
2026-09-28,ADD-UV1,EU,Rhein Composites,2.1
2024-10-07,ADD-UV1,EU,Nordic Paints,6.5
2024-10-14,ADD-UV1,EU,Nordic Paints,6.9
2024-10-21,ADD-UV1,EU,Nordic Paints,8.3
2024-10-28,ADD-UV1,EU,Nordic Paints,7.1
2024-11-04,ADD-UV1,EU,Nordic Paints,9.6
2024-11-11,ADD-UV1,EU,Nordic Paints,6.1
2024-11-18,ADD-UV1,EU,Nordic Paints,5.8
2024-11-25,ADD-UV1,EU,Nordic Paints,8.2
2024-12-02,ADD-UV1,EU,Nordic Paints,8.2
2024-12-09,ADD-UV1,EU,Nordic Paints,6.3
2024-12-16,ADD-UV1,EU,Nordic Paints,10.3
2024-12-23,ADD-UV1,EU,Nordic Paints,11.7
2024-12-30,ADD-UV1,EU,Nordic Paints,6.6
2025-01-06,ADD-UV1,EU,Nordic Paints,10.5
2025-01-13,ADD-UV1,EU,Nordic Paints,4.5
2025-01-20,ADD-UV1,EU,Nordic Paints,9.6
2025-01-27,ADD-UV1,EU,Nordic Paints,6.3
2025-02-03,ADD-UV1,EU,Nordic Paints,9.7
2025-02-10,ADD-UV1,EU,Nordic Paints,6.3
2025-02-17,ADD-UV1,EU,Nordic Paints,7.6
2025-02-24,ADD-UV1,EU,Nordic Paints,6.4
2025-03-03,ADD-UV1,EU,Nordic Paints,7.3
2025-03-10,ADD-UV1,EU,Nordic Paints,11.7
2025-03-17,ADD-UV1,EU,Nordic Paints,7.7
2025-03-24,ADD-UV1,EU,Nordic Paints,12.6
2025-03-31,ADD-UV1,EU,Nordic Paints,7.4
2025-04-07,ADD-UV1,EU,Nordic Paints,10.8
2025-04-14,ADD-UV1,EU,Nordic Paints,5.4
2025-04-21,ADD-UV1,EU,Nordic Paints,7.1
2025-04-28,ADD-UV1,EU,Nordic Paints,6.6
2025-05-05,ADD-UV1,EU,Nordic Paints,10.1
2025-05-12,ADD-UV1,EU,Nordic Paints,7.5
2025-05-19,ADD-UV1,EU,Nordic Paints,4.5
2025-05-26,ADD-UV1,EU,Nordic Paints,5.2
2025-06-02,ADD-UV1,EU,Nordic Paints,5.4
2025-06-09,ADD-UV1,EU,Nordic Paints,8.3
2025-06-16,ADD-UV1,EU,Nordic Paints,8.1
2025-06-23,ADD-UV1,EU,Nordic Paints,6.5
2025-06-30,ADD-UV1,EU,Nordic Paints,6.4
2025-07-07,ADD-UV1,EU,Nordic Paints,8.4
2025-07-14,ADD-UV1,EU,Nordic Paints,5.5
2025-07-21,ADD-UV1,EU,Nordic Paints,7.5
2025-07-28,ADD-UV1,EU,Nordic Paints,7.4
2025-08-04,ADD-UV1,EU,Nordic Paints,6.3
2025-08-11,ADD-UV1,EU,Nordic Paints,7.3
2025-08-18,ADD-UV1,EU,Nordic Paints,6.8
2025-08-25,ADD-UV1,EU,Nordic Paints,7.4
2025-09-01,ADD-UV1,EU,Nordic Paints,5.0
2025-09-08,ADD-UV1,EU,Nordic Paints,7.7
2025-09-15,ADD-UV1,EU,Nordic Paints,8.5
2025-09-22,ADD-UV1,EU,Nordic Paints,7.2
2025-09-29,ADD-UV1,EU,Nordic Paints,7.5
2025-10-06,ADD-UV1,EU,Nordic Paints,6.4
2025-10-13,ADD-UV1,EU,Nordic Paints,8.1
2025-10-20,ADD-UV1,EU,Nordic Paints,7.0
2025-10-27,ADD-UV1,EU,Nordic Paints,5.4
2025-11-03,ADD-UV1,EU,Nordic Paints,8.5
2025-11-10,ADD-UV1,EU,Nordic Paints,4.9
2025-11-17,ADD-UV1,EU,Nordic Paints,7.5
2025-11-24,ADD-UV1,EU,Nordic Paints,6.4
2025-12-01,ADD-UV1,EU,Nordic Paints,6.3
2025-12-08,ADD-UV1,EU,Nordic Paints,7.5
2025-12-15,ADD-UV1,EU,Nordic Paints,6.2
2025-12-22,ADD-UV1,EU,Nordic Paints,8.2
2025-12-29,ADD-UV1,EU,Nordic Paints,7.4
2026-01-05,ADD-UV1,EU,Nordic Paints,6.5
2026-01-12,ADD-UV1,EU,Nordic Paints,10.1
2026-01-19,ADD-UV1,EU,Nordic Paints,7.9
2026-01-26,ADD-UV1,EU,Nordic Paints,8.6
2026-02-02,ADD-UV1,EU,Nordic Paints,10.2
2026-02-09,ADD-UV1,EU,Nordic Paints,10.2
2026-02-16,ADD-UV1,EU,Nordic Paints,8.5
2026-02-23,ADD-UV1,EU,Nordic Paints,6.9
2026-03-02,ADD-UV1,EU,Nordic Paints,5.2
2026-03-09,ADD-UV1,EU,Nordic Paints,7.5
2026-03-16,ADD-UV1,EU,Nordic Paints,9.3
2026-03-23,ADD-UV1,EU,Nordic Paints,7.9
2026-03-30,ADD-UV1,EU,Nordic Paints,3.4
2026-04-06,ADD-UV1,EU,Nordic Paints,8.7
2026-04-13,ADD-UV1,EU,Nordic Paints,9.0
2026-04-20,ADD-UV1,EU,Nordic Paints,6.8
2026-04-27,ADD-UV1,EU,Nordic Paints,8.9
2026-05-04,ADD-UV1,EU,Nordic Paints,8.3
2026-05-11,ADD-UV1,EU,Nordic Paints,6.2
2026-05-18,ADD-UV1,EU,Nordic Paints,9.7
2026-05-25,ADD-UV1,EU,Nordic Paints,5.5
2026-06-01,ADD-UV1,EU,Nordic Paints,7.0
2026-06-08,ADD-UV1,EU,Nordic Paints,6.6
2026-06-15,ADD-UV1,EU,Nordic Paints,5.8
2026-06-22,ADD-UV1,EU,Nordic Paints,7.6
2026-06-29,ADD-UV1,EU,Nordic Paints,9.4
2026-07-06,ADD-UV1,EU,Nordic Paints,9.2
2026-07-13,ADD-UV1,EU,Nordic Paints,8.3
2026-07-20,ADD-UV1,EU,Nordic Paints,4.8
2026-07-27,ADD-UV1,EU,Nordic Paints,5.1
2026-08-03,ADD-UV1,EU,Nordic Paints,7.1
2026-08-10,ADD-UV1,EU,Nordic Paints,6.8
2026-08-17,ADD-UV1,EU,Nordic Paints,6.0
2026-08-24,ADD-UV1,EU,Nordic Paints,10.0
2026-08-31,ADD-UV1,EU,Nordic Paints,6.7
2026-09-07,ADD-UV1,EU,Nordic Paints,7.4
2026-09-14,ADD-UV1,EU,Nordic Paints,8.0
2026-09-21,ADD-UV1,EU,Nordic Paints,6.5
2026-09-28,ADD-UV1,EU,Nordic Paints,10.9
2024-10-07,ADD-UV1,EU,Iberia Polymers,1.2
2024-10-14,ADD-UV1,EU,Iberia Polymers,1.3
2024-10-21,ADD-UV1,EU,Iberia Polymers,1.2
2024-10-28,ADD-UV1,EU,Iberia Polymers,2.1
2024-11-04,ADD-UV1,EU,Iberia Polymers,1.8
2024-11-11,ADD-UV1,EU,Iberia Polymers,1.3
2024-11-18,ADD-UV1,EU,Iberia Polymers,1.2
2024-11-25,ADD-UV1,EU,Iberia Polymers,2.1
2024-12-02,ADD-UV1,EU,Iberia Polymers,1.6
2024-12-09,ADD-UV1,EU,Iberia Polymers,2.1
2024-12-16,ADD-UV1,EU,Iberia Polymers,1.5
2024-12-23,ADD-UV1,EU,Iberia Polymers,1.7
2024-12-30,ADD-UV1,EU,Iberia Polymers,1.6
2025-01-06,ADD-UV1,EU,Iberia Polymers,1.3
2025-01-13,ADD-UV1,EU,Iberia Polymers,1.5
2025-01-20,ADD-UV1,EU,Iberia Polymers,1.2
2025-01-27,ADD-UV1,EU,Iberia Polymers,1.7
2025-02-03,ADD-UV1,EU,Iberia Polymers,1.9
2025-02-10,ADD-UV1,EU,Iberia Polymers,1.9
2025-02-17,ADD-UV1,EU,Iberia Polymers,1.8
2025-02-24,ADD-UV1,EU,Iberia Polymers,1.5
2025-03-03,ADD-UV1,EU,Iberia Polymers,2.2
2025-03-10,ADD-UV1,EU,Iberia Polymers,1.9
2025-03-17,ADD-UV1,EU,Iberia Polymers,2.2
2025-03-24,ADD-UV1,EU,Iberia Polymers,2.2
2025-03-31,ADD-UV1,EU,Iberia Polymers,1.6
2025-04-07,ADD-UV1,EU,Iberia Polymers,1.7
2025-04-14,ADD-UV1,EU,Iberia Polymers,1.8
2025-04-21,ADD-UV1,EU,Iberia Polymers,1.2
2025-04-28,ADD-UV1,EU,Iberia Polymers,1.2
2025-05-05,ADD-UV1,EU,Iberia Polymers,1.1
2025-05-12,ADD-UV1,EU,Iberia Polymers,1.4
2025-05-19,ADD-UV1,EU,Iberia Polymers,1.3
2025-05-26,ADD-UV1,EU,Iberia Polymers,1.0
2025-06-02,ADD-UV1,EU,Iberia Polymers,1.4
2025-06-09,ADD-UV1,EU,Iberia Polymers,1.3
2025-06-16,ADD-UV1,EU,Iberia Polymers,1.8
2025-06-23,ADD-UV1,EU,Iberia Polymers,2.2
2025-06-30,ADD-UV1,EU,Iberia Polymers,1.6
2025-07-07,ADD-UV1,EU,Iberia Polymers,1.2
2025-07-14,ADD-UV1,EU,Iberia Polymers,1.6
2025-07-21,ADD-UV1,EU,Iberia Polymers,1.4
2025-07-28,ADD-UV1,EU,Iberia Polymers,1.3
2025-08-04,ADD-UV1,EU,Iberia Polymers,1.1
2025-08-11,ADD-UV1,EU,Iberia Polymers,1.2
2025-08-18,ADD-UV1,EU,Iberia Polymers,1.3
2025-08-25,ADD-UV1,EU,Iberia Polymers,1.6
2025-09-01,ADD-UV1,EU,Iberia Polymers,1.5
2025-09-08,ADD-UV1,EU,Iberia Polymers,2.0
2025-09-15,ADD-UV1,EU,Iberia Polymers,1.6
2025-09-22,ADD-UV1,EU,Iberia Polymers,1.5
2025-09-29,ADD-UV1,EU,Iberia Polymers,1.2
2025-10-06,ADD-UV1,EU,Iberia Polymers,1.1
2025-10-13,ADD-UV1,EU,Iberia Polymers,1.2
2025-10-20,ADD-UV1,EU,Iberia Polymers,1.2
2025-10-27,ADD-UV1,EU,Iberia Polymers,0.8
2025-11-03,ADD-UV1,EU,Iberia Polymers,1.1
2025-11-10,ADD-UV1,EU,Iberia Polymers,2.0
2025-11-17,ADD-UV1,EU,Iberia Polymers,1.5
2025-11-24,ADD-UV1,EU,Iberia Polymers,1.3
2025-12-01,ADD-UV1,EU,Iberia Polymers,1.5
2025-12-08,ADD-UV1,EU,Iberia Polymers,0.9
2025-12-15,ADD-UV1,EU,Iberia Polymers,1.5
2025-12-22,ADD-UV1,EU,Iberia Polymers,2.0
2025-12-29,ADD-UV1,EU,Iberia Polymers,1.4
2026-01-05,ADD-UV1,EU,Iberia Polymers,1.0
2026-01-12,ADD-UV1,EU,Iberia Polymers,1.4
2026-01-19,ADD-UV1,EU,Iberia Polymers,2.0
2026-01-26,ADD-UV1,EU,Iberia Polymers,1.6
2026-02-02,ADD-UV1,EU,Iberia Polymers,1.1
2026-02-09,ADD-UV1,EU,Iberia Polymers,2.5
2026-02-16,ADD-UV1,EU,Iberia Polymers,1.1
2026-02-23,ADD-UV1,EU,Iberia Polymers,1.4
2026-03-02,ADD-UV1,EU,Iberia Polymers,1.1
2026-03-09,ADD-UV1,EU,Iberia Polymers,1.1
2026-03-16,ADD-UV1,EU,Iberia Polymers,1.3
2026-03-23,ADD-UV1,EU,Iberia Polymers,1.7
2026-03-30,ADD-UV1,EU,Iberia Polymers,1.9
2026-04-06,ADD-UV1,EU,Iberia Polymers,1.3
2026-04-13,ADD-UV1,EU,Iberia Polymers,1.2
2026-04-20,ADD-UV1,EU,Iberia Polymers,1.6
2026-04-27,ADD-UV1,EU,Iberia Polymers,1.6
2026-05-04,ADD-UV1,EU,Iberia Polymers,1.5
2026-05-11,ADD-UV1,EU,Iberia Polymers,1.5
2026-05-18,ADD-UV1,EU,Iberia Polymers,1.4
2026-05-25,ADD-UV1,EU,Iberia Polymers,1.5
2026-06-01,ADD-UV1,EU,Iberia Polymers,1.4
2026-06-08,ADD-UV1,EU,Iberia Polymers,1.7
2026-06-15,ADD-UV1,EU,Iberia Polymers,2.3
2026-06-22,ADD-UV1,EU,Iberia Polymers,1.5
2026-06-29,ADD-UV1,EU,Iberia Polymers,1.4
2026-07-06,ADD-UV1,EU,Iberia Polymers,1.5
2026-07-13,ADD-UV1,EU,Iberia Polymers,1.2
2026-07-20,ADD-UV1,EU,Iberia Polymers,1.6
2026-07-27,ADD-UV1,EU,Iberia Polymers,1.5
2026-08-03,ADD-UV1,EU,Iberia Polymers,1.3
2026-08-10,ADD-UV1,EU,Iberia Polymers,1.7
2026-08-17,ADD-UV1,EU,Iberia Polymers,1.4
2026-08-24,ADD-UV1,EU,Iberia Polymers,1.1
2026-08-31,ADD-UV1,EU,Iberia Polymers,1.4
2026-09-07,ADD-UV1,EU,Iberia Polymers,1.4
2026-09-14,ADD-UV1,EU,Iberia Polymers,1.6
2026-09-21,ADD-UV1,EU,Iberia Polymers,1.6
2026-09-28,ADD-UV1,EU,Iberia Polymers,1.2
2024-10-07,ADD-UV1,APAC,Pacific Coatings,5.5
2024-10-14,ADD-UV1,APAC,Pacific Coatings,11.0
2024-10-21,ADD-UV1,APAC,Pacific Coatings,7.5
2024-10-28,ADD-UV1,APAC,Pacific Coatings,4.9
2024-11-04,ADD-UV1,APAC,Pacific Coatings,6.5
2024-11-11,ADD-UV1,APAC,Pacific Coatings,7.4
2024-11-18,ADD-UV1,APAC,Pacific Coatings,5.6
2024-11-25,ADD-UV1,APAC,Pacific Coatings,4.3
2024-12-02,ADD-UV1,APAC,Pacific Coatings,4.7
2024-12-09,ADD-UV1,APAC,Pacific Coatings,6.6
2024-12-16,ADD-UV1,APAC,Pacific Coatings,4.0
2024-12-23,ADD-UV1,APAC,Pacific Coatings,4.3
2024-12-30,ADD-UV1,APAC,Pacific Coatings,6.8
2025-01-06,ADD-UV1,APAC,Pacific Coatings,5.7
2025-01-13,ADD-UV1,APAC,Pacific Coatings,5.0
2025-01-20,ADD-UV1,APAC,Pacific Coatings,5.2
2025-01-27,ADD-UV1,APAC,Pacific Coatings,4.2
2025-02-03,ADD-UV1,APAC,Pacific Coatings,6.5
2025-02-10,ADD-UV1,APAC,Pacific Coatings,4.8
2025-02-17,ADD-UV1,APAC,Pacific Coatings,5.1
2025-02-24,ADD-UV1,APAC,Pacific Coatings,6.3
2025-03-03,ADD-UV1,APAC,Pacific Coatings,5.7
2025-03-10,ADD-UV1,APAC,Pacific Coatings,5.3
2025-03-17,ADD-UV1,APAC,Pacific Coatings,4.0
2025-03-24,ADD-UV1,APAC,Pacific Coatings,6.7
2025-03-31,ADD-UV1,APAC,Pacific Coatings,6.2
2025-04-07,ADD-UV1,APAC,Pacific Coatings,5.4
2025-04-14,ADD-UV1,APAC,Pacific Coatings,4.9
2025-04-21,ADD-UV1,APAC,Pacific Coatings,6.4
2025-04-28,ADD-UV1,APAC,Pacific Coatings,7.0
2025-05-05,ADD-UV1,APAC,Pacific Coatings,6.5
2025-05-12,ADD-UV1,APAC,Pacific Coatings,8.9
2025-05-19,ADD-UV1,APAC,Pacific Coatings,7.3
2025-05-26,ADD-UV1,APAC,Pacific Coatings,6.1
2025-06-02,ADD-UV1,APAC,Pacific Coatings,7.3
2025-06-09,ADD-UV1,APAC,Pacific Coatings,6.3
2025-06-16,ADD-UV1,APAC,Pacific Coatings,6.3
2025-06-23,ADD-UV1,APAC,Pacific Coatings,8.2
2025-06-30,ADD-UV1,APAC,Pacific Coatings,5.0
2025-07-07,ADD-UV1,APAC,Pacific Coatings,6.3
2025-07-14,ADD-UV1,APAC,Pacific Coatings,8.0
2025-07-21,ADD-UV1,APAC,Pacific Coatings,6.5
2025-07-28,ADD-UV1,APAC,Pacific Coatings,5.8
2025-08-04,ADD-UV1,APAC,Pacific Coatings,4.5
2025-08-11,ADD-UV1,APAC,Pacific Coatings,3.9
2025-08-18,ADD-UV1,APAC,Pacific Coatings,10.2
2025-08-25,ADD-UV1,APAC,Pacific Coatings,6.9
2025-09-01,ADD-UV1,APAC,Pacific Coatings,5.8
2025-09-08,ADD-UV1,APAC,Pacific Coatings,7.0
2025-09-15,ADD-UV1,APAC,Pacific Coatings,5.3
2025-09-22,ADD-UV1,APAC,Pacific Coatings,6.1
2025-09-29,ADD-UV1,APAC,Pacific Coatings,5.3
2025-10-06,ADD-UV1,APAC,Pacific Coatings,4.7
2025-10-13,ADD-UV1,APAC,Pacific Coatings,4.0
2025-10-20,ADD-UV1,APAC,Pacific Coatings,4.4
2025-10-27,ADD-UV1,APAC,Pacific Coatings,7.7
2025-11-03,ADD-UV1,APAC,Pacific Coatings,4.9
2025-11-10,ADD-UV1,APAC,Pacific Coatings,6.8
2025-11-17,ADD-UV1,APAC,Pacific Coatings,7.4
2025-11-24,ADD-UV1,APAC,Pacific Coatings,6.0
2025-12-01,ADD-UV1,APAC,Pacific Coatings,5.7
2025-12-08,ADD-UV1,APAC,Pacific Coatings,6.2
2025-12-15,ADD-UV1,APAC,Pacific Coatings,5.5
2025-12-22,ADD-UV1,APAC,Pacific Coatings,7.8
2025-12-29,ADD-UV1,APAC,Pacific Coatings,8.9
2026-01-05,ADD-UV1,APAC,Pacific Coatings,8.0
2026-01-12,ADD-UV1,APAC,Pacific Coatings,3.6
2026-01-19,ADD-UV1,APAC,Pacific Coatings,5.3
2026-01-26,ADD-UV1,APAC,Pacific Coatings,6.0
2026-02-02,ADD-UV1,APAC,Pacific Coatings,6.7
2026-02-09,ADD-UV1,APAC,Pacific Coatings,4.2
2026-02-16,ADD-UV1,APAC,Pacific Coatings,4.1
2026-02-23,ADD-UV1,APAC,Pacific Coatings,8.0
2026-03-02,ADD-UV1,APAC,Pacific Coatings,5.4
2026-03-09,ADD-UV1,APAC,Pacific Coatings,4.4
2026-03-16,ADD-UV1,APAC,Pacific Coatings,4.9
2026-03-23,ADD-UV1,APAC,Pacific Coatings,6.7
2026-03-30,ADD-UV1,APAC,Pacific Coatings,5.2
2026-04-06,ADD-UV1,APAC,Pacific Coatings,6.7
2026-04-13,ADD-UV1,APAC,Pacific Coatings,5.1
2026-04-20,ADD-UV1,APAC,Pacific Coatings,4.3
2026-04-27,ADD-UV1,APAC,Pacific Coatings,8.7
2026-05-04,ADD-UV1,APAC,Pacific Coatings,7.0
2026-05-11,ADD-UV1,APAC,Pacific Coatings,6.0
2026-05-18,ADD-UV1,APAC,Pacific Coatings,5.8
2026-05-25,ADD-UV1,APAC,Pacific Coatings,9.0
2026-06-01,ADD-UV1,APAC,Pacific Coatings,7.5
2026-06-08,ADD-UV1,APAC,Pacific Coatings,8.8
2026-06-15,ADD-UV1,APAC,Pacific Coatings,5.8
2026-06-22,ADD-UV1,APAC,Pacific Coatings,6.7
2026-06-29,ADD-UV1,APAC,Pacific Coatings,7.3
2026-07-06,ADD-UV1,APAC,Pacific Coatings,6.0
2026-07-13,ADD-UV1,APAC,Pacific Coatings,6.6
2026-07-20,ADD-UV1,APAC,Pacific Coatings,5.8
2026-07-27,ADD-UV1,APAC,Pacific Coatings,7.3
2026-08-03,ADD-UV1,APAC,Pacific Coatings,5.1
2026-08-10,ADD-UV1,APAC,Pacific Coatings,7.6
2026-08-17,ADD-UV1,APAC,Pacific Coatings,7.5
2026-08-24,ADD-UV1,APAC,Pacific Coatings,6.8
2026-08-31,ADD-UV1,APAC,Pacific Coatings,8.1
2026-09-07,ADD-UV1,APAC,Pacific Coatings,6.8
2026-09-14,ADD-UV1,APAC,Pacific Coatings,6.4
2026-09-21,ADD-UV1,APAC,Pacific Coatings,8.7
2026-09-28,ADD-UV1,APAC,Pacific Coatings,9.0
2024-10-07,ADD-UV1,APAC,Shenzhen Electronic Materials,5.5
2024-10-14,ADD-UV1,APAC,Shenzhen Electronic Materials,5.4
2024-10-21,ADD-UV1,APAC,Shenzhen Electronic Materials,5.9
2024-10-28,ADD-UV1,APAC,Shenzhen Electronic Materials,5.4
2024-11-04,ADD-UV1,APAC,Shenzhen Electronic Materials,8.4
2024-11-11,ADD-UV1,APAC,Shenzhen Electronic Materials,6.5
2024-11-18,ADD-UV1,APAC,Shenzhen Electronic Materials,5.9
2024-11-25,ADD-UV1,APAC,Shenzhen Electronic Materials,4.7
2024-12-02,ADD-UV1,APAC,Shenzhen Electronic Materials,6.8
2024-12-09,ADD-UV1,APAC,Shenzhen Electronic Materials,5.0
2024-12-16,ADD-UV1,APAC,Shenzhen Electronic Materials,5.0
2024-12-23,ADD-UV1,APAC,Shenzhen Electronic Materials,6.8
2024-12-30,ADD-UV1,APAC,Shenzhen Electronic Materials,6.3
2025-01-06,ADD-UV1,APAC,Shenzhen Electronic Materials,3.3
2025-01-13,ADD-UV1,APAC,Shenzhen Electronic Materials,5.5
2025-01-20,ADD-UV1,APAC,Shenzhen Electronic Materials,5.8
2025-01-27,ADD-UV1,APAC,Shenzhen Electronic Materials,5.2
2025-02-03,ADD-UV1,APAC,Shenzhen Electronic Materials,5.9
2025-02-10,ADD-UV1,APAC,Shenzhen Electronic Materials,3.7
2025-02-17,ADD-UV1,APAC,Shenzhen Electronic Materials,3.0
2025-02-24,ADD-UV1,APAC,Shenzhen Electronic Materials,4.5
2025-03-03,ADD-UV1,APAC,Shenzhen Electronic Materials,6.2
2025-03-10,ADD-UV1,APAC,Shenzhen Electronic Materials,2.9
2025-03-17,ADD-UV1,APAC,Shenzhen Electronic Materials,5.0
2025-03-24,ADD-UV1,APAC,Shenzhen Electronic Materials,3.9
2025-03-31,ADD-UV1,APAC,Shenzhen Electronic Materials,5.6
2025-04-07,ADD-UV1,APAC,Shenzhen Electronic Materials,9.1
2025-04-14,ADD-UV1,APAC,Shenzhen Electronic Materials,5.7
2025-04-21,ADD-UV1,APAC,Shenzhen Electronic Materials,6.0
2025-04-28,ADD-UV1,APAC,Shenzhen Electronic Materials,7.3
2025-05-05,ADD-UV1,APAC,Shenzhen Electronic Materials,6.2
2025-05-12,ADD-UV1,APAC,Shenzhen Electronic Materials,5.7
2025-05-19,ADD-UV1,APAC,Shenzhen Electronic Materials,7.4
2025-05-26,ADD-UV1,APAC,Shenzhen Electronic Materials,6.6
2025-06-02,ADD-UV1,APAC,Shenzhen Electronic Materials,6.4
2025-06-09,ADD-UV1,APAC,Shenzhen Electronic Materials,5.8
2025-06-16,ADD-UV1,APAC,Shenzhen Electronic Materials,5.6
2025-06-23,ADD-UV1,APAC,Shenzhen Electronic Materials,7.2
2025-06-30,ADD-UV1,APAC,Shenzhen Electronic Materials,5.4
2025-07-07,ADD-UV1,APAC,Shenzhen Electronic Materials,7.9
2025-07-14,ADD-UV1,APAC,Shenzhen Electronic Materials,4.7
2025-07-21,ADD-UV1,APAC,Shenzhen Electronic Materials,8.1
2025-07-28,ADD-UV1,APAC,Shenzhen Electronic Materials,6.7
2025-08-04,ADD-UV1,APAC,Shenzhen Electronic Materials,5.1
2025-08-11,ADD-UV1,APAC,Shenzhen Electronic Materials,7.0
2025-08-18,ADD-UV1,APAC,Shenzhen Electronic Materials,5.4
2025-08-25,ADD-UV1,APAC,Shenzhen Electronic Materials,6.3
2025-09-01,ADD-UV1,APAC,Shenzhen Electronic Materials,5.7
2025-09-08,ADD-UV1,APAC,Shenzhen Electronic Materials,6.1
2025-09-15,ADD-UV1,APAC,Shenzhen Electronic Materials,7.7
2025-09-22,ADD-UV1,APAC,Shenzhen Electronic Materials,7.1
2025-09-29,ADD-UV1,APAC,Shenzhen Electronic Materials,4.9
2025-10-06,ADD-UV1,APAC,Shenzhen Electronic Materials,4.9
2025-10-13,ADD-UV1,APAC,Shenzhen Electronic Materials,6.6
2025-10-20,ADD-UV1,APAC,Shenzhen Electronic Materials,6.5
2025-10-27,ADD-UV1,APAC,Shenzhen Electronic Materials,5.1
2025-11-03,ADD-UV1,APAC,Shenzhen Electronic Materials,8.3
2025-11-10,ADD-UV1,APAC,Shenzhen Electronic Materials,7.0
2025-11-17,ADD-UV1,APAC,Shenzhen Electronic Materials,5.0
2025-11-24,ADD-UV1,APAC,Shenzhen Electronic Materials,4.9
2025-12-01,ADD-UV1,APAC,Shenzhen Electronic Materials,5.5
2025-12-08,ADD-UV1,APAC,Shenzhen Electronic Materials,5.4
2025-12-15,ADD-UV1,APAC,Shenzhen Electronic Materials,7.6
2025-12-22,ADD-UV1,APAC,Shenzhen Electronic Materials,7.1
2025-12-29,ADD-UV1,APAC,Shenzhen Electronic Materials,5.7
2026-01-05,ADD-UV1,APAC,Shenzhen Electronic Materials,6.5
2026-01-12,ADD-UV1,APAC,Shenzhen Electronic Materials,6.7
2026-01-19,ADD-UV1,APAC,Shenzhen Electronic Materials,5.7
2026-01-26,ADD-UV1,APAC,Shenzhen Electronic Materials,6.3
2026-02-02,ADD-UV1,APAC,Shenzhen Electronic Materials,6.7
2026-02-09,ADD-UV1,APAC,Shenzhen Electronic Materials,6.6
2026-02-16,ADD-UV1,APAC,Shenzhen Electronic Materials,4.9
2026-02-23,ADD-UV1,APAC,Shenzhen Electronic Materials,5.0
2026-03-02,ADD-UV1,APAC,Shenzhen Electronic Materials,5.5
2026-03-09,ADD-UV1,APAC,Shenzhen Electronic Materials,5.1
2026-03-16,ADD-UV1,APAC,Shenzhen Electronic Materials,4.3
2026-03-23,ADD-UV1,APAC,Shenzhen Electronic Materials,6.8
2026-03-30,ADD-UV1,APAC,Shenzhen Electronic Materials,6.5
2026-04-06,ADD-UV1,APAC,Shenzhen Electronic Materials,4.5
2026-04-13,ADD-UV1,APAC,Shenzhen Electronic Materials,5.7
2026-04-20,ADD-UV1,APAC,Shenzhen Electronic Materials,5.8
2026-04-27,ADD-UV1,APAC,Shenzhen Electronic Materials,6.4
2026-05-04,ADD-UV1,APAC,Shenzhen Electronic Materials,4.9
2026-05-11,ADD-UV1,APAC,Shenzhen Electronic Materials,4.6
2026-05-18,ADD-UV1,APAC,Shenzhen Electronic Materials,7.1
2026-05-25,ADD-UV1,APAC,Shenzhen Electronic Materials,4.5
2026-06-01,ADD-UV1,APAC,Shenzhen Electronic Materials,6.1
2026-06-08,ADD-UV1,APAC,Shenzhen Electronic Materials,6.1
2026-06-15,ADD-UV1,APAC,Shenzhen Electronic Materials,6.2
2026-06-22,ADD-UV1,APAC,Shenzhen Electronic Materials,6.8
2026-06-29,ADD-UV1,APAC,Shenzhen Electronic Materials,9.2
2026-07-06,ADD-UV1,APAC,Shenzhen Electronic Materials,4.6
2026-07-13,ADD-UV1,APAC,Shenzhen Electronic Materials,7.9
2026-07-20,ADD-UV1,APAC,Shenzhen Electronic Materials,3.7
2026-07-27,ADD-UV1,APAC,Shenzhen Electronic Materials,8.8
2026-08-03,ADD-UV1,APAC,Shenzhen Electronic Materials,4.2
2026-08-10,ADD-UV1,APAC,Shenzhen Electronic Materials,11.1
2026-08-17,ADD-UV1,APAC,Shenzhen Electronic Materials,6.2
2026-08-24,ADD-UV1,APAC,Shenzhen Electronic Materials,9.1
2026-08-31,ADD-UV1,APAC,Shenzhen Electronic Materials,8.9
2026-09-07,ADD-UV1,APAC,Shenzhen Electronic Materials,6.4
2026-09-14,ADD-UV1,APAC,Shenzhen Electronic Materials,6.6
2026-09-21,ADD-UV1,APAC,Shenzhen Electronic Materials,6.2
2026-09-28,ADD-UV1,APAC,Shenzhen Electronic Materials,9.1
2024-10-07,ADD-UV1,APAC,Jurong Construction Chem,2.5
2024-10-14,ADD-UV1,APAC,Jurong Construction Chem,2.2
2024-10-21,ADD-UV1,APAC,Jurong Construction Chem,3.0
2024-10-28,ADD-UV1,APAC,Jurong Construction Chem,2.2
2024-11-04,ADD-UV1,APAC,Jurong Construction Chem,2.4
2024-11-11,ADD-UV1,APAC,Jurong Construction Chem,2.7
2024-11-18,ADD-UV1,APAC,Jurong Construction Chem,2.2
2024-11-25,ADD-UV1,APAC,Jurong Construction Chem,2.3
2024-12-02,ADD-UV1,APAC,Jurong Construction Chem,3.5
2024-12-09,ADD-UV1,APAC,Jurong Construction Chem,2.4
2024-12-16,ADD-UV1,APAC,Jurong Construction Chem,2.3
2024-12-23,ADD-UV1,APAC,Jurong Construction Chem,2.4
2024-12-30,ADD-UV1,APAC,Jurong Construction Chem,2.8
2025-01-06,ADD-UV1,APAC,Jurong Construction Chem,2.0
2025-01-13,ADD-UV1,APAC,Jurong Construction Chem,2.7
2025-01-20,ADD-UV1,APAC,Jurong Construction Chem,2.6
2025-01-27,ADD-UV1,APAC,Jurong Construction Chem,1.7
2025-02-03,ADD-UV1,APAC,Jurong Construction Chem,3.7
2025-02-10,ADD-UV1,APAC,Jurong Construction Chem,3.4
2025-02-17,ADD-UV1,APAC,Jurong Construction Chem,2.0
2025-02-24,ADD-UV1,APAC,Jurong Construction Chem,1.9
2025-03-03,ADD-UV1,APAC,Jurong Construction Chem,2.7
2025-03-10,ADD-UV1,APAC,Jurong Construction Chem,1.9
2025-03-17,ADD-UV1,APAC,Jurong Construction Chem,3.5
2025-03-24,ADD-UV1,APAC,Jurong Construction Chem,2.4
2025-03-31,ADD-UV1,APAC,Jurong Construction Chem,3.7
2025-04-07,ADD-UV1,APAC,Jurong Construction Chem,2.2
2025-04-14,ADD-UV1,APAC,Jurong Construction Chem,2.6
2025-04-21,ADD-UV1,APAC,Jurong Construction Chem,3.6
2025-04-28,ADD-UV1,APAC,Jurong Construction Chem,2.5
2025-05-05,ADD-UV1,APAC,Jurong Construction Chem,2.9
2025-05-12,ADD-UV1,APAC,Jurong Construction Chem,3.3
2025-05-19,ADD-UV1,APAC,Jurong Construction Chem,2.3
2025-05-26,ADD-UV1,APAC,Jurong Construction Chem,2.0
2025-06-02,ADD-UV1,APAC,Jurong Construction Chem,1.9
2025-06-09,ADD-UV1,APAC,Jurong Construction Chem,3.0
2025-06-16,ADD-UV1,APAC,Jurong Construction Chem,2.9
2025-06-23,ADD-UV1,APAC,Jurong Construction Chem,3.3
2025-06-30,ADD-UV1,APAC,Jurong Construction Chem,2.4
2025-07-07,ADD-UV1,APAC,Jurong Construction Chem,1.9
2025-07-14,ADD-UV1,APAC,Jurong Construction Chem,1.6
2025-07-21,ADD-UV1,APAC,Jurong Construction Chem,4.8
2025-07-28,ADD-UV1,APAC,Jurong Construction Chem,3.0
2025-08-04,ADD-UV1,APAC,Jurong Construction Chem,2.9
2025-08-11,ADD-UV1,APAC,Jurong Construction Chem,2.9
2025-08-18,ADD-UV1,APAC,Jurong Construction Chem,2.0
2025-08-25,ADD-UV1,APAC,Jurong Construction Chem,2.3
2025-09-01,ADD-UV1,APAC,Jurong Construction Chem,4.1
2025-09-08,ADD-UV1,APAC,Jurong Construction Chem,3.2
2025-09-15,ADD-UV1,APAC,Jurong Construction Chem,2.3
2025-09-22,ADD-UV1,APAC,Jurong Construction Chem,2.1
2025-09-29,ADD-UV1,APAC,Jurong Construction Chem,2.5
2025-10-06,ADD-UV1,APAC,Jurong Construction Chem,2.6
2025-10-13,ADD-UV1,APAC,Jurong Construction Chem,4.3
2025-10-20,ADD-UV1,APAC,Jurong Construction Chem,2.5
2025-10-27,ADD-UV1,APAC,Jurong Construction Chem,2.0
2025-11-03,ADD-UV1,APAC,Jurong Construction Chem,2.5
2025-11-10,ADD-UV1,APAC,Jurong Construction Chem,2.7
2025-11-17,ADD-UV1,APAC,Jurong Construction Chem,1.9
2025-11-24,ADD-UV1,APAC,Jurong Construction Chem,2.8
2025-12-01,ADD-UV1,APAC,Jurong Construction Chem,3.3
2025-12-08,ADD-UV1,APAC,Jurong Construction Chem,2.6
2025-12-15,ADD-UV1,APAC,Jurong Construction Chem,2.1
2025-12-22,ADD-UV1,APAC,Jurong Construction Chem,2.2
2025-12-29,ADD-UV1,APAC,Jurong Construction Chem,1.7
2026-01-05,ADD-UV1,APAC,Jurong Construction Chem,2.4
2026-01-12,ADD-UV1,APAC,Jurong Construction Chem,2.6
2026-01-19,ADD-UV1,APAC,Jurong Construction Chem,2.0
2026-01-26,ADD-UV1,APAC,Jurong Construction Chem,3.9
2026-02-02,ADD-UV1,APAC,Jurong Construction Chem,3.1
2026-02-09,ADD-UV1,APAC,Jurong Construction Chem,1.7
2026-02-16,ADD-UV1,APAC,Jurong Construction Chem,1.7
2026-02-23,ADD-UV1,APAC,Jurong Construction Chem,2.0
2026-03-02,ADD-UV1,APAC,Jurong Construction Chem,3.6
2026-03-09,ADD-UV1,APAC,Jurong Construction Chem,3.2
2026-03-16,ADD-UV1,APAC,Jurong Construction Chem,3.8
2026-03-23,ADD-UV1,APAC,Jurong Construction Chem,2.6
2026-03-30,ADD-UV1,APAC,Jurong Construction Chem,2.5
2026-04-06,ADD-UV1,APAC,Jurong Construction Chem,2.0
2026-04-13,ADD-UV1,APAC,Jurong Construction Chem,2.9
2026-04-20,ADD-UV1,APAC,Jurong Construction Chem,2.6
2026-04-27,ADD-UV1,APAC,Jurong Construction Chem,2.6
2026-05-04,ADD-UV1,APAC,Jurong Construction Chem,3.9
2026-05-11,ADD-UV1,APAC,Jurong Construction Chem,2.7
2026-05-18,ADD-UV1,APAC,Jurong Construction Chem,3.7
2026-05-25,ADD-UV1,APAC,Jurong Construction Chem,2.0
2026-06-01,ADD-UV1,APAC,Jurong Construction Chem,5.1
2026-06-08,ADD-UV1,APAC,Jurong Construction Chem,2.6
2026-06-15,ADD-UV1,APAC,Jurong Construction Chem,3.3
2026-06-22,ADD-UV1,APAC,Jurong Construction Chem,3.4
2026-06-29,ADD-UV1,APAC,Jurong Construction Chem,2.5
2026-07-06,ADD-UV1,APAC,Jurong Construction Chem,3.4
2026-07-13,ADD-UV1,APAC,Jurong Construction Chem,3.5
2026-07-20,ADD-UV1,APAC,Jurong Construction Chem,2.4
2026-07-27,ADD-UV1,APAC,Jurong Construction Chem,2.4
2026-08-03,ADD-UV1,APAC,Jurong Construction Chem,2.9
2026-08-10,ADD-UV1,APAC,Jurong Construction Chem,2.8
2026-08-17,ADD-UV1,APAC,Jurong Construction Chem,4.0
2026-08-24,ADD-UV1,APAC,Jurong Construction Chem,3.5
2026-08-31,ADD-UV1,APAC,Jurong Construction Chem,3.0
2026-09-07,ADD-UV1,APAC,Jurong Construction Chem,3.6
2026-09-14,ADD-UV1,APAC,Jurong Construction Chem,2.0
2026-09-21,ADD-UV1,APAC,Jurong Construction Chem,2.8
2026-09-28,ADD-UV1,APAC,Jurong Construction Chem,3.6
2024-10-07,ADD-UV1,LATAM,Andes Plastics,2.2
2024-10-14,ADD-UV1,LATAM,Andes Plastics,3.4
2024-10-21,ADD-UV1,LATAM,Andes Plastics,1.9
2024-10-28,ADD-UV1,LATAM,Andes Plastics,2.6
2024-11-04,ADD-UV1,LATAM,Andes Plastics,2.8
2024-11-11,ADD-UV1,LATAM,Andes Plastics,2.3
2024-11-18,ADD-UV1,LATAM,Andes Plastics,2.1
2024-11-25,ADD-UV1,LATAM,Andes Plastics,2.3
2024-12-02,ADD-UV1,LATAM,Andes Plastics,2.8
2024-12-09,ADD-UV1,LATAM,Andes Plastics,2.1
2024-12-16,ADD-UV1,LATAM,Andes Plastics,1.8
2024-12-23,ADD-UV1,LATAM,Andes Plastics,3.0
2024-12-30,ADD-UV1,LATAM,Andes Plastics,2.5
2025-01-06,ADD-UV1,LATAM,Andes Plastics,2.9
2025-01-13,ADD-UV1,LATAM,Andes Plastics,2.8
2025-01-20,ADD-UV1,LATAM,Andes Plastics,3.8
2025-01-27,ADD-UV1,LATAM,Andes Plastics,3.1
2025-02-03,ADD-UV1,LATAM,Andes Plastics,2.0
2025-02-10,ADD-UV1,LATAM,Andes Plastics,2.6
2025-02-17,ADD-UV1,LATAM,Andes Plastics,2.0
2025-02-24,ADD-UV1,LATAM,Andes Plastics,2.1
2025-03-03,ADD-UV1,LATAM,Andes Plastics,1.7
2025-03-10,ADD-UV1,LATAM,Andes Plastics,2.2
2025-03-17,ADD-UV1,LATAM,Andes Plastics,2.7
2025-03-24,ADD-UV1,LATAM,Andes Plastics,2.3
2025-03-31,ADD-UV1,LATAM,Andes Plastics,1.9
2025-04-07,ADD-UV1,LATAM,Andes Plastics,1.7
2025-04-14,ADD-UV1,LATAM,Andes Plastics,3.7
2025-04-21,ADD-UV1,LATAM,Andes Plastics,2.5
2025-04-28,ADD-UV1,LATAM,Andes Plastics,2.0
2025-05-05,ADD-UV1,LATAM,Andes Plastics,2.7
2025-05-12,ADD-UV1,LATAM,Andes Plastics,3.9
2025-05-19,ADD-UV1,LATAM,Andes Plastics,2.8
2025-05-26,ADD-UV1,LATAM,Andes Plastics,1.3
2025-06-02,ADD-UV1,LATAM,Andes Plastics,4.5
2025-06-09,ADD-UV1,LATAM,Andes Plastics,1.7
2025-06-16,ADD-UV1,LATAM,Andes Plastics,2.4
2025-06-23,ADD-UV1,LATAM,Andes Plastics,2.0
2025-06-30,ADD-UV1,LATAM,Andes Plastics,2.2
2025-07-07,ADD-UV1,LATAM,Andes Plastics,2.7
2025-07-14,ADD-UV1,LATAM,Andes Plastics,1.7
2025-07-21,ADD-UV1,LATAM,Andes Plastics,2.6
2025-07-28,ADD-UV1,LATAM,Andes Plastics,3.4
2025-08-04,ADD-UV1,LATAM,Andes Plastics,2.2
2025-08-11,ADD-UV1,LATAM,Andes Plastics,2.0
2025-08-18,ADD-UV1,LATAM,Andes Plastics,2.7
2025-08-25,ADD-UV1,LATAM,Andes Plastics,2.5
2025-09-01,ADD-UV1,LATAM,Andes Plastics,2.4
2025-09-08,ADD-UV1,LATAM,Andes Plastics,2.1
2025-09-15,ADD-UV1,LATAM,Andes Plastics,3.0
2025-09-22,ADD-UV1,LATAM,Andes Plastics,3.1
2025-09-29,ADD-UV1,LATAM,Andes Plastics,2.1
2025-10-06,ADD-UV1,LATAM,Andes Plastics,2.2
2025-10-13,ADD-UV1,LATAM,Andes Plastics,2.8
2025-10-20,ADD-UV1,LATAM,Andes Plastics,2.1
2025-10-27,ADD-UV1,LATAM,Andes Plastics,2.7
2025-11-03,ADD-UV1,LATAM,Andes Plastics,3.7
2025-11-10,ADD-UV1,LATAM,Andes Plastics,2.6
2025-11-17,ADD-UV1,LATAM,Andes Plastics,2.0
2025-11-24,ADD-UV1,LATAM,Andes Plastics,2.8
2025-12-01,ADD-UV1,LATAM,Andes Plastics,2.5
2025-12-08,ADD-UV1,LATAM,Andes Plastics,2.5
2025-12-15,ADD-UV1,LATAM,Andes Plastics,2.9
2025-12-22,ADD-UV1,LATAM,Andes Plastics,3.0
2025-12-29,ADD-UV1,LATAM,Andes Plastics,2.6
2026-01-05,ADD-UV1,LATAM,Andes Plastics,2.6
2026-01-12,ADD-UV1,LATAM,Andes Plastics,4.2
2026-01-19,ADD-UV1,LATAM,Andes Plastics,3.5
2026-01-26,ADD-UV1,LATAM,Andes Plastics,3.1
2026-02-02,ADD-UV1,LATAM,Andes Plastics,2.7
2026-02-09,ADD-UV1,LATAM,Andes Plastics,2.1
2026-02-16,ADD-UV1,LATAM,Andes Plastics,3.4
2026-02-23,ADD-UV1,LATAM,Andes Plastics,2.8
2026-03-02,ADD-UV1,LATAM,Andes Plastics,2.3
2026-03-09,ADD-UV1,LATAM,Andes Plastics,2.5
2026-03-16,ADD-UV1,LATAM,Andes Plastics,2.1
2026-03-23,ADD-UV1,LATAM,Andes Plastics,3.2
2026-03-30,ADD-UV1,LATAM,Andes Plastics,3.0
2026-04-06,ADD-UV1,LATAM,Andes Plastics,2.7
2026-04-13,ADD-UV1,LATAM,Andes Plastics,2.6
2026-04-20,ADD-UV1,LATAM,Andes Plastics,2.3
2026-04-27,ADD-UV1,LATAM,Andes Plastics,1.6
2026-05-04,ADD-UV1,LATAM,Andes Plastics,1.9
2026-05-11,ADD-UV1,LATAM,Andes Plastics,2.2
2026-05-18,ADD-UV1,LATAM,Andes Plastics,2.2
2026-05-25,ADD-UV1,LATAM,Andes Plastics,2.9
2026-06-01,ADD-UV1,LATAM,Andes Plastics,3.3
2026-06-08,ADD-UV1,LATAM,Andes Plastics,2.7
2026-06-15,ADD-UV1,LATAM,Andes Plastics,3.8
2026-06-22,ADD-UV1,LATAM,Andes Plastics,2.4
2026-06-29,ADD-UV1,LATAM,Andes Plastics,2.7
2026-07-06,ADD-UV1,LATAM,Andes Plastics,2.8
2026-07-13,ADD-UV1,LATAM,Andes Plastics,3.7
2026-07-20,ADD-UV1,LATAM,Andes Plastics,3.0
2026-07-27,ADD-UV1,LATAM,Andes Plastics,3.0
2026-08-03,ADD-UV1,LATAM,Andes Plastics,2.0
2026-08-10,ADD-UV1,LATAM,Andes Plastics,2.4
2026-08-17,ADD-UV1,LATAM,Andes Plastics,3.7
2026-08-24,ADD-UV1,LATAM,Andes Plastics,1.9
2026-08-31,ADD-UV1,LATAM,Andes Plastics,3.9
2026-09-07,ADD-UV1,LATAM,Andes Plastics,3.1
2026-09-14,ADD-UV1,LATAM,Andes Plastics,2.3
2026-09-21,ADD-UV1,LATAM,Andes Plastics,2.2
2026-09-28,ADD-UV1,LATAM,Andes Plastics,4.0
2024-10-07,ADD-UV1,LATAM,Brasil Tintas,3.6
2024-10-14,ADD-UV1,LATAM,Brasil Tintas,2.5
2024-10-21,ADD-UV1,LATAM,Brasil Tintas,2.7
2024-10-28,ADD-UV1,LATAM,Brasil Tintas,2.2
2024-11-04,ADD-UV1,LATAM,Brasil Tintas,2.7
2024-11-11,ADD-UV1,LATAM,Brasil Tintas,2.2
2024-11-18,ADD-UV1,LATAM,Brasil Tintas,2.5
2024-11-25,ADD-UV1,LATAM,Brasil Tintas,3.8
2024-12-02,ADD-UV1,LATAM,Brasil Tintas,2.4
2024-12-09,ADD-UV1,LATAM,Brasil Tintas,2.0
2024-12-16,ADD-UV1,LATAM,Brasil Tintas,1.8
2024-12-23,ADD-UV1,LATAM,Brasil Tintas,2.5
2024-12-30,ADD-UV1,LATAM,Brasil Tintas,2.1
2025-01-06,ADD-UV1,LATAM,Brasil Tintas,2.6
2025-01-13,ADD-UV1,LATAM,Brasil Tintas,1.7
2025-01-20,ADD-UV1,LATAM,Brasil Tintas,3.0
2025-01-27,ADD-UV1,LATAM,Brasil Tintas,2.0
2025-02-03,ADD-UV1,LATAM,Brasil Tintas,2.5
2025-02-10,ADD-UV1,LATAM,Brasil Tintas,2.3
2025-02-17,ADD-UV1,LATAM,Brasil Tintas,3.6
2025-02-24,ADD-UV1,LATAM,Brasil Tintas,2.6
2025-03-03,ADD-UV1,LATAM,Brasil Tintas,3.9
2025-03-10,ADD-UV1,LATAM,Brasil Tintas,2.9
2025-03-17,ADD-UV1,LATAM,Brasil Tintas,3.5
2025-03-24,ADD-UV1,LATAM,Brasil Tintas,2.4
2025-03-31,ADD-UV1,LATAM,Brasil Tintas,2.7
2025-04-07,ADD-UV1,LATAM,Brasil Tintas,3.3
2025-04-14,ADD-UV1,LATAM,Brasil Tintas,3.1
2025-04-21,ADD-UV1,LATAM,Brasil Tintas,2.9
2025-04-28,ADD-UV1,LATAM,Brasil Tintas,2.4
2025-05-05,ADD-UV1,LATAM,Brasil Tintas,2.6
2025-05-12,ADD-UV1,LATAM,Brasil Tintas,3.3
2025-05-19,ADD-UV1,LATAM,Brasil Tintas,3.5
2025-05-26,ADD-UV1,LATAM,Brasil Tintas,2.3
2025-06-02,ADD-UV1,LATAM,Brasil Tintas,2.3
2025-06-09,ADD-UV1,LATAM,Brasil Tintas,2.3
2025-06-16,ADD-UV1,LATAM,Brasil Tintas,3.3
2025-06-23,ADD-UV1,LATAM,Brasil Tintas,2.2
2025-06-30,ADD-UV1,LATAM,Brasil Tintas,3.3
2025-07-07,ADD-UV1,LATAM,Brasil Tintas,3.1
2025-07-14,ADD-UV1,LATAM,Brasil Tintas,2.5
2025-07-21,ADD-UV1,LATAM,Brasil Tintas,4.0
2025-07-28,ADD-UV1,LATAM,Brasil Tintas,2.1
2025-08-04,ADD-UV1,LATAM,Brasil Tintas,4.1
2025-08-11,ADD-UV1,LATAM,Brasil Tintas,3.1
2025-08-18,ADD-UV1,LATAM,Brasil Tintas,1.9
2025-08-25,ADD-UV1,LATAM,Brasil Tintas,4.2
2025-09-01,ADD-UV1,LATAM,Brasil Tintas,3.6
2025-09-08,ADD-UV1,LATAM,Brasil Tintas,2.7
2025-09-15,ADD-UV1,LATAM,Brasil Tintas,2.3
2025-09-22,ADD-UV1,LATAM,Brasil Tintas,2.0
2025-09-29,ADD-UV1,LATAM,Brasil Tintas,4.9
2025-10-06,ADD-UV1,LATAM,Brasil Tintas,2.3
2025-10-13,ADD-UV1,LATAM,Brasil Tintas,2.2
2025-10-20,ADD-UV1,LATAM,Brasil Tintas,3.0
2025-10-27,ADD-UV1,LATAM,Brasil Tintas,2.0
2025-11-03,ADD-UV1,LATAM,Brasil Tintas,2.3
2025-11-10,ADD-UV1,LATAM,Brasil Tintas,3.5
2025-11-17,ADD-UV1,LATAM,Brasil Tintas,3.0
2025-11-24,ADD-UV1,LATAM,Brasil Tintas,2.5
2025-12-01,ADD-UV1,LATAM,Brasil Tintas,2.8
2025-12-08,ADD-UV1,LATAM,Brasil Tintas,2.5
2025-12-15,ADD-UV1,LATAM,Brasil Tintas,2.7
2025-12-22,ADD-UV1,LATAM,Brasil Tintas,2.3
2025-12-29,ADD-UV1,LATAM,Brasil Tintas,2.4
2026-01-05,ADD-UV1,LATAM,Brasil Tintas,2.4
2026-01-12,ADD-UV1,LATAM,Brasil Tintas,2.4
2026-01-19,ADD-UV1,LATAM,Brasil Tintas,3.6
2026-01-26,ADD-UV1,LATAM,Brasil Tintas,3.3
2026-02-02,ADD-UV1,LATAM,Brasil Tintas,2.3
2026-02-09,ADD-UV1,LATAM,Brasil Tintas,2.2
2026-02-16,ADD-UV1,LATAM,Brasil Tintas,2.7
2026-02-23,ADD-UV1,LATAM,Brasil Tintas,4.6
2026-03-02,ADD-UV1,LATAM,Brasil Tintas,2.3
2026-03-09,ADD-UV1,LATAM,Brasil Tintas,2.7
2026-03-16,ADD-UV1,LATAM,Brasil Tintas,2.8
2026-03-23,ADD-UV1,LATAM,Brasil Tintas,2.7
2026-03-30,ADD-UV1,LATAM,Brasil Tintas,2.5
2026-04-06,ADD-UV1,LATAM,Brasil Tintas,3.6
2026-04-13,ADD-UV1,LATAM,Brasil Tintas,3.1
2026-04-20,ADD-UV1,LATAM,Brasil Tintas,3.4
2026-04-27,ADD-UV1,LATAM,Brasil Tintas,3.1
2026-05-04,ADD-UV1,LATAM,Brasil Tintas,3.4
2026-05-11,ADD-UV1,LATAM,Brasil Tintas,4.0
2026-05-18,ADD-UV1,LATAM,Brasil Tintas,3.8
2026-05-25,ADD-UV1,LATAM,Brasil Tintas,4.8
2026-06-01,ADD-UV1,LATAM,Brasil Tintas,3.8
2026-06-08,ADD-UV1,LATAM,Brasil Tintas,2.6
2026-06-15,ADD-UV1,LATAM,Brasil Tintas,3.6
2026-06-22,ADD-UV1,LATAM,Brasil Tintas,3.6
2026-06-29,ADD-UV1,LATAM,Brasil Tintas,4.6
2026-07-06,ADD-UV1,LATAM,Brasil Tintas,2.5
2026-07-13,ADD-UV1,LATAM,Brasil Tintas,3.5
2026-07-20,ADD-UV1,LATAM,Brasil Tintas,2.7
2026-07-27,ADD-UV1,LATAM,Brasil Tintas,3.5
2026-08-03,ADD-UV1,LATAM,Brasil Tintas,3.0
2026-08-10,ADD-UV1,LATAM,Brasil Tintas,3.5
2026-08-17,ADD-UV1,LATAM,Brasil Tintas,2.3
2026-08-24,ADD-UV1,LATAM,Brasil Tintas,3.8
2026-08-31,ADD-UV1,LATAM,Brasil Tintas,3.2
2026-09-07,ADD-UV1,LATAM,Brasil Tintas,3.1
2026-09-14,ADD-UV1,LATAM,Brasil Tintas,4.5
2026-09-21,ADD-UV1,LATAM,Brasil Tintas,2.6
2026-09-28,ADD-UV1,LATAM,Brasil Tintas,3.0
2024-10-07,ADD-UV1,LATAM,Mexico Industrial,0.9
2024-10-14,ADD-UV1,LATAM,Mexico Industrial,0.9
2024-10-21,ADD-UV1,LATAM,Mexico Industrial,1.4
2024-10-28,ADD-UV1,LATAM,Mexico Industrial,0.9
2024-11-04,ADD-UV1,LATAM,Mexico Industrial,0.8
2024-11-11,ADD-UV1,LATAM,Mexico Industrial,1.3
2024-11-18,ADD-UV1,LATAM,Mexico Industrial,0.8
2024-11-25,ADD-UV1,LATAM,Mexico Industrial,0.6
2024-12-02,ADD-UV1,LATAM,Mexico Industrial,0.7
2024-12-09,ADD-UV1,LATAM,Mexico Industrial,0.7
2024-12-16,ADD-UV1,LATAM,Mexico Industrial,0.6
2024-12-23,ADD-UV1,LATAM,Mexico Industrial,0.8
2024-12-30,ADD-UV1,LATAM,Mexico Industrial,0.8
2025-01-06,ADD-UV1,LATAM,Mexico Industrial,1.1
2025-01-13,ADD-UV1,LATAM,Mexico Industrial,1.0
2025-01-20,ADD-UV1,LATAM,Mexico Industrial,1.0
2025-01-27,ADD-UV1,LATAM,Mexico Industrial,0.7
2025-02-03,ADD-UV1,LATAM,Mexico Industrial,1.0
2025-02-10,ADD-UV1,LATAM,Mexico Industrial,1.2
2025-02-17,ADD-UV1,LATAM,Mexico Industrial,0.9
2025-02-24,ADD-UV1,LATAM,Mexico Industrial,0.9
2025-03-03,ADD-UV1,LATAM,Mexico Industrial,0.7
2025-03-10,ADD-UV1,LATAM,Mexico Industrial,1.1
2025-03-17,ADD-UV1,LATAM,Mexico Industrial,1.3
2025-03-24,ADD-UV1,LATAM,Mexico Industrial,0.9
2025-03-31,ADD-UV1,LATAM,Mexico Industrial,0.8
2025-04-07,ADD-UV1,LATAM,Mexico Industrial,0.8
2025-04-14,ADD-UV1,LATAM,Mexico Industrial,0.8
2025-04-21,ADD-UV1,LATAM,Mexico Industrial,0.8
2025-04-28,ADD-UV1,LATAM,Mexico Industrial,1.0
2025-05-05,ADD-UV1,LATAM,Mexico Industrial,1.0
2025-05-12,ADD-UV1,LATAM,Mexico Industrial,1.1
2025-05-19,ADD-UV1,LATAM,Mexico Industrial,1.0
2025-05-26,ADD-UV1,LATAM,Mexico Industrial,0.8
2025-06-02,ADD-UV1,LATAM,Mexico Industrial,0.8
2025-06-09,ADD-UV1,LATAM,Mexico Industrial,0.8
2025-06-16,ADD-UV1,LATAM,Mexico Industrial,0.9
2025-06-23,ADD-UV1,LATAM,Mexico Industrial,1.4
2025-06-30,ADD-UV1,LATAM,Mexico Industrial,1.5
2025-07-07,ADD-UV1,LATAM,Mexico Industrial,1.1
2025-07-14,ADD-UV1,LATAM,Mexico Industrial,1.0
2025-07-21,ADD-UV1,LATAM,Mexico Industrial,0.7
2025-07-28,ADD-UV1,LATAM,Mexico Industrial,1.0
2025-08-04,ADD-UV1,LATAM,Mexico Industrial,0.8
2025-08-11,ADD-UV1,LATAM,Mexico Industrial,1.4
2025-08-18,ADD-UV1,LATAM,Mexico Industrial,0.7
2025-08-25,ADD-UV1,LATAM,Mexico Industrial,1.1
2025-09-01,ADD-UV1,LATAM,Mexico Industrial,0.8
2025-09-08,ADD-UV1,LATAM,Mexico Industrial,1.0
2025-09-15,ADD-UV1,LATAM,Mexico Industrial,1.2
2025-09-22,ADD-UV1,LATAM,Mexico Industrial,1.2
2025-09-29,ADD-UV1,LATAM,Mexico Industrial,1.0
2025-10-06,ADD-UV1,LATAM,Mexico Industrial,1.2
2025-10-13,ADD-UV1,LATAM,Mexico Industrial,0.9
2025-10-20,ADD-UV1,LATAM,Mexico Industrial,1.0
2025-10-27,ADD-UV1,LATAM,Mexico Industrial,1.2
2025-11-03,ADD-UV1,LATAM,Mexico Industrial,1.0
2025-11-10,ADD-UV1,LATAM,Mexico Industrial,0.9
2025-11-17,ADD-UV1,LATAM,Mexico Industrial,0.9
2025-11-24,ADD-UV1,LATAM,Mexico Industrial,1.2
2025-12-01,ADD-UV1,LATAM,Mexico Industrial,0.7
2025-12-08,ADD-UV1,LATAM,Mexico Industrial,0.8
2025-12-15,ADD-UV1,LATAM,Mexico Industrial,1.1
2025-12-22,ADD-UV1,LATAM,Mexico Industrial,0.9
2025-12-29,ADD-UV1,LATAM,Mexico Industrial,0.7
2026-01-05,ADD-UV1,LATAM,Mexico Industrial,1.3
2026-01-12,ADD-UV1,LATAM,Mexico Industrial,0.8
2026-01-19,ADD-UV1,LATAM,Mexico Industrial,0.9
2026-01-26,ADD-UV1,LATAM,Mexico Industrial,0.8
2026-02-02,ADD-UV1,LATAM,Mexico Industrial,0.9
2026-02-09,ADD-UV1,LATAM,Mexico Industrial,0.8
2026-02-16,ADD-UV1,LATAM,Mexico Industrial,1.1
2026-02-23,ADD-UV1,LATAM,Mexico Industrial,1.0
2026-03-02,ADD-UV1,LATAM,Mexico Industrial,1.2
2026-03-09,ADD-UV1,LATAM,Mexico Industrial,0.8
2026-03-16,ADD-UV1,LATAM,Mexico Industrial,1.5
2026-03-23,ADD-UV1,LATAM,Mexico Industrial,0.6
2026-03-30,ADD-UV1,LATAM,Mexico Industrial,0.7
2026-04-06,ADD-UV1,LATAM,Mexico Industrial,1.4
2026-04-13,ADD-UV1,LATAM,Mexico Industrial,1.1
2026-04-20,ADD-UV1,LATAM,Mexico Industrial,1.0
2026-04-27,ADD-UV1,LATAM,Mexico Industrial,1.0
2026-05-04,ADD-UV1,LATAM,Mexico Industrial,1.1
2026-05-11,ADD-UV1,LATAM,Mexico Industrial,1.0
2026-05-18,ADD-UV1,LATAM,Mexico Industrial,0.8
2026-05-25,ADD-UV1,LATAM,Mexico Industrial,1.2
2026-06-01,ADD-UV1,LATAM,Mexico Industrial,1.2
2026-06-08,ADD-UV1,LATAM,Mexico Industrial,1.4
2026-06-15,ADD-UV1,LATAM,Mexico Industrial,1.5
2026-06-22,ADD-UV1,LATAM,Mexico Industrial,1.1
2026-06-29,ADD-UV1,LATAM,Mexico Industrial,0.8
2026-07-06,ADD-UV1,LATAM,Mexico Industrial,1.5
2026-07-13,ADD-UV1,LATAM,Mexico Industrial,0.8
2026-07-20,ADD-UV1,LATAM,Mexico Industrial,1.2
2026-07-27,ADD-UV1,LATAM,Mexico Industrial,1.0
2026-08-03,ADD-UV1,LATAM,Mexico Industrial,1.0
2026-08-10,ADD-UV1,LATAM,Mexico Industrial,1.3
2026-08-17,ADD-UV1,LATAM,Mexico Industrial,1.1
2026-08-24,ADD-UV1,LATAM,Mexico Industrial,1.2
2026-08-31,ADD-UV1,LATAM,Mexico Industrial,0.9
2026-09-07,ADD-UV1,LATAM,Mexico Industrial,1.0
2026-09-14,ADD-UV1,LATAM,Mexico Industrial,0.9
2026-09-21,ADD-UV1,LATAM,Mexico Industrial,0.9
2026-09-28,ADD-UV1,LATAM,Mexico Industrial,0.9
2024-10-07,ADD-AO2,NAM,Apex Coatings,3.6
2024-10-14,ADD-AO2,NAM,Apex Coatings,6.8
2024-10-21,ADD-AO2,NAM,Apex Coatings,4.5
2024-10-28,ADD-AO2,NAM,Apex Coatings,3.1
2024-11-04,ADD-AO2,NAM,Apex Coatings,4.8
2024-11-11,ADD-AO2,NAM,Apex Coatings,6.0
2024-11-18,ADD-AO2,NAM,Apex Coatings,4.8
2024-11-25,ADD-AO2,NAM,Apex Coatings,3.8
2024-12-02,ADD-AO2,NAM,Apex Coatings,3.7
2024-12-09,ADD-AO2,NAM,Apex Coatings,3.8
2024-12-16,ADD-AO2,NAM,Apex Coatings,6.5
2024-12-23,ADD-AO2,NAM,Apex Coatings,4.6
2024-12-30,ADD-AO2,NAM,Apex Coatings,3.2
2025-01-06,ADD-AO2,NAM,Apex Coatings,5.1
2025-01-13,ADD-AO2,NAM,Apex Coatings,4.9
2025-01-20,ADD-AO2,NAM,Apex Coatings,4.4
2025-01-27,ADD-AO2,NAM,Apex Coatings,3.9
2025-02-03,ADD-AO2,NAM,Apex Coatings,3.9
2025-02-10,ADD-AO2,NAM,Apex Coatings,6.2
2025-02-17,ADD-AO2,NAM,Apex Coatings,5.2
2025-02-24,ADD-AO2,NAM,Apex Coatings,5.4
2025-03-03,ADD-AO2,NAM,Apex Coatings,5.2
2025-03-10,ADD-AO2,NAM,Apex Coatings,5.3
2025-03-17,ADD-AO2,NAM,Apex Coatings,4.4
2025-03-24,ADD-AO2,NAM,Apex Coatings,4.6
2025-03-31,ADD-AO2,NAM,Apex Coatings,6.3
2025-04-07,ADD-AO2,NAM,Apex Coatings,6.6
2025-04-14,ADD-AO2,NAM,Apex Coatings,3.7
2025-04-21,ADD-AO2,NAM,Apex Coatings,4.5
2025-04-28,ADD-AO2,NAM,Apex Coatings,5.7
2025-05-05,ADD-AO2,NAM,Apex Coatings,7.2
2025-05-12,ADD-AO2,NAM,Apex Coatings,7.0
2025-05-19,ADD-AO2,NAM,Apex Coatings,4.0
2025-05-26,ADD-AO2,NAM,Apex Coatings,6.4
2025-06-02,ADD-AO2,NAM,Apex Coatings,4.8
2025-06-09,ADD-AO2,NAM,Apex Coatings,5.9
2025-06-16,ADD-AO2,NAM,Apex Coatings,5.5
2025-06-23,ADD-AO2,NAM,Apex Coatings,3.5
2025-06-30,ADD-AO2,NAM,Apex Coatings,5.3
2025-07-07,ADD-AO2,NAM,Apex Coatings,5.8
2025-07-14,ADD-AO2,NAM,Apex Coatings,4.5
2025-07-21,ADD-AO2,NAM,Apex Coatings,4.3
2025-07-28,ADD-AO2,NAM,Apex Coatings,3.2
2025-08-04,ADD-AO2,NAM,Apex Coatings,5.3
2025-08-11,ADD-AO2,NAM,Apex Coatings,4.8
2025-08-18,ADD-AO2,NAM,Apex Coatings,3.7
2025-08-25,ADD-AO2,NAM,Apex Coatings,4.3
2025-09-01,ADD-AO2,NAM,Apex Coatings,4.8
2025-09-08,ADD-AO2,NAM,Apex Coatings,4.1
2025-09-15,ADD-AO2,NAM,Apex Coatings,4.7
2025-09-22,ADD-AO2,NAM,Apex Coatings,3.2
2025-09-29,ADD-AO2,NAM,Apex Coatings,6.5
2025-10-06,ADD-AO2,NAM,Apex Coatings,4.9
2025-10-13,ADD-AO2,NAM,Apex Coatings,3.9
2025-10-20,ADD-AO2,NAM,Apex Coatings,2.9
2025-10-27,ADD-AO2,NAM,Apex Coatings,6.3
2025-11-03,ADD-AO2,NAM,Apex Coatings,5.7
2025-11-10,ADD-AO2,NAM,Apex Coatings,5.3
2025-11-17,ADD-AO2,NAM,Apex Coatings,6.1
2025-11-24,ADD-AO2,NAM,Apex Coatings,6.1
2025-12-01,ADD-AO2,NAM,Apex Coatings,5.4
2025-12-08,ADD-AO2,NAM,Apex Coatings,4.9
2025-12-15,ADD-AO2,NAM,Apex Coatings,4.8
2025-12-22,ADD-AO2,NAM,Apex Coatings,5.7
2025-12-29,ADD-AO2,NAM,Apex Coatings,7.1
2026-01-05,ADD-AO2,NAM,Apex Coatings,5.2
2026-01-12,ADD-AO2,NAM,Apex Coatings,7.4
2026-01-19,ADD-AO2,NAM,Apex Coatings,5.9
2026-01-26,ADD-AO2,NAM,Apex Coatings,6.0
2026-02-02,ADD-AO2,NAM,Apex Coatings,9.3
2026-02-09,ADD-AO2,NAM,Apex Coatings,7.8
2026-02-16,ADD-AO2,NAM,Apex Coatings,8.0
2026-02-23,ADD-AO2,NAM,Apex Coatings,4.6
2026-03-02,ADD-AO2,NAM,Apex Coatings,8.7
2026-03-09,ADD-AO2,NAM,Apex Coatings,5.2
2026-03-16,ADD-AO2,NAM,Apex Coatings,5.0
2026-03-23,ADD-AO2,NAM,Apex Coatings,3.3
2026-03-30,ADD-AO2,NAM,Apex Coatings,5.6
2026-04-06,ADD-AO2,NAM,Apex Coatings,4.1
2026-04-13,ADD-AO2,NAM,Apex Coatings,5.7
2026-04-20,ADD-AO2,NAM,Apex Coatings,4.0
2026-04-27,ADD-AO2,NAM,Apex Coatings,7.7
2026-05-04,ADD-AO2,NAM,Apex Coatings,5.8
2026-05-11,ADD-AO2,NAM,Apex Coatings,8.4
2026-05-18,ADD-AO2,NAM,Apex Coatings,4.0
2026-05-25,ADD-AO2,NAM,Apex Coatings,7.0
2026-06-01,ADD-AO2,NAM,Apex Coatings,3.3
2026-06-08,ADD-AO2,NAM,Apex Coatings,5.0
2026-06-15,ADD-AO2,NAM,Apex Coatings,4.2
2026-06-22,ADD-AO2,NAM,Apex Coatings,4.3
2026-06-29,ADD-AO2,NAM,Apex Coatings,4.2
2026-07-06,ADD-AO2,NAM,Apex Coatings,3.8
2026-07-13,ADD-AO2,NAM,Apex Coatings,3.6
2026-07-20,ADD-AO2,NAM,Apex Coatings,4.3
2026-07-27,ADD-AO2,NAM,Apex Coatings,4.9
2026-08-03,ADD-AO2,NAM,Apex Coatings,6.1
2026-08-10,ADD-AO2,NAM,Apex Coatings,5.0
2026-08-17,ADD-AO2,NAM,Apex Coatings,5.9
2026-08-24,ADD-AO2,NAM,Apex Coatings,3.3
2026-08-31,ADD-AO2,NAM,Apex Coatings,4.0
2026-09-07,ADD-AO2,NAM,Apex Coatings,5.1
2026-09-14,ADD-AO2,NAM,Apex Coatings,4.8
2026-09-21,ADD-AO2,NAM,Apex Coatings,3.6
2026-09-28,ADD-AO2,NAM,Apex Coatings,5.4
2024-10-07,ADD-AO2,NAM,Midwest Plastics,7.0
2024-10-14,ADD-AO2,NAM,Midwest Plastics,6.6
2024-10-21,ADD-AO2,NAM,Midwest Plastics,8.9
2024-10-28,ADD-AO2,NAM,Midwest Plastics,8.0
2024-11-04,ADD-AO2,NAM,Midwest Plastics,7.1
2024-11-11,ADD-AO2,NAM,Midwest Plastics,7.2
2024-11-18,ADD-AO2,NAM,Midwest Plastics,6.6
2024-11-25,ADD-AO2,NAM,Midwest Plastics,7.5
2024-12-02,ADD-AO2,NAM,Midwest Plastics,10.3
2024-12-09,ADD-AO2,NAM,Midwest Plastics,8.6
2024-12-16,ADD-AO2,NAM,Midwest Plastics,10.1
2024-12-23,ADD-AO2,NAM,Midwest Plastics,9.3
2024-12-30,ADD-AO2,NAM,Midwest Plastics,7.2
2025-01-06,ADD-AO2,NAM,Midwest Plastics,5.8
2025-01-13,ADD-AO2,NAM,Midwest Plastics,6.9
2025-01-20,ADD-AO2,NAM,Midwest Plastics,7.4
2025-01-27,ADD-AO2,NAM,Midwest Plastics,7.4
2025-02-03,ADD-AO2,NAM,Midwest Plastics,10.9
2025-02-10,ADD-AO2,NAM,Midwest Plastics,10.8
2025-02-17,ADD-AO2,NAM,Midwest Plastics,14.2
2025-02-24,ADD-AO2,NAM,Midwest Plastics,7.3
2025-03-03,ADD-AO2,NAM,Midwest Plastics,12.4
2025-03-10,ADD-AO2,NAM,Midwest Plastics,12.4
2025-03-17,ADD-AO2,NAM,Midwest Plastics,8.2
2025-03-24,ADD-AO2,NAM,Midwest Plastics,9.5
2025-03-31,ADD-AO2,NAM,Midwest Plastics,11.4
2025-04-07,ADD-AO2,NAM,Midwest Plastics,8.5
2025-04-14,ADD-AO2,NAM,Midwest Plastics,8.2
2025-04-21,ADD-AO2,NAM,Midwest Plastics,7.3
2025-04-28,ADD-AO2,NAM,Midwest Plastics,5.0
2025-05-05,ADD-AO2,NAM,Midwest Plastics,8.5
2025-05-12,ADD-AO2,NAM,Midwest Plastics,7.2
2025-05-19,ADD-AO2,NAM,Midwest Plastics,6.6
2025-05-26,ADD-AO2,NAM,Midwest Plastics,9.4
2025-06-02,ADD-AO2,NAM,Midwest Plastics,6.1
2025-06-09,ADD-AO2,NAM,Midwest Plastics,9.9
2025-06-16,ADD-AO2,NAM,Midwest Plastics,9.1
2025-06-23,ADD-AO2,NAM,Midwest Plastics,7.5
2025-06-30,ADD-AO2,NAM,Midwest Plastics,8.1
2025-07-07,ADD-AO2,NAM,Midwest Plastics,6.3
2025-07-14,ADD-AO2,NAM,Midwest Plastics,9.5
2025-07-21,ADD-AO2,NAM,Midwest Plastics,8.3
2025-07-28,ADD-AO2,NAM,Midwest Plastics,8.5
2025-08-04,ADD-AO2,NAM,Midwest Plastics,9.0
2025-08-11,ADD-AO2,NAM,Midwest Plastics,7.1
2025-08-18,ADD-AO2,NAM,Midwest Plastics,5.8
2025-08-25,ADD-AO2,NAM,Midwest Plastics,10.0
2025-09-01,ADD-AO2,NAM,Midwest Plastics,9.5
2025-09-08,ADD-AO2,NAM,Midwest Plastics,7.3
2025-09-15,ADD-AO2,NAM,Midwest Plastics,9.2
2025-09-22,ADD-AO2,NAM,Midwest Plastics,11.1
2025-09-29,ADD-AO2,NAM,Midwest Plastics,11.0
2025-10-06,ADD-AO2,NAM,Midwest Plastics,7.7
2025-10-13,ADD-AO2,NAM,Midwest Plastics,6.3
2025-10-20,ADD-AO2,NAM,Midwest Plastics,6.7
2025-10-27,ADD-AO2,NAM,Midwest Plastics,8.2
2025-11-03,ADD-AO2,NAM,Midwest Plastics,12.2
2025-11-10,ADD-AO2,NAM,Midwest Plastics,7.6
2025-11-17,ADD-AO2,NAM,Midwest Plastics,7.8
2025-11-24,ADD-AO2,NAM,Midwest Plastics,7.8
2025-12-01,ADD-AO2,NAM,Midwest Plastics,8.2
2025-12-08,ADD-AO2,NAM,Midwest Plastics,9.2
2025-12-15,ADD-AO2,NAM,Midwest Plastics,7.1
2025-12-22,ADD-AO2,NAM,Midwest Plastics,11.7
2025-12-29,ADD-AO2,NAM,Midwest Plastics,9.0
2026-01-05,ADD-AO2,NAM,Midwest Plastics,16.1
2026-01-12,ADD-AO2,NAM,Midwest Plastics,7.3
2026-01-19,ADD-AO2,NAM,Midwest Plastics,13.6
2026-01-26,ADD-AO2,NAM,Midwest Plastics,13.2
2026-02-02,ADD-AO2,NAM,Midwest Plastics,8.9
2026-02-09,ADD-AO2,NAM,Midwest Plastics,8.9
2026-02-16,ADD-AO2,NAM,Midwest Plastics,8.0
2026-02-23,ADD-AO2,NAM,Midwest Plastics,8.0
2026-03-02,ADD-AO2,NAM,Midwest Plastics,9.6
2026-03-09,ADD-AO2,NAM,Midwest Plastics,9.4
2026-03-16,ADD-AO2,NAM,Midwest Plastics,6.5
2026-03-23,ADD-AO2,NAM,Midwest Plastics,15.4
2026-03-30,ADD-AO2,NAM,Midwest Plastics,8.7
2026-04-06,ADD-AO2,NAM,Midwest Plastics,9.4
2026-04-13,ADD-AO2,NAM,Midwest Plastics,8.0
2026-04-20,ADD-AO2,NAM,Midwest Plastics,8.6
2026-04-27,ADD-AO2,NAM,Midwest Plastics,8.5
2026-05-04,ADD-AO2,NAM,Midwest Plastics,9.1
2026-05-11,ADD-AO2,NAM,Midwest Plastics,9.0
2026-05-18,ADD-AO2,NAM,Midwest Plastics,10.6
2026-05-25,ADD-AO2,NAM,Midwest Plastics,9.2
2026-06-01,ADD-AO2,NAM,Midwest Plastics,10.1
2026-06-08,ADD-AO2,NAM,Midwest Plastics,8.5
2026-06-15,ADD-AO2,NAM,Midwest Plastics,8.9
2026-06-22,ADD-AO2,NAM,Midwest Plastics,7.9
2026-06-29,ADD-AO2,NAM,Midwest Plastics,10.4
2026-07-06,ADD-AO2,NAM,Midwest Plastics,8.9
2026-07-13,ADD-AO2,NAM,Midwest Plastics,8.1
2026-07-20,ADD-AO2,NAM,Midwest Plastics,8.1
2026-07-27,ADD-AO2,NAM,Midwest Plastics,8.2
2026-08-03,ADD-AO2,NAM,Midwest Plastics,8.4
2026-08-10,ADD-AO2,NAM,Midwest Plastics,8.2
2026-08-17,ADD-AO2,NAM,Midwest Plastics,7.2
2026-08-24,ADD-AO2,NAM,Midwest Plastics,9.5
2026-08-31,ADD-AO2,NAM,Midwest Plastics,9.4
2026-09-07,ADD-AO2,NAM,Midwest Plastics,11.5
2026-09-14,ADD-AO2,NAM,Midwest Plastics,6.9
2026-09-21,ADD-AO2,NAM,Midwest Plastics,9.0
2026-09-28,ADD-AO2,NAM,Midwest Plastics,5.1
2024-10-07,ADD-AO2,NAM,Gulf Packaging,2.5
2024-10-14,ADD-AO2,NAM,Gulf Packaging,1.5
2024-10-21,ADD-AO2,NAM,Gulf Packaging,1.7
2024-10-28,ADD-AO2,NAM,Gulf Packaging,2.3
2024-11-04,ADD-AO2,NAM,Gulf Packaging,1.8
2024-11-11,ADD-AO2,NAM,Gulf Packaging,1.8
2024-11-18,ADD-AO2,NAM,Gulf Packaging,2.0
2024-11-25,ADD-AO2,NAM,Gulf Packaging,2.5
2024-12-02,ADD-AO2,NAM,Gulf Packaging,1.7
2024-12-09,ADD-AO2,NAM,Gulf Packaging,2.1
2024-12-16,ADD-AO2,NAM,Gulf Packaging,2.0
2024-12-23,ADD-AO2,NAM,Gulf Packaging,2.6
2024-12-30,ADD-AO2,NAM,Gulf Packaging,2.6
2025-01-06,ADD-AO2,NAM,Gulf Packaging,1.5
2025-01-13,ADD-AO2,NAM,Gulf Packaging,2.8
2025-01-20,ADD-AO2,NAM,Gulf Packaging,2.0
2025-01-27,ADD-AO2,NAM,Gulf Packaging,2.4
2025-02-03,ADD-AO2,NAM,Gulf Packaging,1.9
2025-02-10,ADD-AO2,NAM,Gulf Packaging,2.5
2025-02-17,ADD-AO2,NAM,Gulf Packaging,4.1
2025-02-24,ADD-AO2,NAM,Gulf Packaging,2.4
2025-03-03,ADD-AO2,NAM,Gulf Packaging,2.1
2025-03-10,ADD-AO2,NAM,Gulf Packaging,2.2
2025-03-17,ADD-AO2,NAM,Gulf Packaging,1.7
2025-03-24,ADD-AO2,NAM,Gulf Packaging,3.1
2025-03-31,ADD-AO2,NAM,Gulf Packaging,2.5
2025-04-07,ADD-AO2,NAM,Gulf Packaging,1.8
2025-04-14,ADD-AO2,NAM,Gulf Packaging,1.8
2025-04-21,ADD-AO2,NAM,Gulf Packaging,2.2
2025-04-28,ADD-AO2,NAM,Gulf Packaging,2.7
2025-05-05,ADD-AO2,NAM,Gulf Packaging,1.7
2025-05-12,ADD-AO2,NAM,Gulf Packaging,2.8
2025-05-19,ADD-AO2,NAM,Gulf Packaging,2.2
2025-05-26,ADD-AO2,NAM,Gulf Packaging,1.8
2025-06-02,ADD-AO2,NAM,Gulf Packaging,2.0
2025-06-09,ADD-AO2,NAM,Gulf Packaging,3.2
2025-06-16,ADD-AO2,NAM,Gulf Packaging,1.6
2025-06-23,ADD-AO2,NAM,Gulf Packaging,1.8
2025-06-30,ADD-AO2,NAM,Gulf Packaging,2.7
2025-07-07,ADD-AO2,NAM,Gulf Packaging,2.3
2025-07-14,ADD-AO2,NAM,Gulf Packaging,1.8
2025-07-21,ADD-AO2,NAM,Gulf Packaging,2.6
2025-07-28,ADD-AO2,NAM,Gulf Packaging,2.7
2025-08-04,ADD-AO2,NAM,Gulf Packaging,2.3
2025-08-11,ADD-AO2,NAM,Gulf Packaging,1.9
2025-08-18,ADD-AO2,NAM,Gulf Packaging,1.9
2025-08-25,ADD-AO2,NAM,Gulf Packaging,2.3
2025-09-01,ADD-AO2,NAM,Gulf Packaging,1.6
2025-09-08,ADD-AO2,NAM,Gulf Packaging,2.9
2025-09-15,ADD-AO2,NAM,Gulf Packaging,3.2
2025-09-22,ADD-AO2,NAM,Gulf Packaging,2.1
2025-09-29,ADD-AO2,NAM,Gulf Packaging,2.5
2025-10-06,ADD-AO2,NAM,Gulf Packaging,3.0
2025-10-13,ADD-AO2,NAM,Gulf Packaging,3.6
2025-10-20,ADD-AO2,NAM,Gulf Packaging,3.3
2025-10-27,ADD-AO2,NAM,Gulf Packaging,1.6
2025-11-03,ADD-AO2,NAM,Gulf Packaging,2.2
2025-11-10,ADD-AO2,NAM,Gulf Packaging,2.6
2025-11-17,ADD-AO2,NAM,Gulf Packaging,2.1
2025-11-24,ADD-AO2,NAM,Gulf Packaging,3.5
2025-12-01,ADD-AO2,NAM,Gulf Packaging,3.5
2025-12-08,ADD-AO2,NAM,Gulf Packaging,2.0
2025-12-15,ADD-AO2,NAM,Gulf Packaging,2.4
2025-12-22,ADD-AO2,NAM,Gulf Packaging,2.1
2025-12-29,ADD-AO2,NAM,Gulf Packaging,2.4
2026-01-05,ADD-AO2,NAM,Gulf Packaging,2.4
2026-01-12,ADD-AO2,NAM,Gulf Packaging,3.1
2026-01-19,ADD-AO2,NAM,Gulf Packaging,2.1
2026-01-26,ADD-AO2,NAM,Gulf Packaging,1.5
2026-02-02,ADD-AO2,NAM,Gulf Packaging,1.8
2026-02-09,ADD-AO2,NAM,Gulf Packaging,2.0
2026-02-16,ADD-AO2,NAM,Gulf Packaging,2.3
2026-02-23,ADD-AO2,NAM,Gulf Packaging,2.7
2026-03-02,ADD-AO2,NAM,Gulf Packaging,2.0
2026-03-09,ADD-AO2,NAM,Gulf Packaging,1.9
2026-03-16,ADD-AO2,NAM,Gulf Packaging,2.0
2026-03-23,ADD-AO2,NAM,Gulf Packaging,1.9
2026-03-30,ADD-AO2,NAM,Gulf Packaging,2.2
2026-04-06,ADD-AO2,NAM,Gulf Packaging,2.2
2026-04-13,ADD-AO2,NAM,Gulf Packaging,2.8
2026-04-20,ADD-AO2,NAM,Gulf Packaging,2.0
2026-04-27,ADD-AO2,NAM,Gulf Packaging,2.2
2026-05-04,ADD-AO2,NAM,Gulf Packaging,2.1
2026-05-11,ADD-AO2,NAM,Gulf Packaging,2.9
2026-05-18,ADD-AO2,NAM,Gulf Packaging,2.3
2026-05-25,ADD-AO2,NAM,Gulf Packaging,2.9
2026-06-01,ADD-AO2,NAM,Gulf Packaging,1.8
2026-06-08,ADD-AO2,NAM,Gulf Packaging,2.2
2026-06-15,ADD-AO2,NAM,Gulf Packaging,2.0
2026-06-22,ADD-AO2,NAM,Gulf Packaging,1.7
2026-06-29,ADD-AO2,NAM,Gulf Packaging,2.2
2026-07-06,ADD-AO2,NAM,Gulf Packaging,3.2
2026-07-13,ADD-AO2,NAM,Gulf Packaging,1.8
2026-07-20,ADD-AO2,NAM,Gulf Packaging,2.2
2026-07-27,ADD-AO2,NAM,Gulf Packaging,1.7
2026-08-03,ADD-AO2,NAM,Gulf Packaging,1.6
2026-08-10,ADD-AO2,NAM,Gulf Packaging,1.9
2026-08-17,ADD-AO2,NAM,Gulf Packaging,2.0
2026-08-24,ADD-AO2,NAM,Gulf Packaging,1.9
2026-08-31,ADD-AO2,NAM,Gulf Packaging,2.0
2026-09-07,ADD-AO2,NAM,Gulf Packaging,1.4
2026-09-14,ADD-AO2,NAM,Gulf Packaging,1.8
2026-09-21,ADD-AO2,NAM,Gulf Packaging,2.3
2026-09-28,ADD-AO2,NAM,Gulf Packaging,1.5
2024-10-07,ADD-AO2,EU,Rhein Composites,5.5
2024-10-14,ADD-AO2,EU,Rhein Composites,7.0
2024-10-21,ADD-AO2,EU,Rhein Composites,5.1
2024-10-28,ADD-AO2,EU,Rhein Composites,4.8
2024-11-04,ADD-AO2,EU,Rhein Composites,7.5
2024-11-11,ADD-AO2,EU,Rhein Composites,8.3
2024-11-18,ADD-AO2,EU,Rhein Composites,4.8
2024-11-25,ADD-AO2,EU,Rhein Composites,5.5
2024-12-02,ADD-AO2,EU,Rhein Composites,7.0
2024-12-09,ADD-AO2,EU,Rhein Composites,5.6
2024-12-16,ADD-AO2,EU,Rhein Composites,6.5
2024-12-23,ADD-AO2,EU,Rhein Composites,6.8
2024-12-30,ADD-AO2,EU,Rhein Composites,5.0
2025-01-06,ADD-AO2,EU,Rhein Composites,6.2
2025-01-13,ADD-AO2,EU,Rhein Composites,5.6
2025-01-20,ADD-AO2,EU,Rhein Composites,4.3
2025-01-27,ADD-AO2,EU,Rhein Composites,4.6
2025-02-03,ADD-AO2,EU,Rhein Composites,5.1
2025-02-10,ADD-AO2,EU,Rhein Composites,7.1
2025-02-17,ADD-AO2,EU,Rhein Composites,7.1
2025-02-24,ADD-AO2,EU,Rhein Composites,6.8
2025-03-03,ADD-AO2,EU,Rhein Composites,6.3
2025-03-10,ADD-AO2,EU,Rhein Composites,6.4
2025-03-17,ADD-AO2,EU,Rhein Composites,6.3
2025-03-24,ADD-AO2,EU,Rhein Composites,6.4
2025-03-31,ADD-AO2,EU,Rhein Composites,6.6
2025-04-07,ADD-AO2,EU,Rhein Composites,4.3
2025-04-14,ADD-AO2,EU,Rhein Composites,4.8
2025-04-21,ADD-AO2,EU,Rhein Composites,4.5
2025-04-28,ADD-AO2,EU,Rhein Composites,7.1
2025-05-05,ADD-AO2,EU,Rhein Composites,7.8
2025-05-12,ADD-AO2,EU,Rhein Composites,3.4
2025-05-19,ADD-AO2,EU,Rhein Composites,7.5
2025-05-26,ADD-AO2,EU,Rhein Composites,5.3
2025-06-02,ADD-AO2,EU,Rhein Composites,6.3
2025-06-09,ADD-AO2,EU,Rhein Composites,5.6
2025-06-16,ADD-AO2,EU,Rhein Composites,6.9
2025-06-23,ADD-AO2,EU,Rhein Composites,5.4
2025-06-30,ADD-AO2,EU,Rhein Composites,4.0
2025-07-07,ADD-AO2,EU,Rhein Composites,5.2
2025-07-14,ADD-AO2,EU,Rhein Composites,5.9
2025-07-21,ADD-AO2,EU,Rhein Composites,4.9
2025-07-28,ADD-AO2,EU,Rhein Composites,5.9
2025-08-04,ADD-AO2,EU,Rhein Composites,4.9
2025-08-11,ADD-AO2,EU,Rhein Composites,4.4
2025-08-18,ADD-AO2,EU,Rhein Composites,3.9
2025-08-25,ADD-AO2,EU,Rhein Composites,4.5
2025-09-01,ADD-AO2,EU,Rhein Composites,5.3
2025-09-08,ADD-AO2,EU,Rhein Composites,3.3
2025-09-15,ADD-AO2,EU,Rhein Composites,4.3
2025-09-22,ADD-AO2,EU,Rhein Composites,3.2
2025-09-29,ADD-AO2,EU,Rhein Composites,4.3
2025-10-06,ADD-AO2,EU,Rhein Composites,6.4
2025-10-13,ADD-AO2,EU,Rhein Composites,3.8
2025-10-20,ADD-AO2,EU,Rhein Composites,6.0
2025-10-27,ADD-AO2,EU,Rhein Composites,9.7
2025-11-03,ADD-AO2,EU,Rhein Composites,7.3
2025-11-10,ADD-AO2,EU,Rhein Composites,5.5
2025-11-17,ADD-AO2,EU,Rhein Composites,6.3
2025-11-24,ADD-AO2,EU,Rhein Composites,3.9
2025-12-01,ADD-AO2,EU,Rhein Composites,3.7
2025-12-08,ADD-AO2,EU,Rhein Composites,5.4
2025-12-15,ADD-AO2,EU,Rhein Composites,5.9
2025-12-22,ADD-AO2,EU,Rhein Composites,7.0
2025-12-29,ADD-AO2,EU,Rhein Composites,4.8
2026-01-05,ADD-AO2,EU,Rhein Composites,5.8
2026-01-12,ADD-AO2,EU,Rhein Composites,5.8
2026-01-19,ADD-AO2,EU,Rhein Composites,5.5
2026-01-26,ADD-AO2,EU,Rhein Composites,5.5
2026-02-02,ADD-AO2,EU,Rhein Composites,4.6
2026-02-09,ADD-AO2,EU,Rhein Composites,6.0
2026-02-16,ADD-AO2,EU,Rhein Composites,5.8
2026-02-23,ADD-AO2,EU,Rhein Composites,5.0
2026-03-02,ADD-AO2,EU,Rhein Composites,6.2
2026-03-09,ADD-AO2,EU,Rhein Composites,6.7
2026-03-16,ADD-AO2,EU,Rhein Composites,6.3
2026-03-23,ADD-AO2,EU,Rhein Composites,4.3
2026-03-30,ADD-AO2,EU,Rhein Composites,5.5
2026-04-06,ADD-AO2,EU,Rhein Composites,4.4
2026-04-13,ADD-AO2,EU,Rhein Composites,5.6
2026-04-20,ADD-AO2,EU,Rhein Composites,4.4
2026-04-27,ADD-AO2,EU,Rhein Composites,7.1
2026-05-04,ADD-AO2,EU,Rhein Composites,6.4
2026-05-11,ADD-AO2,EU,Rhein Composites,6.9
2026-05-18,ADD-AO2,EU,Rhein Composites,6.9
2026-05-25,ADD-AO2,EU,Rhein Composites,5.1
2026-06-01,ADD-AO2,EU,Rhein Composites,4.8
2026-06-08,ADD-AO2,EU,Rhein Composites,7.6
2026-06-15,ADD-AO2,EU,Rhein Composites,5.1
2026-06-22,ADD-AO2,EU,Rhein Composites,3.9
2026-06-29,ADD-AO2,EU,Rhein Composites,6.6
2026-07-06,ADD-AO2,EU,Rhein Composites,5.4
2026-07-13,ADD-AO2,EU,Rhein Composites,7.4
2026-07-20,ADD-AO2,EU,Rhein Composites,5.5
2026-07-27,ADD-AO2,EU,Rhein Composites,5.1
2026-08-03,ADD-AO2,EU,Rhein Composites,7.2
2026-08-10,ADD-AO2,EU,Rhein Composites,3.6
2026-08-17,ADD-AO2,EU,Rhein Composites,4.4
2026-08-24,ADD-AO2,EU,Rhein Composites,4.1
2026-08-31,ADD-AO2,EU,Rhein Composites,3.0
2026-09-07,ADD-AO2,EU,Rhein Composites,6.0
2026-09-14,ADD-AO2,EU,Rhein Composites,4.3
2026-09-21,ADD-AO2,EU,Rhein Composites,5.9
2026-09-28,ADD-AO2,EU,Rhein Composites,5.0
2024-10-07,ADD-AO2,EU,Nordic Paints,4.7
2024-10-14,ADD-AO2,EU,Nordic Paints,3.8
2024-10-21,ADD-AO2,EU,Nordic Paints,3.6
2024-10-28,ADD-AO2,EU,Nordic Paints,4.3
2024-11-04,ADD-AO2,EU,Nordic Paints,5.2
2024-11-11,ADD-AO2,EU,Nordic Paints,4.2
2024-11-18,ADD-AO2,EU,Nordic Paints,3.7
2024-11-25,ADD-AO2,EU,Nordic Paints,3.3
2024-12-02,ADD-AO2,EU,Nordic Paints,4.5
2024-12-09,ADD-AO2,EU,Nordic Paints,3.8
2024-12-16,ADD-AO2,EU,Nordic Paints,4.3
2024-12-23,ADD-AO2,EU,Nordic Paints,4.2
2024-12-30,ADD-AO2,EU,Nordic Paints,3.9
2025-01-06,ADD-AO2,EU,Nordic Paints,4.6
2025-01-13,ADD-AO2,EU,Nordic Paints,4.9
2025-01-20,ADD-AO2,EU,Nordic Paints,6.7
2025-01-27,ADD-AO2,EU,Nordic Paints,5.1
2025-02-03,ADD-AO2,EU,Nordic Paints,6.4
2025-02-10,ADD-AO2,EU,Nordic Paints,3.7
2025-02-17,ADD-AO2,EU,Nordic Paints,3.1
2025-02-24,ADD-AO2,EU,Nordic Paints,4.4
2025-03-03,ADD-AO2,EU,Nordic Paints,5.3
2025-03-10,ADD-AO2,EU,Nordic Paints,5.2
2025-03-17,ADD-AO2,EU,Nordic Paints,5.9
2025-03-24,ADD-AO2,EU,Nordic Paints,2.6
2025-03-31,ADD-AO2,EU,Nordic Paints,6.0
2025-04-07,ADD-AO2,EU,Nordic Paints,4.8
2025-04-14,ADD-AO2,EU,Nordic Paints,3.1
2025-04-21,ADD-AO2,EU,Nordic Paints,5.1
2025-04-28,ADD-AO2,EU,Nordic Paints,4.4
2025-05-05,ADD-AO2,EU,Nordic Paints,4.5
2025-05-12,ADD-AO2,EU,Nordic Paints,5.2
2025-05-19,ADD-AO2,EU,Nordic Paints,4.5
2025-05-26,ADD-AO2,EU,Nordic Paints,2.9
2025-06-02,ADD-AO2,EU,Nordic Paints,3.8
2025-06-09,ADD-AO2,EU,Nordic Paints,2.7
2025-06-16,ADD-AO2,EU,Nordic Paints,4.5
2025-06-23,ADD-AO2,EU,Nordic Paints,5.4
2025-06-30,ADD-AO2,EU,Nordic Paints,3.1
2025-07-07,ADD-AO2,EU,Nordic Paints,3.5
2025-07-14,ADD-AO2,EU,Nordic Paints,3.3
2025-07-21,ADD-AO2,EU,Nordic Paints,3.5
2025-07-28,ADD-AO2,EU,Nordic Paints,4.3
2025-08-04,ADD-AO2,EU,Nordic Paints,3.5
2025-08-11,ADD-AO2,EU,Nordic Paints,4.4
2025-08-18,ADD-AO2,EU,Nordic Paints,4.8
2025-08-25,ADD-AO2,EU,Nordic Paints,4.8
2025-09-01,ADD-AO2,EU,Nordic Paints,3.0
2025-09-08,ADD-AO2,EU,Nordic Paints,5.3
2025-09-15,ADD-AO2,EU,Nordic Paints,5.4
2025-09-22,ADD-AO2,EU,Nordic Paints,5.4
2025-09-29,ADD-AO2,EU,Nordic Paints,3.6
2025-10-06,ADD-AO2,EU,Nordic Paints,3.2
2025-10-13,ADD-AO2,EU,Nordic Paints,3.1
2025-10-20,ADD-AO2,EU,Nordic Paints,3.1
2025-10-27,ADD-AO2,EU,Nordic Paints,4.0
2025-11-03,ADD-AO2,EU,Nordic Paints,4.9
2025-11-10,ADD-AO2,EU,Nordic Paints,5.4
2025-11-17,ADD-AO2,EU,Nordic Paints,3.6
2025-11-24,ADD-AO2,EU,Nordic Paints,4.0
2025-12-01,ADD-AO2,EU,Nordic Paints,3.9
2025-12-08,ADD-AO2,EU,Nordic Paints,3.6
2025-12-15,ADD-AO2,EU,Nordic Paints,4.9
2025-12-22,ADD-AO2,EU,Nordic Paints,4.6
2025-12-29,ADD-AO2,EU,Nordic Paints,4.3
2026-01-05,ADD-AO2,EU,Nordic Paints,4.6
2026-01-12,ADD-AO2,EU,Nordic Paints,4.9
2026-01-19,ADD-AO2,EU,Nordic Paints,4.9
2026-01-26,ADD-AO2,EU,Nordic Paints,3.6
2026-02-02,ADD-AO2,EU,Nordic Paints,5.2
2026-02-09,ADD-AO2,EU,Nordic Paints,4.6
2026-02-16,ADD-AO2,EU,Nordic Paints,3.9
2026-02-23,ADD-AO2,EU,Nordic Paints,4.4
2026-03-02,ADD-AO2,EU,Nordic Paints,4.4
2026-03-09,ADD-AO2,EU,Nordic Paints,5.2
2026-03-16,ADD-AO2,EU,Nordic Paints,3.3
2026-03-23,ADD-AO2,EU,Nordic Paints,5.6
2026-03-30,ADD-AO2,EU,Nordic Paints,4.2
2026-04-06,ADD-AO2,EU,Nordic Paints,3.7
2026-04-13,ADD-AO2,EU,Nordic Paints,3.7
2026-04-20,ADD-AO2,EU,Nordic Paints,3.3
2026-04-27,ADD-AO2,EU,Nordic Paints,2.8
2026-05-04,ADD-AO2,EU,Nordic Paints,4.8
2026-05-11,ADD-AO2,EU,Nordic Paints,6.4
2026-05-18,ADD-AO2,EU,Nordic Paints,2.9
2026-05-25,ADD-AO2,EU,Nordic Paints,3.4
2026-06-01,ADD-AO2,EU,Nordic Paints,4.8
2026-06-08,ADD-AO2,EU,Nordic Paints,3.9
2026-06-15,ADD-AO2,EU,Nordic Paints,4.8
2026-06-22,ADD-AO2,EU,Nordic Paints,4.0
2026-06-29,ADD-AO2,EU,Nordic Paints,3.6
2026-07-06,ADD-AO2,EU,Nordic Paints,3.8
2026-07-13,ADD-AO2,EU,Nordic Paints,2.4
2026-07-20,ADD-AO2,EU,Nordic Paints,3.1
2026-07-27,ADD-AO2,EU,Nordic Paints,4.8
2026-08-03,ADD-AO2,EU,Nordic Paints,5.1
2026-08-10,ADD-AO2,EU,Nordic Paints,5.3
2026-08-17,ADD-AO2,EU,Nordic Paints,4.3
2026-08-24,ADD-AO2,EU,Nordic Paints,2.3
2026-08-31,ADD-AO2,EU,Nordic Paints,3.3
2026-09-07,ADD-AO2,EU,Nordic Paints,5.1
2026-09-14,ADD-AO2,EU,Nordic Paints,5.3
2026-09-21,ADD-AO2,EU,Nordic Paints,5.0
2026-09-28,ADD-AO2,EU,Nordic Paints,3.4
2024-10-07,ADD-AO2,EU,Iberia Polymers,2.9
2024-10-14,ADD-AO2,EU,Iberia Polymers,3.9
2024-10-21,ADD-AO2,EU,Iberia Polymers,4.0
2024-10-28,ADD-AO2,EU,Iberia Polymers,5.7
2024-11-04,ADD-AO2,EU,Iberia Polymers,4.3
2024-11-11,ADD-AO2,EU,Iberia Polymers,4.0
2024-11-18,ADD-AO2,EU,Iberia Polymers,4.1
2024-11-25,ADD-AO2,EU,Iberia Polymers,4.5
2024-12-02,ADD-AO2,EU,Iberia Polymers,4.7
2024-12-09,ADD-AO2,EU,Iberia Polymers,3.5
2024-12-16,ADD-AO2,EU,Iberia Polymers,3.3
2024-12-23,ADD-AO2,EU,Iberia Polymers,5.6
2024-12-30,ADD-AO2,EU,Iberia Polymers,2.9
2025-01-06,ADD-AO2,EU,Iberia Polymers,5.9
2025-01-13,ADD-AO2,EU,Iberia Polymers,2.7
2025-01-20,ADD-AO2,EU,Iberia Polymers,3.6
2025-01-27,ADD-AO2,EU,Iberia Polymers,5.1
2025-02-03,ADD-AO2,EU,Iberia Polymers,4.2
2025-02-10,ADD-AO2,EU,Iberia Polymers,3.2
2025-02-17,ADD-AO2,EU,Iberia Polymers,4.6
2025-02-24,ADD-AO2,EU,Iberia Polymers,4.2
2025-03-03,ADD-AO2,EU,Iberia Polymers,4.0
2025-03-10,ADD-AO2,EU,Iberia Polymers,3.7
2025-03-17,ADD-AO2,EU,Iberia Polymers,4.3
2025-03-24,ADD-AO2,EU,Iberia Polymers,3.8
2025-03-31,ADD-AO2,EU,Iberia Polymers,7.4
2025-04-07,ADD-AO2,EU,Iberia Polymers,4.0
2025-04-14,ADD-AO2,EU,Iberia Polymers,3.9
2025-04-21,ADD-AO2,EU,Iberia Polymers,3.6
2025-04-28,ADD-AO2,EU,Iberia Polymers,6.0
2025-05-05,ADD-AO2,EU,Iberia Polymers,2.7
2025-05-12,ADD-AO2,EU,Iberia Polymers,4.3
2025-05-19,ADD-AO2,EU,Iberia Polymers,3.7
2025-05-26,ADD-AO2,EU,Iberia Polymers,2.8
2025-06-02,ADD-AO2,EU,Iberia Polymers,3.1
2025-06-09,ADD-AO2,EU,Iberia Polymers,3.9
2025-06-16,ADD-AO2,EU,Iberia Polymers,3.0
2025-06-23,ADD-AO2,EU,Iberia Polymers,4.0
2025-06-30,ADD-AO2,EU,Iberia Polymers,5.7
2025-07-07,ADD-AO2,EU,Iberia Polymers,4.0
2025-07-14,ADD-AO2,EU,Iberia Polymers,2.8
2025-07-21,ADD-AO2,EU,Iberia Polymers,3.1
2025-07-28,ADD-AO2,EU,Iberia Polymers,3.5
2025-08-04,ADD-AO2,EU,Iberia Polymers,3.4
2025-08-11,ADD-AO2,EU,Iberia Polymers,3.8
2025-08-18,ADD-AO2,EU,Iberia Polymers,3.8
2025-08-25,ADD-AO2,EU,Iberia Polymers,5.3
2025-09-01,ADD-AO2,EU,Iberia Polymers,3.7
2025-09-08,ADD-AO2,EU,Iberia Polymers,2.9
2025-09-15,ADD-AO2,EU,Iberia Polymers,4.8
2025-09-22,ADD-AO2,EU,Iberia Polymers,4.8
2025-09-29,ADD-AO2,EU,Iberia Polymers,3.8
2025-10-06,ADD-AO2,EU,Iberia Polymers,3.4
2025-10-13,ADD-AO2,EU,Iberia Polymers,4.1
2025-10-20,ADD-AO2,EU,Iberia Polymers,3.6
2025-10-27,ADD-AO2,EU,Iberia Polymers,2.4
2025-11-03,ADD-AO2,EU,Iberia Polymers,4.4
2025-11-10,ADD-AO2,EU,Iberia Polymers,4.7
2025-11-17,ADD-AO2,EU,Iberia Polymers,5.3
2025-11-24,ADD-AO2,EU,Iberia Polymers,3.2
2025-12-01,ADD-AO2,EU,Iberia Polymers,4.0
2025-12-08,ADD-AO2,EU,Iberia Polymers,4.2
2025-12-15,ADD-AO2,EU,Iberia Polymers,4.0
2025-12-22,ADD-AO2,EU,Iberia Polymers,4.1
2025-12-29,ADD-AO2,EU,Iberia Polymers,4.0
2026-01-05,ADD-AO2,EU,Iberia Polymers,4.2
2026-01-12,ADD-AO2,EU,Iberia Polymers,4.8
2026-01-19,ADD-AO2,EU,Iberia Polymers,5.3
2026-01-26,ADD-AO2,EU,Iberia Polymers,3.5
2026-02-02,ADD-AO2,EU,Iberia Polymers,3.9
2026-02-09,ADD-AO2,EU,Iberia Polymers,3.7
2026-02-16,ADD-AO2,EU,Iberia Polymers,3.6
2026-02-23,ADD-AO2,EU,Iberia Polymers,2.8
2026-03-02,ADD-AO2,EU,Iberia Polymers,3.9
2026-03-09,ADD-AO2,EU,Iberia Polymers,4.3
2026-03-16,ADD-AO2,EU,Iberia Polymers,3.8
2026-03-23,ADD-AO2,EU,Iberia Polymers,3.9
2026-03-30,ADD-AO2,EU,Iberia Polymers,4.3
2026-04-06,ADD-AO2,EU,Iberia Polymers,5.4
2026-04-13,ADD-AO2,EU,Iberia Polymers,3.6
2026-04-20,ADD-AO2,EU,Iberia Polymers,3.1
2026-04-27,ADD-AO2,EU,Iberia Polymers,3.8
2026-05-04,ADD-AO2,EU,Iberia Polymers,5.9
2026-05-11,ADD-AO2,EU,Iberia Polymers,3.0
2026-05-18,ADD-AO2,EU,Iberia Polymers,4.6
2026-05-25,ADD-AO2,EU,Iberia Polymers,5.1
2026-06-01,ADD-AO2,EU,Iberia Polymers,2.3
2026-06-08,ADD-AO2,EU,Iberia Polymers,4.1
2026-06-15,ADD-AO2,EU,Iberia Polymers,4.4
2026-06-22,ADD-AO2,EU,Iberia Polymers,3.6
2026-06-29,ADD-AO2,EU,Iberia Polymers,3.3
2026-07-06,ADD-AO2,EU,Iberia Polymers,3.3
2026-07-13,ADD-AO2,EU,Iberia Polymers,3.6
2026-07-20,ADD-AO2,EU,Iberia Polymers,3.5
2026-07-27,ADD-AO2,EU,Iberia Polymers,3.3
2026-08-03,ADD-AO2,EU,Iberia Polymers,3.5
2026-08-10,ADD-AO2,EU,Iberia Polymers,4.8
2026-08-17,ADD-AO2,EU,Iberia Polymers,2.8
2026-08-24,ADD-AO2,EU,Iberia Polymers,2.4
2026-08-31,ADD-AO2,EU,Iberia Polymers,4.6
2026-09-07,ADD-AO2,EU,Iberia Polymers,3.4
2026-09-14,ADD-AO2,EU,Iberia Polymers,3.2
2026-09-21,ADD-AO2,EU,Iberia Polymers,3.4
2026-09-28,ADD-AO2,EU,Iberia Polymers,3.5
2024-10-07,ADD-AO2,APAC,Pacific Coatings,9.9
2024-10-14,ADD-AO2,APAC,Pacific Coatings,9.4
2024-10-21,ADD-AO2,APAC,Pacific Coatings,9.5
2024-10-28,ADD-AO2,APAC,Pacific Coatings,8.3
2024-11-04,ADD-AO2,APAC,Pacific Coatings,8.9
2024-11-11,ADD-AO2,APAC,Pacific Coatings,6.7
2024-11-18,ADD-AO2,APAC,Pacific Coatings,6.2
2024-11-25,ADD-AO2,APAC,Pacific Coatings,7.8
2024-12-02,ADD-AO2,APAC,Pacific Coatings,6.8
2024-12-09,ADD-AO2,APAC,Pacific Coatings,10.6
2024-12-16,ADD-AO2,APAC,Pacific Coatings,8.5
2024-12-23,ADD-AO2,APAC,Pacific Coatings,6.6
2024-12-30,ADD-AO2,APAC,Pacific Coatings,7.4
2025-01-06,ADD-AO2,APAC,Pacific Coatings,8.0
2025-01-13,ADD-AO2,APAC,Pacific Coatings,7.6
2025-01-20,ADD-AO2,APAC,Pacific Coatings,8.1
2025-01-27,ADD-AO2,APAC,Pacific Coatings,7.8
2025-02-03,ADD-AO2,APAC,Pacific Coatings,5.6
2025-02-10,ADD-AO2,APAC,Pacific Coatings,4.7
2025-02-17,ADD-AO2,APAC,Pacific Coatings,6.9
2025-02-24,ADD-AO2,APAC,Pacific Coatings,8.6
2025-03-03,ADD-AO2,APAC,Pacific Coatings,7.2
2025-03-10,ADD-AO2,APAC,Pacific Coatings,10.6
2025-03-17,ADD-AO2,APAC,Pacific Coatings,7.9
2025-03-24,ADD-AO2,APAC,Pacific Coatings,10.8
2025-03-31,ADD-AO2,APAC,Pacific Coatings,10.2
2025-04-07,ADD-AO2,APAC,Pacific Coatings,9.9
2025-04-14,ADD-AO2,APAC,Pacific Coatings,6.1
2025-04-21,ADD-AO2,APAC,Pacific Coatings,8.2
2025-04-28,ADD-AO2,APAC,Pacific Coatings,10.7
2025-05-05,ADD-AO2,APAC,Pacific Coatings,8.7
2025-05-12,ADD-AO2,APAC,Pacific Coatings,9.0
2025-05-19,ADD-AO2,APAC,Pacific Coatings,5.9
2025-05-26,ADD-AO2,APAC,Pacific Coatings,12.2
2025-06-02,ADD-AO2,APAC,Pacific Coatings,6.7
2025-06-09,ADD-AO2,APAC,Pacific Coatings,5.1
2025-06-16,ADD-AO2,APAC,Pacific Coatings,7.4
2025-06-23,ADD-AO2,APAC,Pacific Coatings,4.6
2025-06-30,ADD-AO2,APAC,Pacific Coatings,6.1
2025-07-07,ADD-AO2,APAC,Pacific Coatings,14.0
2025-07-14,ADD-AO2,APAC,Pacific Coatings,7.2
2025-07-21,ADD-AO2,APAC,Pacific Coatings,5.7
2025-07-28,ADD-AO2,APAC,Pacific Coatings,8.0
2025-08-04,ADD-AO2,APAC,Pacific Coatings,6.9
2025-08-11,ADD-AO2,APAC,Pacific Coatings,9.9
2025-08-18,ADD-AO2,APAC,Pacific Coatings,6.7
2025-08-25,ADD-AO2,APAC,Pacific Coatings,8.7
2025-09-01,ADD-AO2,APAC,Pacific Coatings,6.5
2025-09-08,ADD-AO2,APAC,Pacific Coatings,14.6
2025-09-15,ADD-AO2,APAC,Pacific Coatings,9.2
2025-09-22,ADD-AO2,APAC,Pacific Coatings,8.0
2025-09-29,ADD-AO2,APAC,Pacific Coatings,7.7
2025-10-06,ADD-AO2,APAC,Pacific Coatings,7.2
2025-10-13,ADD-AO2,APAC,Pacific Coatings,6.8
2025-10-20,ADD-AO2,APAC,Pacific Coatings,6.6
2025-10-27,ADD-AO2,APAC,Pacific Coatings,11.2
2025-11-03,ADD-AO2,APAC,Pacific Coatings,6.8
2025-11-10,ADD-AO2,APAC,Pacific Coatings,4.8
2025-11-17,ADD-AO2,APAC,Pacific Coatings,5.8
2025-11-24,ADD-AO2,APAC,Pacific Coatings,9.2
2025-12-01,ADD-AO2,APAC,Pacific Coatings,7.1
2025-12-08,ADD-AO2,APAC,Pacific Coatings,7.3
2025-12-15,ADD-AO2,APAC,Pacific Coatings,9.6
2025-12-22,ADD-AO2,APAC,Pacific Coatings,6.2
2025-12-29,ADD-AO2,APAC,Pacific Coatings,8.4
2026-01-05,ADD-AO2,APAC,Pacific Coatings,6.2
2026-01-12,ADD-AO2,APAC,Pacific Coatings,8.2
2026-01-19,ADD-AO2,APAC,Pacific Coatings,6.6
2026-01-26,ADD-AO2,APAC,Pacific Coatings,7.0
2026-02-02,ADD-AO2,APAC,Pacific Coatings,9.0
2026-02-09,ADD-AO2,APAC,Pacific Coatings,8.9
2026-02-16,ADD-AO2,APAC,Pacific Coatings,7.2
2026-02-23,ADD-AO2,APAC,Pacific Coatings,6.7
2026-03-02,ADD-AO2,APAC,Pacific Coatings,10.7
2026-03-09,ADD-AO2,APAC,Pacific Coatings,8.6
2026-03-16,ADD-AO2,APAC,Pacific Coatings,7.0
2026-03-23,ADD-AO2,APAC,Pacific Coatings,6.5
2026-03-30,ADD-AO2,APAC,Pacific Coatings,9.6
2026-04-06,ADD-AO2,APAC,Pacific Coatings,7.9
2026-04-13,ADD-AO2,APAC,Pacific Coatings,7.4
2026-04-20,ADD-AO2,APAC,Pacific Coatings,7.9
2026-04-27,ADD-AO2,APAC,Pacific Coatings,8.4
2026-05-04,ADD-AO2,APAC,Pacific Coatings,7.8
2026-05-11,ADD-AO2,APAC,Pacific Coatings,10.3
2026-05-18,ADD-AO2,APAC,Pacific Coatings,10.5
2026-05-25,ADD-AO2,APAC,Pacific Coatings,9.0
2026-06-01,ADD-AO2,APAC,Pacific Coatings,10.9
2026-06-08,ADD-AO2,APAC,Pacific Coatings,8.3
2026-06-15,ADD-AO2,APAC,Pacific Coatings,9.3
2026-06-22,ADD-AO2,APAC,Pacific Coatings,10.1
2026-06-29,ADD-AO2,APAC,Pacific Coatings,10.2
2026-07-06,ADD-AO2,APAC,Pacific Coatings,10.0
2026-07-13,ADD-AO2,APAC,Pacific Coatings,9.4
2026-07-20,ADD-AO2,APAC,Pacific Coatings,12.3
2026-07-27,ADD-AO2,APAC,Pacific Coatings,7.2
2026-08-03,ADD-AO2,APAC,Pacific Coatings,8.0
2026-08-10,ADD-AO2,APAC,Pacific Coatings,7.7
2026-08-17,ADD-AO2,APAC,Pacific Coatings,7.8
2026-08-24,ADD-AO2,APAC,Pacific Coatings,5.5
2026-08-31,ADD-AO2,APAC,Pacific Coatings,11.9
2026-09-07,ADD-AO2,APAC,Pacific Coatings,7.0
2026-09-14,ADD-AO2,APAC,Pacific Coatings,9.3
2026-09-21,ADD-AO2,APAC,Pacific Coatings,6.7
2026-09-28,ADD-AO2,APAC,Pacific Coatings,10.8
2024-10-07,ADD-AO2,APAC,Shenzhen Electronic Materials,3.3
2024-10-14,ADD-AO2,APAC,Shenzhen Electronic Materials,3.1
2024-10-21,ADD-AO2,APAC,Shenzhen Electronic Materials,4.1
2024-10-28,ADD-AO2,APAC,Shenzhen Electronic Materials,3.3
2024-11-04,ADD-AO2,APAC,Shenzhen Electronic Materials,3.4
2024-11-11,ADD-AO2,APAC,Shenzhen Electronic Materials,4.0
2024-11-18,ADD-AO2,APAC,Shenzhen Electronic Materials,4.5
2024-11-25,ADD-AO2,APAC,Shenzhen Electronic Materials,3.1
2024-12-02,ADD-AO2,APAC,Shenzhen Electronic Materials,2.9
2024-12-09,ADD-AO2,APAC,Shenzhen Electronic Materials,3.6
2024-12-16,ADD-AO2,APAC,Shenzhen Electronic Materials,4.1
2024-12-23,ADD-AO2,APAC,Shenzhen Electronic Materials,5.0
2024-12-30,ADD-AO2,APAC,Shenzhen Electronic Materials,2.9
2025-01-06,ADD-AO2,APAC,Shenzhen Electronic Materials,3.4
2025-01-13,ADD-AO2,APAC,Shenzhen Electronic Materials,4.6
2025-01-20,ADD-AO2,APAC,Shenzhen Electronic Materials,5.5
2025-01-27,ADD-AO2,APAC,Shenzhen Electronic Materials,2.9
2025-02-03,ADD-AO2,APAC,Shenzhen Electronic Materials,3.0
2025-02-10,ADD-AO2,APAC,Shenzhen Electronic Materials,3.8
2025-02-17,ADD-AO2,APAC,Shenzhen Electronic Materials,3.1
2025-02-24,ADD-AO2,APAC,Shenzhen Electronic Materials,3.0
2025-03-03,ADD-AO2,APAC,Shenzhen Electronic Materials,3.9
2025-03-10,ADD-AO2,APAC,Shenzhen Electronic Materials,5.3
2025-03-17,ADD-AO2,APAC,Shenzhen Electronic Materials,2.8
2025-03-24,ADD-AO2,APAC,Shenzhen Electronic Materials,5.2
2025-03-31,ADD-AO2,APAC,Shenzhen Electronic Materials,3.3
2025-04-07,ADD-AO2,APAC,Shenzhen Electronic Materials,4.0
2025-04-14,ADD-AO2,APAC,Shenzhen Electronic Materials,5.3
2025-04-21,ADD-AO2,APAC,Shenzhen Electronic Materials,4.1
2025-04-28,ADD-AO2,APAC,Shenzhen Electronic Materials,3.6
2025-05-05,ADD-AO2,APAC,Shenzhen Electronic Materials,4.5
2025-05-12,ADD-AO2,APAC,Shenzhen Electronic Materials,3.6
2025-05-19,ADD-AO2,APAC,Shenzhen Electronic Materials,4.2
2025-05-26,ADD-AO2,APAC,Shenzhen Electronic Materials,3.6
2025-06-02,ADD-AO2,APAC,Shenzhen Electronic Materials,4.5
2025-06-09,ADD-AO2,APAC,Shenzhen Electronic Materials,2.7
2025-06-16,ADD-AO2,APAC,Shenzhen Electronic Materials,3.0
2025-06-23,ADD-AO2,APAC,Shenzhen Electronic Materials,2.7
2025-06-30,ADD-AO2,APAC,Shenzhen Electronic Materials,3.6
2025-07-07,ADD-AO2,APAC,Shenzhen Electronic Materials,2.7
2025-07-14,ADD-AO2,APAC,Shenzhen Electronic Materials,3.1
2025-07-21,ADD-AO2,APAC,Shenzhen Electronic Materials,2.8
2025-07-28,ADD-AO2,APAC,Shenzhen Electronic Materials,5.2
2025-08-04,ADD-AO2,APAC,Shenzhen Electronic Materials,3.1
2025-08-11,ADD-AO2,APAC,Shenzhen Electronic Materials,2.9
2025-08-18,ADD-AO2,APAC,Shenzhen Electronic Materials,4.0
2025-08-25,ADD-AO2,APAC,Shenzhen Electronic Materials,5.5
2025-09-01,ADD-AO2,APAC,Shenzhen Electronic Materials,3.8
2025-09-08,ADD-AO2,APAC,Shenzhen Electronic Materials,3.8
2025-09-15,ADD-AO2,APAC,Shenzhen Electronic Materials,5.1
2025-09-22,ADD-AO2,APAC,Shenzhen Electronic Materials,4.7
2025-09-29,ADD-AO2,APAC,Shenzhen Electronic Materials,4.2
2025-10-06,ADD-AO2,APAC,Shenzhen Electronic Materials,3.3
2025-10-13,ADD-AO2,APAC,Shenzhen Electronic Materials,4.2
2025-10-20,ADD-AO2,APAC,Shenzhen Electronic Materials,2.7
2025-10-27,ADD-AO2,APAC,Shenzhen Electronic Materials,3.2
2025-11-03,ADD-AO2,APAC,Shenzhen Electronic Materials,4.9
2025-11-10,ADD-AO2,APAC,Shenzhen Electronic Materials,4.7
2025-11-17,ADD-AO2,APAC,Shenzhen Electronic Materials,3.8
2025-11-24,ADD-AO2,APAC,Shenzhen Electronic Materials,2.3
2025-12-01,ADD-AO2,APAC,Shenzhen Electronic Materials,2.7
2025-12-08,ADD-AO2,APAC,Shenzhen Electronic Materials,3.0
2025-12-15,ADD-AO2,APAC,Shenzhen Electronic Materials,3.3
2025-12-22,ADD-AO2,APAC,Shenzhen Electronic Materials,2.6
2025-12-29,ADD-AO2,APAC,Shenzhen Electronic Materials,3.2
2026-01-05,ADD-AO2,APAC,Shenzhen Electronic Materials,5.0
2026-01-12,ADD-AO2,APAC,Shenzhen Electronic Materials,3.7
2026-01-19,ADD-AO2,APAC,Shenzhen Electronic Materials,3.5
2026-01-26,ADD-AO2,APAC,Shenzhen Electronic Materials,2.8
2026-02-02,ADD-AO2,APAC,Shenzhen Electronic Materials,2.4
2026-02-09,ADD-AO2,APAC,Shenzhen Electronic Materials,2.7
2026-02-16,ADD-AO2,APAC,Shenzhen Electronic Materials,2.4
2026-02-23,ADD-AO2,APAC,Shenzhen Electronic Materials,3.5
2026-03-02,ADD-AO2,APAC,Shenzhen Electronic Materials,3.8
2026-03-09,ADD-AO2,APAC,Shenzhen Electronic Materials,2.9
2026-03-16,ADD-AO2,APAC,Shenzhen Electronic Materials,3.7
2026-03-23,ADD-AO2,APAC,Shenzhen Electronic Materials,4.8
2026-03-30,ADD-AO2,APAC,Shenzhen Electronic Materials,5.5
2026-04-06,ADD-AO2,APAC,Shenzhen Electronic Materials,4.3
2026-04-13,ADD-AO2,APAC,Shenzhen Electronic Materials,3.4
2026-04-20,ADD-AO2,APAC,Shenzhen Electronic Materials,4.2
2026-04-27,ADD-AO2,APAC,Shenzhen Electronic Materials,4.9
2026-05-04,ADD-AO2,APAC,Shenzhen Electronic Materials,2.4
2026-05-11,ADD-AO2,APAC,Shenzhen Electronic Materials,5.1
2026-05-18,ADD-AO2,APAC,Shenzhen Electronic Materials,3.3
2026-05-25,ADD-AO2,APAC,Shenzhen Electronic Materials,3.3
2026-06-01,ADD-AO2,APAC,Shenzhen Electronic Materials,3.5
2026-06-08,ADD-AO2,APAC,Shenzhen Electronic Materials,4.1
2026-06-15,ADD-AO2,APAC,Shenzhen Electronic Materials,2.9
2026-06-22,ADD-AO2,APAC,Shenzhen Electronic Materials,3.5
2026-06-29,ADD-AO2,APAC,Shenzhen Electronic Materials,4.3
2026-07-06,ADD-AO2,APAC,Shenzhen Electronic Materials,4.0
2026-07-13,ADD-AO2,APAC,Shenzhen Electronic Materials,4.2
2026-07-20,ADD-AO2,APAC,Shenzhen Electronic Materials,3.5
2026-07-27,ADD-AO2,APAC,Shenzhen Electronic Materials,4.4
2026-08-03,ADD-AO2,APAC,Shenzhen Electronic Materials,4.9
2026-08-10,ADD-AO2,APAC,Shenzhen Electronic Materials,4.7
2026-08-17,ADD-AO2,APAC,Shenzhen Electronic Materials,4.3
2026-08-24,ADD-AO2,APAC,Shenzhen Electronic Materials,4.9
2026-08-31,ADD-AO2,APAC,Shenzhen Electronic Materials,4.9
2026-09-07,ADD-AO2,APAC,Shenzhen Electronic Materials,7.4
2026-09-14,ADD-AO2,APAC,Shenzhen Electronic Materials,5.5
2026-09-21,ADD-AO2,APAC,Shenzhen Electronic Materials,4.2
2026-09-28,ADD-AO2,APAC,Shenzhen Electronic Materials,3.6
2024-10-07,ADD-AO2,APAC,Jurong Construction Chem,6.3
2024-10-14,ADD-AO2,APAC,Jurong Construction Chem,6.1
2024-10-21,ADD-AO2,APAC,Jurong Construction Chem,7.3
2024-10-28,ADD-AO2,APAC,Jurong Construction Chem,5.6
2024-11-04,ADD-AO2,APAC,Jurong Construction Chem,8.3
2024-11-11,ADD-AO2,APAC,Jurong Construction Chem,4.7
2024-11-18,ADD-AO2,APAC,Jurong Construction Chem,4.4
2024-11-25,ADD-AO2,APAC,Jurong Construction Chem,6.0
2024-12-02,ADD-AO2,APAC,Jurong Construction Chem,5.1
2024-12-09,ADD-AO2,APAC,Jurong Construction Chem,4.6
2024-12-16,ADD-AO2,APAC,Jurong Construction Chem,5.3
2024-12-23,ADD-AO2,APAC,Jurong Construction Chem,5.1
2024-12-30,ADD-AO2,APAC,Jurong Construction Chem,6.2
2025-01-06,ADD-AO2,APAC,Jurong Construction Chem,5.3
2025-01-13,ADD-AO2,APAC,Jurong Construction Chem,5.3
2025-01-20,ADD-AO2,APAC,Jurong Construction Chem,6.0
2025-01-27,ADD-AO2,APAC,Jurong Construction Chem,7.5
2025-02-03,ADD-AO2,APAC,Jurong Construction Chem,8.2
2025-02-10,ADD-AO2,APAC,Jurong Construction Chem,6.1
2025-02-17,ADD-AO2,APAC,Jurong Construction Chem,6.2
2025-02-24,ADD-AO2,APAC,Jurong Construction Chem,5.7
2025-03-03,ADD-AO2,APAC,Jurong Construction Chem,6.8
2025-03-10,ADD-AO2,APAC,Jurong Construction Chem,6.9
2025-03-17,ADD-AO2,APAC,Jurong Construction Chem,8.4
2025-03-24,ADD-AO2,APAC,Jurong Construction Chem,4.1
2025-03-31,ADD-AO2,APAC,Jurong Construction Chem,5.9
2025-04-07,ADD-AO2,APAC,Jurong Construction Chem,6.6
2025-04-14,ADD-AO2,APAC,Jurong Construction Chem,6.2
2025-04-21,ADD-AO2,APAC,Jurong Construction Chem,5.2
2025-04-28,ADD-AO2,APAC,Jurong Construction Chem,4.8
2025-05-05,ADD-AO2,APAC,Jurong Construction Chem,7.6
2025-05-12,ADD-AO2,APAC,Jurong Construction Chem,5.3
2025-05-19,ADD-AO2,APAC,Jurong Construction Chem,4.3
2025-05-26,ADD-AO2,APAC,Jurong Construction Chem,7.5
2025-06-02,ADD-AO2,APAC,Jurong Construction Chem,6.9
2025-06-09,ADD-AO2,APAC,Jurong Construction Chem,6.0
2025-06-16,ADD-AO2,APAC,Jurong Construction Chem,5.1
2025-06-23,ADD-AO2,APAC,Jurong Construction Chem,6.0
2025-06-30,ADD-AO2,APAC,Jurong Construction Chem,7.9
2025-07-07,ADD-AO2,APAC,Jurong Construction Chem,4.4
2025-07-14,ADD-AO2,APAC,Jurong Construction Chem,4.3
2025-07-21,ADD-AO2,APAC,Jurong Construction Chem,5.3
2025-07-28,ADD-AO2,APAC,Jurong Construction Chem,6.2
2025-08-04,ADD-AO2,APAC,Jurong Construction Chem,5.9
2025-08-11,ADD-AO2,APAC,Jurong Construction Chem,7.4
2025-08-18,ADD-AO2,APAC,Jurong Construction Chem,8.1
2025-08-25,ADD-AO2,APAC,Jurong Construction Chem,6.8
2025-09-01,ADD-AO2,APAC,Jurong Construction Chem,7.4
2025-09-08,ADD-AO2,APAC,Jurong Construction Chem,6.8
2025-09-15,ADD-AO2,APAC,Jurong Construction Chem,6.4
2025-09-22,ADD-AO2,APAC,Jurong Construction Chem,4.8
2025-09-29,ADD-AO2,APAC,Jurong Construction Chem,5.1
2025-10-06,ADD-AO2,APAC,Jurong Construction Chem,4.7
2025-10-13,ADD-AO2,APAC,Jurong Construction Chem,6.1
2025-10-20,ADD-AO2,APAC,Jurong Construction Chem,6.4
2025-10-27,ADD-AO2,APAC,Jurong Construction Chem,4.4
2025-11-03,ADD-AO2,APAC,Jurong Construction Chem,6.1
2025-11-10,ADD-AO2,APAC,Jurong Construction Chem,4.9
2025-11-17,ADD-AO2,APAC,Jurong Construction Chem,4.6
2025-11-24,ADD-AO2,APAC,Jurong Construction Chem,5.1
2025-12-01,ADD-AO2,APAC,Jurong Construction Chem,4.6
2025-12-08,ADD-AO2,APAC,Jurong Construction Chem,6.7
2025-12-15,ADD-AO2,APAC,Jurong Construction Chem,5.6
2025-12-22,ADD-AO2,APAC,Jurong Construction Chem,6.9
2025-12-29,ADD-AO2,APAC,Jurong Construction Chem,5.2
2026-01-05,ADD-AO2,APAC,Jurong Construction Chem,5.2
2026-01-12,ADD-AO2,APAC,Jurong Construction Chem,8.5
2026-01-19,ADD-AO2,APAC,Jurong Construction Chem,3.9
2026-01-26,ADD-AO2,APAC,Jurong Construction Chem,7.7
2026-02-02,ADD-AO2,APAC,Jurong Construction Chem,8.5
2026-02-09,ADD-AO2,APAC,Jurong Construction Chem,7.0
2026-02-16,ADD-AO2,APAC,Jurong Construction Chem,5.4
2026-02-23,ADD-AO2,APAC,Jurong Construction Chem,7.9
2026-03-02,ADD-AO2,APAC,Jurong Construction Chem,5.5
2026-03-09,ADD-AO2,APAC,Jurong Construction Chem,5.1
2026-03-16,ADD-AO2,APAC,Jurong Construction Chem,5.5
2026-03-23,ADD-AO2,APAC,Jurong Construction Chem,5.2
2026-03-30,ADD-AO2,APAC,Jurong Construction Chem,4.8
2026-04-06,ADD-AO2,APAC,Jurong Construction Chem,7.7
2026-04-13,ADD-AO2,APAC,Jurong Construction Chem,5.1
2026-04-20,ADD-AO2,APAC,Jurong Construction Chem,6.0
2026-04-27,ADD-AO2,APAC,Jurong Construction Chem,4.4
2026-05-04,ADD-AO2,APAC,Jurong Construction Chem,6.2
2026-05-11,ADD-AO2,APAC,Jurong Construction Chem,4.8
2026-05-18,ADD-AO2,APAC,Jurong Construction Chem,4.8
2026-05-25,ADD-AO2,APAC,Jurong Construction Chem,6.1
2026-06-01,ADD-AO2,APAC,Jurong Construction Chem,7.9
2026-06-08,ADD-AO2,APAC,Jurong Construction Chem,7.1
2026-06-15,ADD-AO2,APAC,Jurong Construction Chem,7.0
2026-06-22,ADD-AO2,APAC,Jurong Construction Chem,6.1
2026-06-29,ADD-AO2,APAC,Jurong Construction Chem,5.9
2026-07-06,ADD-AO2,APAC,Jurong Construction Chem,7.6
2026-07-13,ADD-AO2,APAC,Jurong Construction Chem,5.6
2026-07-20,ADD-AO2,APAC,Jurong Construction Chem,7.5
2026-07-27,ADD-AO2,APAC,Jurong Construction Chem,8.3
2026-08-03,ADD-AO2,APAC,Jurong Construction Chem,5.4
2026-08-10,ADD-AO2,APAC,Jurong Construction Chem,5.4
2026-08-17,ADD-AO2,APAC,Jurong Construction Chem,5.8
2026-08-24,ADD-AO2,APAC,Jurong Construction Chem,4.8
2026-08-31,ADD-AO2,APAC,Jurong Construction Chem,6.2
2026-09-07,ADD-AO2,APAC,Jurong Construction Chem,9.2
2026-09-14,ADD-AO2,APAC,Jurong Construction Chem,5.5
2026-09-21,ADD-AO2,APAC,Jurong Construction Chem,9.6
2026-09-28,ADD-AO2,APAC,Jurong Construction Chem,6.7
2024-10-07,ADD-AO2,LATAM,Andes Plastics,2.1
2024-10-14,ADD-AO2,LATAM,Andes Plastics,3.3
2024-10-21,ADD-AO2,LATAM,Andes Plastics,2.3
2024-10-28,ADD-AO2,LATAM,Andes Plastics,2.1
2024-11-04,ADD-AO2,LATAM,Andes Plastics,2.9
2024-11-11,ADD-AO2,LATAM,Andes Plastics,2.9
2024-11-18,ADD-AO2,LATAM,Andes Plastics,2.8
2024-11-25,ADD-AO2,LATAM,Andes Plastics,3.2
2024-12-02,ADD-AO2,LATAM,Andes Plastics,3.3
2024-12-09,ADD-AO2,LATAM,Andes Plastics,3.7
2024-12-16,ADD-AO2,LATAM,Andes Plastics,2.0
2024-12-23,ADD-AO2,LATAM,Andes Plastics,3.7
2024-12-30,ADD-AO2,LATAM,Andes Plastics,4.0
2025-01-06,ADD-AO2,LATAM,Andes Plastics,2.5
2025-01-13,ADD-AO2,LATAM,Andes Plastics,1.9
2025-01-20,ADD-AO2,LATAM,Andes Plastics,2.0
2025-01-27,ADD-AO2,LATAM,Andes Plastics,2.5
2025-02-03,ADD-AO2,LATAM,Andes Plastics,4.2
2025-02-10,ADD-AO2,LATAM,Andes Plastics,2.7
2025-02-17,ADD-AO2,LATAM,Andes Plastics,2.3
2025-02-24,ADD-AO2,LATAM,Andes Plastics,2.3
2025-03-03,ADD-AO2,LATAM,Andes Plastics,2.0
2025-03-10,ADD-AO2,LATAM,Andes Plastics,3.3
2025-03-17,ADD-AO2,LATAM,Andes Plastics,2.7
2025-03-24,ADD-AO2,LATAM,Andes Plastics,4.3
2025-03-31,ADD-AO2,LATAM,Andes Plastics,3.1
2025-04-07,ADD-AO2,LATAM,Andes Plastics,3.2
2025-04-14,ADD-AO2,LATAM,Andes Plastics,2.5
2025-04-21,ADD-AO2,LATAM,Andes Plastics,2.1
2025-04-28,ADD-AO2,LATAM,Andes Plastics,2.3
2025-05-05,ADD-AO2,LATAM,Andes Plastics,2.1
2025-05-12,ADD-AO2,LATAM,Andes Plastics,3.4
2025-05-19,ADD-AO2,LATAM,Andes Plastics,2.6
2025-05-26,ADD-AO2,LATAM,Andes Plastics,3.5
2025-06-02,ADD-AO2,LATAM,Andes Plastics,2.9
2025-06-09,ADD-AO2,LATAM,Andes Plastics,2.8
2025-06-16,ADD-AO2,LATAM,Andes Plastics,2.2
2025-06-23,ADD-AO2,LATAM,Andes Plastics,3.1
2025-06-30,ADD-AO2,LATAM,Andes Plastics,2.8
2025-07-07,ADD-AO2,LATAM,Andes Plastics,3.5
2025-07-14,ADD-AO2,LATAM,Andes Plastics,2.5
2025-07-21,ADD-AO2,LATAM,Andes Plastics,3.4
2025-07-28,ADD-AO2,LATAM,Andes Plastics,4.3
2025-08-04,ADD-AO2,LATAM,Andes Plastics,3.2
2025-08-11,ADD-AO2,LATAM,Andes Plastics,3.6
2025-08-18,ADD-AO2,LATAM,Andes Plastics,3.5
2025-08-25,ADD-AO2,LATAM,Andes Plastics,4.7
2025-09-01,ADD-AO2,LATAM,Andes Plastics,3.3
2025-09-08,ADD-AO2,LATAM,Andes Plastics,3.6
2025-09-15,ADD-AO2,LATAM,Andes Plastics,3.0
2025-09-22,ADD-AO2,LATAM,Andes Plastics,2.5
2025-09-29,ADD-AO2,LATAM,Andes Plastics,2.3
2025-10-06,ADD-AO2,LATAM,Andes Plastics,4.0
2025-10-13,ADD-AO2,LATAM,Andes Plastics,2.4
2025-10-20,ADD-AO2,LATAM,Andes Plastics,3.5
2025-10-27,ADD-AO2,LATAM,Andes Plastics,3.2
2025-11-03,ADD-AO2,LATAM,Andes Plastics,3.6
2025-11-10,ADD-AO2,LATAM,Andes Plastics,2.6
2025-11-17,ADD-AO2,LATAM,Andes Plastics,2.4
2025-11-24,ADD-AO2,LATAM,Andes Plastics,3.1
2025-12-01,ADD-AO2,LATAM,Andes Plastics,2.7
2025-12-08,ADD-AO2,LATAM,Andes Plastics,2.1
2025-12-15,ADD-AO2,LATAM,Andes Plastics,4.4
2025-12-22,ADD-AO2,LATAM,Andes Plastics,2.4
2025-12-29,ADD-AO2,LATAM,Andes Plastics,2.3
2026-01-05,ADD-AO2,LATAM,Andes Plastics,2.7
2026-01-12,ADD-AO2,LATAM,Andes Plastics,3.9
2026-01-19,ADD-AO2,LATAM,Andes Plastics,1.8
2026-01-26,ADD-AO2,LATAM,Andes Plastics,3.7
2026-02-02,ADD-AO2,LATAM,Andes Plastics,2.4
2026-02-09,ADD-AO2,LATAM,Andes Plastics,3.1
2026-02-16,ADD-AO2,LATAM,Andes Plastics,2.5
2026-02-23,ADD-AO2,LATAM,Andes Plastics,4.6
2026-03-02,ADD-AO2,LATAM,Andes Plastics,3.0
2026-03-09,ADD-AO2,LATAM,Andes Plastics,2.4
2026-03-16,ADD-AO2,LATAM,Andes Plastics,2.6
2026-03-23,ADD-AO2,LATAM,Andes Plastics,2.9
2026-03-30,ADD-AO2,LATAM,Andes Plastics,2.9
2026-04-06,ADD-AO2,LATAM,Andes Plastics,3.1
2026-04-13,ADD-AO2,LATAM,Andes Plastics,2.9
2026-04-20,ADD-AO2,LATAM,Andes Plastics,2.1
2026-04-27,ADD-AO2,LATAM,Andes Plastics,2.6
2026-05-04,ADD-AO2,LATAM,Andes Plastics,3.2
2026-05-11,ADD-AO2,LATAM,Andes Plastics,2.4
2026-05-18,ADD-AO2,LATAM,Andes Plastics,3.3
2026-05-25,ADD-AO2,LATAM,Andes Plastics,2.9
2026-06-01,ADD-AO2,LATAM,Andes Plastics,2.8
2026-06-08,ADD-AO2,LATAM,Andes Plastics,3.9
2026-06-15,ADD-AO2,LATAM,Andes Plastics,2.1
2026-06-22,ADD-AO2,LATAM,Andes Plastics,2.6
2026-06-29,ADD-AO2,LATAM,Andes Plastics,4.0
2026-07-06,ADD-AO2,LATAM,Andes Plastics,4.6
2026-07-13,ADD-AO2,LATAM,Andes Plastics,5.1
2026-07-20,ADD-AO2,LATAM,Andes Plastics,3.2
2026-07-27,ADD-AO2,LATAM,Andes Plastics,3.5
2026-08-03,ADD-AO2,LATAM,Andes Plastics,3.8
2026-08-10,ADD-AO2,LATAM,Andes Plastics,4.2
2026-08-17,ADD-AO2,LATAM,Andes Plastics,3.4
2026-08-24,ADD-AO2,LATAM,Andes Plastics,3.9
2026-08-31,ADD-AO2,LATAM,Andes Plastics,3.4
2026-09-07,ADD-AO2,LATAM,Andes Plastics,3.4
2026-09-14,ADD-AO2,LATAM,Andes Plastics,2.4
2026-09-21,ADD-AO2,LATAM,Andes Plastics,2.6
2026-09-28,ADD-AO2,LATAM,Andes Plastics,2.5
2024-10-07,ADD-AO2,LATAM,Brasil Tintas,1.5
2024-10-14,ADD-AO2,LATAM,Brasil Tintas,1.3
2024-10-21,ADD-AO2,LATAM,Brasil Tintas,1.7
2024-10-28,ADD-AO2,LATAM,Brasil Tintas,1.8
2024-11-04,ADD-AO2,LATAM,Brasil Tintas,1.9
2024-11-11,ADD-AO2,LATAM,Brasil Tintas,2.1
2024-11-18,ADD-AO2,LATAM,Brasil Tintas,1.9
2024-11-25,ADD-AO2,LATAM,Brasil Tintas,1.7
2024-12-02,ADD-AO2,LATAM,Brasil Tintas,1.5
2024-12-09,ADD-AO2,LATAM,Brasil Tintas,2.2
2024-12-16,ADD-AO2,LATAM,Brasil Tintas,1.7
2024-12-23,ADD-AO2,LATAM,Brasil Tintas,1.6
2024-12-30,ADD-AO2,LATAM,Brasil Tintas,1.7
2025-01-06,ADD-AO2,LATAM,Brasil Tintas,1.5
2025-01-13,ADD-AO2,LATAM,Brasil Tintas,1.6
2025-01-20,ADD-AO2,LATAM,Brasil Tintas,1.6
2025-01-27,ADD-AO2,LATAM,Brasil Tintas,1.7
2025-02-03,ADD-AO2,LATAM,Brasil Tintas,2.1
2025-02-10,ADD-AO2,LATAM,Brasil Tintas,2.0
2025-02-17,ADD-AO2,LATAM,Brasil Tintas,2.5
2025-02-24,ADD-AO2,LATAM,Brasil Tintas,2.3
2025-03-03,ADD-AO2,LATAM,Brasil Tintas,2.8
2025-03-10,ADD-AO2,LATAM,Brasil Tintas,2.1
2025-03-17,ADD-AO2,LATAM,Brasil Tintas,2.1
2025-03-24,ADD-AO2,LATAM,Brasil Tintas,1.6
2025-03-31,ADD-AO2,LATAM,Brasil Tintas,2.2
2025-04-07,ADD-AO2,LATAM,Brasil Tintas,1.6
2025-04-14,ADD-AO2,LATAM,Brasil Tintas,1.3
2025-04-21,ADD-AO2,LATAM,Brasil Tintas,2.5
2025-04-28,ADD-AO2,LATAM,Brasil Tintas,1.4
2025-05-05,ADD-AO2,LATAM,Brasil Tintas,2.1
2025-05-12,ADD-AO2,LATAM,Brasil Tintas,1.5
2025-05-19,ADD-AO2,LATAM,Brasil Tintas,2.4
2025-05-26,ADD-AO2,LATAM,Brasil Tintas,2.5
2025-06-02,ADD-AO2,LATAM,Brasil Tintas,2.2
2025-06-09,ADD-AO2,LATAM,Brasil Tintas,2.6
2025-06-16,ADD-AO2,LATAM,Brasil Tintas,1.9
2025-06-23,ADD-AO2,LATAM,Brasil Tintas,3.2
2025-06-30,ADD-AO2,LATAM,Brasil Tintas,2.3
2025-07-07,ADD-AO2,LATAM,Brasil Tintas,1.6
2025-07-14,ADD-AO2,LATAM,Brasil Tintas,2.0
2025-07-21,ADD-AO2,LATAM,Brasil Tintas,1.9
2025-07-28,ADD-AO2,LATAM,Brasil Tintas,1.9
2025-08-04,ADD-AO2,LATAM,Brasil Tintas,1.4
2025-08-11,ADD-AO2,LATAM,Brasil Tintas,2.2
2025-08-18,ADD-AO2,LATAM,Brasil Tintas,1.5
2025-08-25,ADD-AO2,LATAM,Brasil Tintas,1.2
2025-09-01,ADD-AO2,LATAM,Brasil Tintas,1.9
2025-09-08,ADD-AO2,LATAM,Brasil Tintas,1.8
2025-09-15,ADD-AO2,LATAM,Brasil Tintas,1.7
2025-09-22,ADD-AO2,LATAM,Brasil Tintas,1.0
2025-09-29,ADD-AO2,LATAM,Brasil Tintas,1.7
2025-10-06,ADD-AO2,LATAM,Brasil Tintas,1.9
2025-10-13,ADD-AO2,LATAM,Brasil Tintas,1.8
2025-10-20,ADD-AO2,LATAM,Brasil Tintas,2.2
2025-10-27,ADD-AO2,LATAM,Brasil Tintas,2.7
2025-11-03,ADD-AO2,LATAM,Brasil Tintas,2.2
2025-11-10,ADD-AO2,LATAM,Brasil Tintas,2.5
2025-11-17,ADD-AO2,LATAM,Brasil Tintas,2.5
2025-11-24,ADD-AO2,LATAM,Brasil Tintas,1.5
2025-12-01,ADD-AO2,LATAM,Brasil Tintas,2.1
2025-12-08,ADD-AO2,LATAM,Brasil Tintas,2.4
2025-12-15,ADD-AO2,LATAM,Brasil Tintas,1.7
2025-12-22,ADD-AO2,LATAM,Brasil Tintas,1.6
2025-12-29,ADD-AO2,LATAM,Brasil Tintas,2.2
2026-01-05,ADD-AO2,LATAM,Brasil Tintas,1.4
2026-01-12,ADD-AO2,LATAM,Brasil Tintas,1.6
2026-01-19,ADD-AO2,LATAM,Brasil Tintas,1.7
2026-01-26,ADD-AO2,LATAM,Brasil Tintas,2.1
2026-02-02,ADD-AO2,LATAM,Brasil Tintas,2.1
2026-02-09,ADD-AO2,LATAM,Brasil Tintas,2.4
2026-02-16,ADD-AO2,LATAM,Brasil Tintas,1.6
2026-02-23,ADD-AO2,LATAM,Brasil Tintas,1.6
2026-03-02,ADD-AO2,LATAM,Brasil Tintas,2.2
2026-03-09,ADD-AO2,LATAM,Brasil Tintas,1.6
2026-03-16,ADD-AO2,LATAM,Brasil Tintas,1.7
2026-03-23,ADD-AO2,LATAM,Brasil Tintas,1.3
2026-03-30,ADD-AO2,LATAM,Brasil Tintas,2.0
2026-04-06,ADD-AO2,LATAM,Brasil Tintas,2.7
2026-04-13,ADD-AO2,LATAM,Brasil Tintas,1.6
2026-04-20,ADD-AO2,LATAM,Brasil Tintas,2.4
2026-04-27,ADD-AO2,LATAM,Brasil Tintas,1.9
2026-05-04,ADD-AO2,LATAM,Brasil Tintas,1.3
2026-05-11,ADD-AO2,LATAM,Brasil Tintas,1.6
2026-05-18,ADD-AO2,LATAM,Brasil Tintas,1.6
2026-05-25,ADD-AO2,LATAM,Brasil Tintas,1.8
2026-06-01,ADD-AO2,LATAM,Brasil Tintas,2.2
2026-06-08,ADD-AO2,LATAM,Brasil Tintas,3.0
2026-06-15,ADD-AO2,LATAM,Brasil Tintas,1.5
2026-06-22,ADD-AO2,LATAM,Brasil Tintas,1.9
2026-06-29,ADD-AO2,LATAM,Brasil Tintas,1.7
2026-07-06,ADD-AO2,LATAM,Brasil Tintas,1.6
2026-07-13,ADD-AO2,LATAM,Brasil Tintas,2.1
2026-07-20,ADD-AO2,LATAM,Brasil Tintas,2.1
2026-07-27,ADD-AO2,LATAM,Brasil Tintas,1.4
2026-08-03,ADD-AO2,LATAM,Brasil Tintas,2.1
2026-08-10,ADD-AO2,LATAM,Brasil Tintas,1.6
2026-08-17,ADD-AO2,LATAM,Brasil Tintas,2.1
2026-08-24,ADD-AO2,LATAM,Brasil Tintas,2.8
2026-08-31,ADD-AO2,LATAM,Brasil Tintas,2.3
2026-09-07,ADD-AO2,LATAM,Brasil Tintas,2.1
2026-09-14,ADD-AO2,LATAM,Brasil Tintas,1.8
2026-09-21,ADD-AO2,LATAM,Brasil Tintas,1.9
2026-09-28,ADD-AO2,LATAM,Brasil Tintas,2.1
2024-10-07,ADD-AO2,LATAM,Mexico Industrial,3.0
2024-10-14,ADD-AO2,LATAM,Mexico Industrial,2.6
2024-10-21,ADD-AO2,LATAM,Mexico Industrial,2.8
2024-10-28,ADD-AO2,LATAM,Mexico Industrial,2.0
2024-11-04,ADD-AO2,LATAM,Mexico Industrial,2.2
2024-11-11,ADD-AO2,LATAM,Mexico Industrial,3.1
2024-11-18,ADD-AO2,LATAM,Mexico Industrial,3.1
2024-11-25,ADD-AO2,LATAM,Mexico Industrial,2.6
2024-12-02,ADD-AO2,LATAM,Mexico Industrial,3.5
2024-12-09,ADD-AO2,LATAM,Mexico Industrial,2.8
2024-12-16,ADD-AO2,LATAM,Mexico Industrial,2.4
2024-12-23,ADD-AO2,LATAM,Mexico Industrial,1.9
2024-12-30,ADD-AO2,LATAM,Mexico Industrial,3.4
2025-01-06,ADD-AO2,LATAM,Mexico Industrial,3.0
2025-01-13,ADD-AO2,LATAM,Mexico Industrial,3.7
2025-01-20,ADD-AO2,LATAM,Mexico Industrial,4.1
2025-01-27,ADD-AO2,LATAM,Mexico Industrial,2.0
2025-02-03,ADD-AO2,LATAM,Mexico Industrial,1.9
2025-02-10,ADD-AO2,LATAM,Mexico Industrial,1.3
2025-02-17,ADD-AO2,LATAM,Mexico Industrial,3.0
2025-02-24,ADD-AO2,LATAM,Mexico Industrial,2.9
2025-03-03,ADD-AO2,LATAM,Mexico Industrial,2.6
2025-03-10,ADD-AO2,LATAM,Mexico Industrial,2.0
2025-03-17,ADD-AO2,LATAM,Mexico Industrial,2.5
2025-03-24,ADD-AO2,LATAM,Mexico Industrial,2.6
2025-03-31,ADD-AO2,LATAM,Mexico Industrial,3.0
2025-04-07,ADD-AO2,LATAM,Mexico Industrial,2.7
2025-04-14,ADD-AO2,LATAM,Mexico Industrial,2.9
2025-04-21,ADD-AO2,LATAM,Mexico Industrial,2.5
2025-04-28,ADD-AO2,LATAM,Mexico Industrial,3.4
2025-05-05,ADD-AO2,LATAM,Mexico Industrial,3.0
2025-05-12,ADD-AO2,LATAM,Mexico Industrial,2.0
2025-05-19,ADD-AO2,LATAM,Mexico Industrial,3.6
2025-05-26,ADD-AO2,LATAM,Mexico Industrial,3.5
2025-06-02,ADD-AO2,LATAM,Mexico Industrial,3.0
2025-06-09,ADD-AO2,LATAM,Mexico Industrial,2.9
2025-06-16,ADD-AO2,LATAM,Mexico Industrial,3.9
2025-06-23,ADD-AO2,LATAM,Mexico Industrial,1.9
2025-06-30,ADD-AO2,LATAM,Mexico Industrial,3.6
2025-07-07,ADD-AO2,LATAM,Mexico Industrial,2.4
2025-07-14,ADD-AO2,LATAM,Mexico Industrial,3.5
2025-07-21,ADD-AO2,LATAM,Mexico Industrial,2.9
2025-07-28,ADD-AO2,LATAM,Mexico Industrial,2.1
2025-08-04,ADD-AO2,LATAM,Mexico Industrial,2.5
2025-08-11,ADD-AO2,LATAM,Mexico Industrial,3.6
2025-08-18,ADD-AO2,LATAM,Mexico Industrial,2.8
2025-08-25,ADD-AO2,LATAM,Mexico Industrial,2.5
2025-09-01,ADD-AO2,LATAM,Mexico Industrial,2.5
2025-09-08,ADD-AO2,LATAM,Mexico Industrial,3.3
2025-09-15,ADD-AO2,LATAM,Mexico Industrial,4.2
2025-09-22,ADD-AO2,LATAM,Mexico Industrial,1.8
2025-09-29,ADD-AO2,LATAM,Mexico Industrial,5.2
2025-10-06,ADD-AO2,LATAM,Mexico Industrial,2.9
2025-10-13,ADD-AO2,LATAM,Mexico Industrial,3.2
2025-10-20,ADD-AO2,LATAM,Mexico Industrial,2.5
2025-10-27,ADD-AO2,LATAM,Mexico Industrial,2.7
2025-11-03,ADD-AO2,LATAM,Mexico Industrial,2.9
2025-11-10,ADD-AO2,LATAM,Mexico Industrial,2.2
2025-11-17,ADD-AO2,LATAM,Mexico Industrial,2.2
2025-11-24,ADD-AO2,LATAM,Mexico Industrial,3.4
2025-12-01,ADD-AO2,LATAM,Mexico Industrial,1.9
2025-12-08,ADD-AO2,LATAM,Mexico Industrial,2.9
2025-12-15,ADD-AO2,LATAM,Mexico Industrial,2.5
2025-12-22,ADD-AO2,LATAM,Mexico Industrial,2.2
2025-12-29,ADD-AO2,LATAM,Mexico Industrial,4.2
2026-01-05,ADD-AO2,LATAM,Mexico Industrial,2.2
2026-01-12,ADD-AO2,LATAM,Mexico Industrial,2.2
2026-01-19,ADD-AO2,LATAM,Mexico Industrial,2.6
2026-01-26,ADD-AO2,LATAM,Mexico Industrial,2.3
2026-02-02,ADD-AO2,LATAM,Mexico Industrial,2.7
2026-02-09,ADD-AO2,LATAM,Mexico Industrial,2.8
2026-02-16,ADD-AO2,LATAM,Mexico Industrial,2.9
2026-02-23,ADD-AO2,LATAM,Mexico Industrial,2.7
2026-03-02,ADD-AO2,LATAM,Mexico Industrial,2.3
2026-03-09,ADD-AO2,LATAM,Mexico Industrial,3.1
2026-03-16,ADD-AO2,LATAM,Mexico Industrial,2.6
2026-03-23,ADD-AO2,LATAM,Mexico Industrial,2.4
2026-03-30,ADD-AO2,LATAM,Mexico Industrial,3.7
2026-04-06,ADD-AO2,LATAM,Mexico Industrial,2.6
2026-04-13,ADD-AO2,LATAM,Mexico Industrial,3.5
2026-04-20,ADD-AO2,LATAM,Mexico Industrial,3.5
2026-04-27,ADD-AO2,LATAM,Mexico Industrial,3.5
2026-05-04,ADD-AO2,LATAM,Mexico Industrial,3.1
2026-05-11,ADD-AO2,LATAM,Mexico Industrial,2.7
2026-05-18,ADD-AO2,LATAM,Mexico Industrial,2.7
2026-05-25,ADD-AO2,LATAM,Mexico Industrial,2.6
2026-06-01,ADD-AO2,LATAM,Mexico Industrial,1.7
2026-06-08,ADD-AO2,LATAM,Mexico Industrial,3.3
2026-06-15,ADD-AO2,LATAM,Mexico Industrial,3.0
2026-06-22,ADD-AO2,LATAM,Mexico Industrial,3.5
2026-06-29,ADD-AO2,LATAM,Mexico Industrial,2.8
2026-07-06,ADD-AO2,LATAM,Mexico Industrial,3.3
2026-07-13,ADD-AO2,LATAM,Mexico Industrial,2.2
2026-07-20,ADD-AO2,LATAM,Mexico Industrial,2.3
2026-07-27,ADD-AO2,LATAM,Mexico Industrial,1.7
2026-08-03,ADD-AO2,LATAM,Mexico Industrial,2.9
2026-08-10,ADD-AO2,LATAM,Mexico Industrial,2.5
2026-08-17,ADD-AO2,LATAM,Mexico Industrial,2.4
2026-08-24,ADD-AO2,LATAM,Mexico Industrial,3.2
2026-08-31,ADD-AO2,LATAM,Mexico Industrial,2.6
2026-09-07,ADD-AO2,LATAM,Mexico Industrial,2.1
2026-09-14,ADD-AO2,LATAM,Mexico Industrial,4.8
2026-09-21,ADD-AO2,LATAM,Mexico Industrial,2.6
2026-09-28,ADD-AO2,LATAM,Mexico Industrial,2.1
